# Pieza del taladro — metros, ejes MuJoCo (generado por preparar_taladro.py)
v 0.000278 -0.013602 -0.072336
v 0.014060 -0.011782 -0.074275
v 0.012617 -0.011975 -0.075065
v 0.014826 -0.011919 -0.073004
v 0.002475 -0.012991 -0.074963
v 0.000829 -0.013215 -0.073994
v 0.013582 -0.015470 -0.051422
v 0.014211 -0.015254 -0.052105
v 0.012575 -0.015576 -0.051056
v 0.002304 -0.016502 -0.052128
v 0.002880 -0.016573 -0.051290
v 0.003655 -0.016551 -0.050883
v 0.000994 -0.016109 -0.057573
v 0.015210 -0.014621 -0.057574
v 0.007360 -0.012191 -0.075315
v 0.008140 -0.016283 -0.050890
v 0.000174 -0.014400 -0.069534
v 0.015324 -0.012549 -0.069792
v 0.015561 -0.013369 -0.065903
v 0.000319 -0.015247 -0.065898
v 0.015650 -0.013813 -0.062799
v 0.000438 -0.015592 -0.062796
v 0.015440 -0.014321 -0.059966
v 0.000718 -0.015982 -0.059965
v 0.014796 -0.014996 -0.054882
v 0.001589 -0.016375 -0.054824
v 0.015029 -0.013006 -0.057630
v 0.015259 -0.012622 -0.060033
v 0.000392 -0.012222 -0.072313
v 0.000203 -0.012890 -0.069545
v 0.000443 -0.014094 -0.062795
v 0.000648 -0.014392 -0.059893
v 0.014070 -0.013752 -0.052252
v 0.014659 -0.013477 -0.054985
v 0.013740 -0.010402 -0.073943
v 0.012526 -0.010595 -0.074755
v 0.014263 -0.010395 -0.073034
v 0.015236 -0.011686 -0.066074
v 0.014914 -0.010935 -0.069937
v 0.007390 -0.011088 -0.074920
v 0.002579 -0.011610 -0.074602
v 0.001048 -0.011834 -0.073801
v 0.013580 -0.014025 -0.051428
v 0.002212 -0.015122 -0.052092
v 0.003626 -0.015171 -0.050748
v 0.000989 -0.014523 -0.057502
v 0.001542 -0.014899 -0.054795
v 0.008143 -0.014903 -0.050718
v 0.000284 -0.013619 -0.065880
v 0.015353 -0.012122 -0.062981
v 0.002725 -0.015171 -0.051226
v 0.012678 -0.014212 -0.050981
v 0.000695 -0.014114 -0.072165
v 0.000623 -0.014755 -0.069466
v 0.000732 -0.015425 -0.065914
v 0.000854 -0.015826 -0.062811
v 0.001135 -0.016140 -0.059970
v 0.001382 -0.016345 -0.057579
v 0.001917 -0.016572 -0.054954
v 0.002554 -0.016753 -0.052374
v 0.003102 -0.016819 -0.051583
v 0.003866 -0.016818 -0.051172
v 0.008133 -0.016539 -0.051183
v 0.012364 -0.015966 -0.051303
v 0.013362 -0.015773 -0.051659
v 0.013952 -0.015602 -0.052387
v 0.014407 -0.015285 -0.054990
v 0.014788 -0.014919 -0.057583
v 0.014989 -0.014594 -0.059974
v 0.015194 -0.014120 -0.062811
v 0.015120 -0.013673 -0.065916
v 0.014984 -0.012971 -0.069669
v 0.014532 -0.012460 -0.072582
v 0.013819 -0.012314 -0.073902
v 0.012361 -0.012498 -0.074655
v 0.007467 -0.013038 -0.074918
v 0.002778 -0.013439 -0.074596
v 0.001250 -0.013695 -0.073724
v 0.015306 -0.014110 -0.057570
v 0.014883 -0.014517 -0.054888
v 0.014225 -0.014789 -0.052123
v 0.013622 -0.015027 -0.051370
v 0.012614 -0.015161 -0.050999
v 0.008142 -0.015865 -0.050795
v 0.003635 -0.016134 -0.050795
v 0.002793 -0.016150 -0.051227
v 0.002229 -0.016085 -0.052098
v 0.001532 -0.015933 -0.054791
v 0.000955 -0.015633 -0.057534
v 0.000620 -0.015509 -0.059929
v 0.000395 -0.015143 -0.062789
v 0.000226 -0.014757 -0.065887
v 0.000119 -0.013938 -0.069537
v 0.000276 -0.013176 -0.072336
v 0.000828 -0.012775 -0.073990
v 0.002480 -0.012545 -0.074932
v 0.007369 -0.011851 -0.075204
v 0.012614 -0.011526 -0.075062
v 0.014026 -0.011332 -0.074238
v 0.014734 -0.011426 -0.073040
v 0.015363 -0.012021 -0.069845
v 0.015660 -0.012812 -0.065957
v 0.015737 -0.013266 -0.062848
v 0.015575 -0.013777 -0.059968
v 0.004985 -0.011349 -0.074761
v 0.004924 -0.012198 -0.075068
v 0.004917 -0.012591 -0.075139
v 0.005122 -0.013239 -0.074757
v 0.006000 -0.016679 -0.051177
v 0.005898 -0.016417 -0.050886
v 0.005889 -0.016000 -0.050795
v 0.005885 -0.015037 -0.050733
v 0.010411 -0.014557 -0.050849
v 0.010378 -0.015513 -0.050897
v 0.010357 -0.015929 -0.050973
v 0.010249 -0.016253 -0.051243
v 0.009914 -0.012768 -0.074786
v 0.009988 -0.012083 -0.075190
v 0.009991 -0.011688 -0.075133
v 0.009958 -0.010841 -0.074837
v 0.011268 -0.014963 -0.059897
v 0.011267 -0.015199 -0.057514
v 0.009585 -0.015392 -0.057513
v 0.009584 -0.015159 -0.059898
v 0.007900 -0.015356 -0.059904
v 0.007881 -0.015587 -0.057517
v 0.004498 -0.015638 -0.059896
v 0.004505 -0.015870 -0.057511
v 0.011240 -0.013252 -0.070829
v 0.004108 -0.014024 -0.070893
v 0.007691 -0.013731 -0.070878
v 0.009476 -0.013494 -0.070837
v 0.011273 -0.015572 -0.053707
v 0.004606 -0.016249 -0.053497
v 0.009611 -0.015763 -0.053643
v 0.007948 -0.015952 -0.053616
v 0.011249 -0.013706 -0.068787
v 0.007761 -0.014177 -0.068836
v 0.009511 -0.013945 -0.068793
v 0.004243 -0.014461 -0.068843
v 0.004556 -0.016068 -0.055404
v 0.009565 -0.015592 -0.055429
v 0.007924 -0.015776 -0.055457
v 0.011201 -0.015409 -0.055401
v 0.005900 -0.013878 -0.070885
v 0.005997 -0.014318 -0.068845
v 0.006187 -0.015497 -0.059902
v 0.006189 -0.015729 -0.057513
v 0.006226 -0.015923 -0.055432
v 0.006263 -0.016100 -0.053570
v 0.011256 -0.014249 -0.065810
v 0.009555 -0.014470 -0.065826
v 0.007840 -0.014691 -0.065850
v 0.006113 -0.014827 -0.065856
v 0.004396 -0.014962 -0.065863
v 0.011261 -0.014661 -0.062732
v 0.009580 -0.014870 -0.062725
v 0.007888 -0.015077 -0.062742
v 0.006184 -0.015213 -0.062746
v 0.004493 -0.015350 -0.062728
v 0.013363 -0.014545 -0.059891
v 0.013433 -0.014589 -0.059898
v 0.013282 -0.014880 -0.057517
v 0.013212 -0.014834 -0.057511
v 0.002706 -0.015708 -0.059903
v 0.002764 -0.015649 -0.059902
v 0.002926 -0.015871 -0.057521
v 0.002867 -0.015930 -0.057519
v 0.013094 -0.012853 -0.070881
v 0.013024 -0.012813 -0.070857
v 0.012550 -0.012617 -0.072220
v 0.012607 -0.012655 -0.072276
v 0.011271 -0.012762 -0.072722
v 0.011282 -0.012804 -0.072795
v 0.002409 -0.013976 -0.071065
v 0.002350 -0.014032 -0.071085
v 0.002787 -0.013714 -0.072341
v 0.002833 -0.013665 -0.072285
v 0.003905 -0.013532 -0.072855
v 0.003909 -0.013491 -0.072782
v 0.007546 -0.013218 -0.072783
v 0.007548 -0.013259 -0.072855
v 0.009420 -0.013032 -0.072820
v 0.009415 -0.012991 -0.072748
v 0.011445 -0.015677 -0.052492
v 0.011429 -0.015616 -0.052548
v 0.012310 -0.015463 -0.052693
v 0.012360 -0.015520 -0.052645
v 0.012636 -0.015345 -0.053401
v 0.012703 -0.015394 -0.053389
v 0.003499 -0.016316 -0.053287
v 0.003554 -0.016255 -0.053307
v 0.003943 -0.016303 -0.052757
v 0.003902 -0.016366 -0.052715
v 0.004510 -0.016305 -0.052434
v 0.004508 -0.016368 -0.052377
v 0.009705 -0.015817 -0.052518
v 0.009716 -0.015878 -0.052463
v 0.007971 -0.016082 -0.052426
v 0.007964 -0.016020 -0.052482
v 0.013304 -0.013203 -0.069024
v 0.013232 -0.013161 -0.069010
v 0.002431 -0.014433 -0.068952
v 0.002372 -0.014491 -0.068965
v 0.003174 -0.016124 -0.055254
v 0.003233 -0.016065 -0.055259
v 0.012949 -0.015082 -0.055227
v 0.013018 -0.015129 -0.055225
v 0.005726 -0.013356 -0.072778
v 0.005725 -0.013397 -0.072851
v 0.006238 -0.016225 -0.052403
v 0.006234 -0.016163 -0.052458
v 0.013561 -0.013768 -0.065813
v 0.013490 -0.013725 -0.065803
v 0.002447 -0.014969 -0.065822
v 0.002388 -0.015028 -0.065828
v 0.013592 -0.014200 -0.062724
v 0.013520 -0.014156 -0.062720
v 0.002601 -0.015362 -0.062737
v 0.002543 -0.015422 -0.062741
v 0.011444 -0.013263 -0.073046
v 0.011388 -0.013261 -0.072950
v 0.011350 -0.013179 -0.072889
v 0.012808 -0.013103 -0.072515
v 0.012740 -0.013106 -0.072424
v 0.012691 -0.013025 -0.072365
v 0.013310 -0.013298 -0.071123
v 0.013230 -0.013300 -0.071029
v 0.013175 -0.013213 -0.070967
v 0.013566 -0.013660 -0.069138
v 0.013461 -0.013657 -0.069128
v 0.013396 -0.013577 -0.069107
v 0.003844 -0.014007 -0.073119
v 0.003902 -0.013996 -0.073024
v 0.003923 -0.013908 -0.072960
v 0.005718 -0.013865 -0.073130
v 0.005749 -0.013858 -0.073026
v 0.005755 -0.013774 -0.072959
v 0.002678 -0.014196 -0.072578
v 0.002759 -0.014183 -0.072499
v 0.002793 -0.014097 -0.072444
v 0.002229 -0.014524 -0.071285
v 0.002315 -0.014503 -0.071223
v 0.002352 -0.014411 -0.071177
v 0.012918 -0.015891 -0.053353
v 0.012830 -0.015869 -0.053410
v 0.012777 -0.015777 -0.053427
v 0.012566 -0.016017 -0.052574
v 0.012478 -0.015995 -0.052647
v 0.012425 -0.015899 -0.052672
v 0.011624 -0.016181 -0.052397
v 0.011546 -0.016154 -0.052484
v 0.011499 -0.016051 -0.052516
v 0.003814 -0.016895 -0.052635
v 0.003879 -0.016858 -0.052713
v 0.003906 -0.016759 -0.052741
v 0.003383 -0.016843 -0.053222
v 0.003467 -0.016807 -0.053289
v 0.003502 -0.016706 -0.053313
v 0.004450 -0.016896 -0.052275
v 0.004505 -0.016858 -0.052366
v 0.004525 -0.016755 -0.052400
v 0.003028 -0.016649 -0.055275
v 0.003127 -0.016616 -0.055290
v 0.003170 -0.016520 -0.055289
v 0.009838 -0.016394 -0.052353
v 0.009790 -0.016363 -0.052448
v 0.009760 -0.016263 -0.052484
v 0.002723 -0.016456 -0.057550
v 0.002823 -0.016423 -0.057558
v 0.002865 -0.016327 -0.057555
v 0.002566 -0.016236 -0.059943
v 0.002665 -0.016201 -0.059947
v 0.002707 -0.016105 -0.059941
v 0.013528 -0.015363 -0.057573
v 0.013423 -0.015352 -0.057568
v 0.013362 -0.015267 -0.057557
v 0.013259 -0.015617 -0.055254
v 0.013155 -0.015603 -0.055264
v 0.013094 -0.015517 -0.055261
v 0.007593 -0.013727 -0.073132
v 0.007596 -0.013721 -0.073027
v 0.007589 -0.013640 -0.072961
v 0.009520 -0.013493 -0.073093
v 0.009493 -0.013491 -0.072990
v 0.009471 -0.013410 -0.072923
v 0.008046 -0.016608 -0.052314
v 0.008033 -0.016572 -0.052413
v 0.008019 -0.016474 -0.052450
v 0.006246 -0.016752 -0.052288
v 0.006268 -0.016714 -0.052387
v 0.006270 -0.016613 -0.052425
v 0.002231 -0.015001 -0.069090
v 0.002329 -0.014974 -0.069057
v 0.002371 -0.014881 -0.069027
v 0.013825 -0.014233 -0.065898
v 0.013720 -0.014228 -0.065890
v 0.013655 -0.014147 -0.065873
v 0.013853 -0.014671 -0.062786
v 0.013748 -0.014664 -0.062787
v 0.013684 -0.014581 -0.062777
v 0.002248 -0.015550 -0.065898
v 0.002347 -0.015518 -0.065891
v 0.002390 -0.015422 -0.065878
v 0.013687 -0.015068 -0.059960
v 0.013582 -0.015059 -0.059954
v 0.013520 -0.014975 -0.059942
v 0.002404 -0.015948 -0.062786
v 0.002503 -0.015914 -0.062787
v 0.002545 -0.015818 -0.062778
v 0.012596 -0.013058 -0.070928
v 0.012596 -0.012906 -0.070956
v 0.012596 -0.012937 -0.070761
v 0.012596 -0.013058 -0.070790
v 0.012596 -0.013087 -0.070859
v 0.012540 -0.013117 -0.070986
v 0.012540 -0.012905 -0.071039
v 0.012540 -0.012966 -0.070678
v 0.012540 -0.013117 -0.070731
v 0.012540 -0.013170 -0.070859
v 0.012458 -0.013156 -0.071025
v 0.012458 -0.012916 -0.071094
v 0.012458 -0.012989 -0.070623
v 0.012458 -0.013174 -0.070692
v 0.012458 -0.013225 -0.070859
v 0.012360 -0.013191 -0.071039
v 0.012360 -0.012932 -0.071113
v 0.012360 -0.012989 -0.070604
v 0.012360 -0.013209 -0.070678
v 0.012360 -0.013266 -0.070859
v 0.003132 -0.014237 -0.071039
v 0.003132 -0.013971 -0.071113
v 0.003132 -0.014039 -0.070604
v 0.003132 -0.014237 -0.070678
v 0.003132 -0.014312 -0.070859
v 0.003035 -0.014224 -0.071025
v 0.003035 -0.013972 -0.071094
v 0.003035 -0.014039 -0.070623
v 0.003035 -0.014224 -0.070692
v 0.003035 -0.014293 -0.070859
v 0.002952 -0.014185 -0.070986
v 0.002952 -0.013980 -0.071039
v 0.002952 -0.014035 -0.070678
v 0.002952 -0.014185 -0.070731
v 0.002952 -0.014237 -0.070859
v 0.002897 -0.014126 -0.070928
v 0.002897 -0.013992 -0.070956
v 0.002897 -0.014022 -0.070761
v 0.002897 -0.014126 -0.070790
v 0.002897 -0.014155 -0.070859
v 0.012615 -0.012917 -0.070859
v 0.002877 -0.014011 -0.070859
v 0.007771 -0.013752 -0.070604
v 0.007771 -0.013941 -0.070678
v 0.007771 -0.014016 -0.070859
v 0.007771 -0.013941 -0.071039
v 0.007771 -0.013661 -0.071113
v 0.009691 -0.013469 -0.070604
v 0.009691 -0.013659 -0.070678
v 0.009691 -0.013732 -0.070859
v 0.009691 -0.013659 -0.071039
v 0.009691 -0.013377 -0.071113
v 0.011200 -0.013256 -0.070604
v 0.011200 -0.013446 -0.070678
v 0.011200 -0.013520 -0.070859
v 0.011200 -0.013446 -0.071039
v 0.011200 -0.013165 -0.071113
v 0.005645 -0.013929 -0.070604
v 0.005645 -0.014122 -0.070678
v 0.005645 -0.014197 -0.070859
v 0.005645 -0.014122 -0.071039
v 0.005645 -0.013843 -0.071113
v 0.011780 -0.013148 -0.070604
v 0.011780 -0.013337 -0.070678
v 0.011780 -0.013411 -0.070859
v 0.011780 -0.013337 -0.071039
v 0.011780 -0.013056 -0.071113
v 0.004292 -0.014016 -0.070604
v 0.004292 -0.014210 -0.070678
v 0.004292 -0.014285 -0.070859
v 0.004292 -0.014210 -0.071039
v 0.004292 -0.013930 -0.071113
v 0.003712 -0.014022 -0.070604
v 0.003712 -0.014203 -0.070678
v 0.003712 -0.014295 -0.070859
v 0.003712 -0.014221 -0.071039
v 0.003712 -0.013953 -0.071113
v 0.012070 -0.013085 -0.070604
v 0.012070 -0.013274 -0.070678
v 0.012070 -0.013348 -0.070859
v 0.012070 -0.013274 -0.071039
v 0.012070 -0.012993 -0.071113
v 0.012548 -0.012921 -0.070937
v 0.012505 -0.012915 -0.071000
v 0.012550 -0.012951 -0.070785
v 0.012505 -0.012973 -0.070718
v 0.012439 -0.012923 -0.071044
v 0.012437 -0.012993 -0.070673
v 0.012356 -0.012937 -0.071060
v 0.012355 -0.012991 -0.070657
v 0.012071 -0.012999 -0.071060
v 0.012071 -0.013085 -0.070658
v 0.003137 -0.013977 -0.071060
v 0.003055 -0.013979 -0.071045
v 0.003137 -0.014040 -0.070657
v 0.003055 -0.014042 -0.070673
v 0.002989 -0.013990 -0.071002
v 0.002988 -0.014042 -0.070717
v 0.002945 -0.014007 -0.070938
v 0.002944 -0.014036 -0.070783
v 0.012564 -0.012935 -0.070861
v 0.002928 -0.014028 -0.070861
v 0.007771 -0.013753 -0.070658
v 0.005645 -0.013930 -0.070657
v 0.007772 -0.013667 -0.071060
v 0.005646 -0.013849 -0.071060
v 0.009691 -0.013469 -0.070657
v 0.009692 -0.013383 -0.071060
v 0.011200 -0.013256 -0.070657
v 0.011201 -0.013171 -0.071060
v 0.004292 -0.014017 -0.070657
v 0.004292 -0.013937 -0.071060
v 0.011780 -0.013148 -0.070657
v 0.011781 -0.013062 -0.071060
v 0.003712 -0.014023 -0.070657
v 0.003712 -0.013959 -0.071060
v 0.012996 -0.014365 -0.063099
v 0.012996 -0.014213 -0.063127
v 0.012996 -0.014244 -0.062932
v 0.012996 -0.014365 -0.062961
v 0.012996 -0.014394 -0.063030
v 0.012941 -0.014424 -0.063157
v 0.012941 -0.014212 -0.063210
v 0.012941 -0.014273 -0.062849
v 0.012941 -0.014424 -0.062902
v 0.012941 -0.014477 -0.063030
v 0.012858 -0.014463 -0.063196
v 0.012858 -0.014223 -0.063265
v 0.012858 -0.014296 -0.062794
v 0.012858 -0.014482 -0.062863
v 0.012858 -0.014532 -0.063030
v 0.012760 -0.014498 -0.063210
v 0.012760 -0.014239 -0.063285
v 0.012760 -0.014296 -0.062775
v 0.012760 -0.014516 -0.062849
v 0.012760 -0.014573 -0.063030
v 0.003223 -0.015557 -0.063210
v 0.003223 -0.015291 -0.063285
v 0.003223 -0.015358 -0.062775
v 0.003223 -0.015557 -0.062849
v 0.003223 -0.015632 -0.063030
v 0.003126 -0.015543 -0.063196
v 0.003126 -0.015292 -0.063265
v 0.003126 -0.015358 -0.062794
v 0.003126 -0.015543 -0.062863
v 0.003126 -0.015612 -0.063030
v 0.003043 -0.015504 -0.063157
v 0.003043 -0.015299 -0.063210
v 0.003043 -0.015354 -0.062849
v 0.003043 -0.015504 -0.062902
v 0.003043 -0.015557 -0.063030
v 0.002988 -0.015446 -0.063099
v 0.002988 -0.015312 -0.063127
v 0.002988 -0.015341 -0.062932
v 0.002988 -0.015446 -0.062961
v 0.002988 -0.015474 -0.063030
v 0.013015 -0.014225 -0.063030
v 0.002969 -0.015330 -0.063030
v 0.007771 -0.015102 -0.062775
v 0.007771 -0.015291 -0.062849
v 0.007771 -0.015366 -0.063030
v 0.007771 -0.015291 -0.063210
v 0.007771 -0.015011 -0.063285
v 0.010091 -0.014818 -0.062775
v 0.010091 -0.015008 -0.062849
v 0.010091 -0.015082 -0.063030
v 0.010091 -0.015008 -0.063210
v 0.010091 -0.014727 -0.063285
v 0.011601 -0.014573 -0.062775
v 0.011601 -0.014762 -0.062849
v 0.011601 -0.014837 -0.063030
v 0.011601 -0.014762 -0.063210
v 0.011601 -0.014481 -0.063285
v 0.005543 -0.015289 -0.062775
v 0.005543 -0.015482 -0.062849
v 0.005543 -0.015557 -0.063030
v 0.005543 -0.015482 -0.063210
v 0.005543 -0.015203 -0.063285
v 0.012181 -0.014455 -0.062775
v 0.012181 -0.014644 -0.062849
v 0.012181 -0.014719 -0.063030
v 0.012181 -0.014644 -0.063210
v 0.012181 -0.014364 -0.063285
v 0.004383 -0.015347 -0.062775
v 0.004383 -0.015540 -0.062849
v 0.004383 -0.015615 -0.063030
v 0.004383 -0.015540 -0.063210
v 0.004383 -0.015261 -0.063285
v 0.003803 -0.015354 -0.062775
v 0.003803 -0.015535 -0.062849
v 0.003803 -0.015627 -0.063030
v 0.003803 -0.015553 -0.063210
v 0.003803 -0.015285 -0.063285
v 0.012471 -0.014392 -0.062775
v 0.012471 -0.014581 -0.062849
v 0.012471 -0.014655 -0.063030
v 0.012471 -0.014581 -0.063210
v 0.012471 -0.014300 -0.063285
v 0.012949 -0.014229 -0.063108
v 0.012905 -0.014223 -0.063171
v 0.012950 -0.014258 -0.062956
v 0.012906 -0.014281 -0.062890
v 0.012839 -0.014230 -0.063215
v 0.012838 -0.014300 -0.062844
v 0.012756 -0.014244 -0.063231
v 0.012755 -0.014299 -0.062828
v 0.012472 -0.014306 -0.063231
v 0.012471 -0.014392 -0.062829
v 0.003229 -0.015296 -0.063231
v 0.003146 -0.015299 -0.063216
v 0.003229 -0.015359 -0.062828
v 0.003146 -0.015361 -0.062844
v 0.003081 -0.015310 -0.063173
v 0.003080 -0.015361 -0.062888
v 0.003036 -0.015327 -0.063109
v 0.003035 -0.015355 -0.062954
v 0.012965 -0.014242 -0.063032
v 0.003020 -0.015347 -0.063032
v 0.007771 -0.015103 -0.062829
v 0.005543 -0.015290 -0.062829
v 0.007772 -0.015017 -0.063231
v 0.005543 -0.015210 -0.063231
v 0.010091 -0.014818 -0.062829
v 0.010092 -0.014733 -0.063231
v 0.011601 -0.014573 -0.062829
v 0.011602 -0.014487 -0.063231
v 0.004383 -0.015347 -0.062829
v 0.004384 -0.015267 -0.063231
v 0.012181 -0.014455 -0.062829
v 0.012182 -0.014370 -0.063231
v 0.003803 -0.015355 -0.062829
v 0.003804 -0.015291 -0.063231
v 0.012347 -0.015373 -0.055206
v 0.012347 -0.015221 -0.055234
v 0.012347 -0.015252 -0.055039
v 0.012347 -0.015373 -0.055068
v 0.012347 -0.015402 -0.055137
v 0.012292 -0.015432 -0.055264
v 0.012292 -0.015219 -0.055317
v 0.012292 -0.015281 -0.054957
v 0.012292 -0.015432 -0.055009
v 0.012292 -0.015484 -0.055137
v 0.012210 -0.015471 -0.055303
v 0.012210 -0.015231 -0.055372
v 0.012210 -0.015304 -0.054901
v 0.012210 -0.015489 -0.054970
v 0.012210 -0.015540 -0.055137
v 0.012112 -0.015506 -0.055317
v 0.012112 -0.015247 -0.055392
v 0.012112 -0.015304 -0.054882
v 0.012112 -0.015524 -0.054957
v 0.012112 -0.015581 -0.055137
v 0.003874 -0.016320 -0.055319
v 0.003874 -0.016054 -0.055394
v 0.003874 -0.016122 -0.054884
v 0.003874 -0.016320 -0.054959
v 0.003874 -0.016395 -0.055139
v 0.003776 -0.016307 -0.055306
v 0.003776 -0.016055 -0.055375
v 0.003776 -0.016122 -0.054904
v 0.003776 -0.016307 -0.054973
v 0.003776 -0.016376 -0.055139
v 0.003693 -0.016268 -0.055267
v 0.003693 -0.016063 -0.055319
v 0.003693 -0.016118 -0.054959
v 0.003693 -0.016268 -0.055012
v 0.003693 -0.016320 -0.055139
v 0.003638 -0.016209 -0.055208
v 0.003638 -0.016075 -0.055237
v 0.003638 -0.016105 -0.055042
v 0.003638 -0.016209 -0.055070
v 0.003638 -0.016238 -0.055139
v 0.012367 -0.015232 -0.055137
v 0.003619 -0.016094 -0.055139
v 0.007771 -0.015862 -0.054882
v 0.007771 -0.016051 -0.054957
v 0.007771 -0.016126 -0.055137
v 0.007771 -0.016051 -0.055317
v 0.007771 -0.015771 -0.055392
v 0.009916 -0.015633 -0.054882
v 0.009916 -0.015823 -0.054957
v 0.009916 -0.015897 -0.055137
v 0.009916 -0.015823 -0.055317
v 0.009916 -0.015542 -0.055392
v 0.010952 -0.015509 -0.054882
v 0.010952 -0.015699 -0.054957
v 0.010952 -0.015773 -0.055137
v 0.010952 -0.015699 -0.055317
v 0.010952 -0.015418 -0.055392
v 0.006193 -0.015995 -0.054884
v 0.006193 -0.016188 -0.054959
v 0.006193 -0.016263 -0.055139
v 0.006193 -0.016188 -0.055319
v 0.006193 -0.015909 -0.055394
v 0.011532 -0.015427 -0.054882
v 0.011532 -0.015616 -0.054957
v 0.011532 -0.015690 -0.055137
v 0.011532 -0.015616 -0.055317
v 0.011532 -0.015335 -0.055392
v 0.005034 -0.016074 -0.054884
v 0.005034 -0.016268 -0.054959
v 0.005034 -0.016343 -0.055139
v 0.005034 -0.016268 -0.055319
v 0.005034 -0.015988 -0.055394
v 0.004454 -0.016106 -0.054884
v 0.004454 -0.016287 -0.054959
v 0.004454 -0.016379 -0.055139
v 0.004454 -0.016305 -0.055319
v 0.004454 -0.016037 -0.055394
v 0.011822 -0.015382 -0.054882
v 0.011822 -0.015571 -0.054957
v 0.011822 -0.015645 -0.055137
v 0.011822 -0.015571 -0.055317
v 0.011822 -0.015290 -0.055392
v 0.012300 -0.015236 -0.055215
v 0.012257 -0.015230 -0.055279
v 0.012302 -0.015266 -0.055063
v 0.012257 -0.015288 -0.054997
v 0.012191 -0.015238 -0.055323
v 0.012189 -0.015308 -0.054951
v 0.012108 -0.015252 -0.055338
v 0.012107 -0.015306 -0.054935
v 0.011823 -0.015296 -0.055338
v 0.011823 -0.015382 -0.054936
v 0.003879 -0.016060 -0.055341
v 0.003796 -0.016062 -0.055325
v 0.003879 -0.016123 -0.054938
v 0.003796 -0.016125 -0.054953
v 0.003731 -0.016073 -0.055282
v 0.003730 -0.016125 -0.054998
v 0.003686 -0.016090 -0.055218
v 0.003685 -0.016119 -0.055064
v 0.012316 -0.015250 -0.055140
v 0.003670 -0.016111 -0.055142
v 0.007771 -0.015863 -0.054936
v 0.006193 -0.015996 -0.054938
v 0.007772 -0.015777 -0.055338
v 0.006194 -0.015916 -0.055341
v 0.009916 -0.015634 -0.054936
v 0.009917 -0.015548 -0.055338
v 0.010952 -0.015509 -0.054936
v 0.010953 -0.015424 -0.055338
v 0.005034 -0.016075 -0.054938
v 0.005034 -0.015995 -0.055340
v 0.011532 -0.015427 -0.054936
v 0.011533 -0.015341 -0.055338
v 0.004454 -0.016107 -0.054938
v 0.004454 -0.016043 -0.055340
v 0.012753 -0.015021 -0.057553
v 0.012753 -0.014869 -0.057581
v 0.012753 -0.014900 -0.057386
v 0.012753 -0.015021 -0.057415
v 0.012753 -0.015050 -0.057484
v 0.012698 -0.015080 -0.057611
v 0.012698 -0.014867 -0.057664
v 0.012698 -0.014929 -0.057304
v 0.012698 -0.015080 -0.057356
v 0.012698 -0.015132 -0.057484
v 0.012615 -0.015119 -0.057650
v 0.012615 -0.014879 -0.057719
v 0.012615 -0.014952 -0.057248
v 0.012615 -0.015137 -0.057317
v 0.012615 -0.015188 -0.057484
v 0.012518 -0.015154 -0.057664
v 0.012518 -0.014895 -0.057739
v 0.012518 -0.014952 -0.057229
v 0.012518 -0.015172 -0.057304
v 0.012518 -0.015229 -0.057484
v 0.003604 -0.016100 -0.057666
v 0.003604 -0.015834 -0.057741
v 0.003604 -0.015902 -0.057231
v 0.003604 -0.016100 -0.057306
v 0.003604 -0.016175 -0.057486
v 0.003507 -0.016086 -0.057652
v 0.003507 -0.015835 -0.057721
v 0.003507 -0.015902 -0.057250
v 0.003507 -0.016086 -0.057319
v 0.003507 -0.016155 -0.057486
v 0.003424 -0.016047 -0.057613
v 0.003424 -0.015843 -0.057666
v 0.003424 -0.015897 -0.057306
v 0.003424 -0.016047 -0.057358
v 0.003424 -0.016100 -0.057486
v 0.003369 -0.015989 -0.057555
v 0.003369 -0.015855 -0.057584
v 0.003369 -0.015884 -0.057388
v 0.003369 -0.015989 -0.057417
v 0.003369 -0.016017 -0.057486
v 0.012773 -0.014880 -0.057484
v 0.003349 -0.015873 -0.057486
v 0.007771 -0.015678 -0.057229
v 0.007771 -0.015867 -0.057304
v 0.007771 -0.015942 -0.057484
v 0.007771 -0.015867 -0.057664
v 0.007771 -0.015587 -0.057739
v 0.009916 -0.015412 -0.057229
v 0.009916 -0.015602 -0.057304
v 0.009916 -0.015676 -0.057484
v 0.009916 -0.015602 -0.057664
v 0.009916 -0.015321 -0.057739
v 0.011358 -0.015194 -0.057229
v 0.011358 -0.015384 -0.057304
v 0.011358 -0.015458 -0.057484
v 0.011358 -0.015384 -0.057664
v 0.011358 -0.015103 -0.057739
v 0.005924 -0.015833 -0.057231
v 0.005924 -0.016026 -0.057306
v 0.005924 -0.016100 -0.057486
v 0.005924 -0.016026 -0.057666
v 0.005924 -0.015747 -0.057741
v 0.011938 -0.015101 -0.057229
v 0.011938 -0.015289 -0.057304
v 0.011938 -0.015364 -0.057484
v 0.011938 -0.015289 -0.057664
v 0.011938 -0.015009 -0.057739
v 0.004764 -0.015890 -0.057231
v 0.004764 -0.016084 -0.057306
v 0.004764 -0.016158 -0.057486
v 0.004764 -0.016084 -0.057666
v 0.004764 -0.015804 -0.057741
v 0.004184 -0.015898 -0.057231
v 0.004184 -0.016078 -0.057306
v 0.004184 -0.016171 -0.057486
v 0.004184 -0.016096 -0.057666
v 0.004184 -0.015828 -0.057741
v 0.012228 -0.015048 -0.057229
v 0.012228 -0.015237 -0.057304
v 0.012228 -0.015311 -0.057484
v 0.012228 -0.015237 -0.057664
v 0.012228 -0.014956 -0.057739
v 0.012706 -0.014884 -0.057562
v 0.012662 -0.014878 -0.057625
v 0.012707 -0.014914 -0.057410
v 0.012663 -0.014936 -0.057344
v 0.012597 -0.014886 -0.057669
v 0.012595 -0.014956 -0.057298
v 0.012513 -0.014900 -0.057685
v 0.012512 -0.014954 -0.057282
v 0.012229 -0.014962 -0.057685
v 0.012228 -0.015048 -0.057283
v 0.003609 -0.015840 -0.057688
v 0.003527 -0.015842 -0.057672
v 0.003609 -0.015902 -0.057285
v 0.003527 -0.015905 -0.057300
v 0.003461 -0.015853 -0.057629
v 0.003460 -0.015905 -0.057345
v 0.003417 -0.015870 -0.057565
v 0.003416 -0.015898 -0.057411
v 0.012722 -0.014898 -0.057486
v 0.003400 -0.015891 -0.057488
v 0.007771 -0.015678 -0.057283
v 0.005924 -0.015833 -0.057285
v 0.007772 -0.015593 -0.057685
v 0.005924 -0.015753 -0.057687
v 0.009916 -0.015412 -0.057283
v 0.009917 -0.015327 -0.057685
v 0.011358 -0.015194 -0.057283
v 0.011359 -0.015109 -0.057685
v 0.004764 -0.015890 -0.057285
v 0.004764 -0.015810 -0.057687
v 0.011938 -0.015100 -0.057283
v 0.011939 -0.015015 -0.057685
v 0.004184 -0.015898 -0.057285
v 0.004184 -0.015834 -0.057687
v 0.012929 -0.014710 -0.060217
v 0.012929 -0.014558 -0.060245
v 0.012929 -0.014589 -0.060050
v 0.012929 -0.014710 -0.060079
v 0.012929 -0.014739 -0.060148
v 0.012873 -0.014769 -0.060275
v 0.012873 -0.014556 -0.060328
v 0.012873 -0.014618 -0.059968
v 0.012873 -0.014769 -0.060020
v 0.012873 -0.014821 -0.060148
v 0.012791 -0.014808 -0.060314
v 0.012791 -0.014568 -0.060383
v 0.012791 -0.014641 -0.059912
v 0.012791 -0.014826 -0.059981
v 0.012791 -0.014877 -0.060148
v 0.012693 -0.014843 -0.060328
v 0.012693 -0.014584 -0.060403
v 0.012693 -0.014641 -0.059893
v 0.012693 -0.014861 -0.059968
v 0.012693 -0.014918 -0.060148
v 0.003371 -0.015856 -0.060330
v 0.003371 -0.015590 -0.060405
v 0.003371 -0.015658 -0.059895
v 0.003371 -0.015856 -0.059970
v 0.003371 -0.015931 -0.060150
v 0.003273 -0.015843 -0.060317
v 0.003273 -0.015591 -0.060386
v 0.003273 -0.015658 -0.059915
v 0.003273 -0.015843 -0.059984
v 0.003273 -0.015912 -0.060150
v 0.003190 -0.015804 -0.060277
v 0.003190 -0.015599 -0.060330
v 0.003190 -0.015654 -0.059970
v 0.003190 -0.015804 -0.060023
v 0.003190 -0.015856 -0.060150
v 0.003135 -0.015745 -0.060219
v 0.003135 -0.015611 -0.060248
v 0.003135 -0.015641 -0.060052
v 0.003135 -0.015745 -0.060081
v 0.003135 -0.015774 -0.060150
v 0.012948 -0.014569 -0.060148
v 0.003116 -0.015630 -0.060150
v 0.007771 -0.015410 -0.059893
v 0.007771 -0.015599 -0.059968
v 0.007771 -0.015673 -0.060148
v 0.007771 -0.015599 -0.060328
v 0.007771 -0.015318 -0.060403
v 0.010091 -0.015135 -0.059893
v 0.010091 -0.015325 -0.059968
v 0.010091 -0.015399 -0.060148
v 0.010091 -0.015325 -0.060328
v 0.010091 -0.015044 -0.060403
v 0.011533 -0.014918 -0.059893
v 0.011533 -0.015107 -0.059968
v 0.011533 -0.015181 -0.060148
v 0.011533 -0.015107 -0.060328
v 0.011533 -0.014826 -0.060403
v 0.005690 -0.015589 -0.059895
v 0.005690 -0.015782 -0.059970
v 0.005690 -0.015857 -0.060150
v 0.005690 -0.015782 -0.060330
v 0.005690 -0.015503 -0.060405
v 0.012113 -0.014800 -0.059893
v 0.012113 -0.014989 -0.059968
v 0.012113 -0.015063 -0.060148
v 0.012113 -0.014989 -0.060328
v 0.012113 -0.014708 -0.060403
v 0.004530 -0.015646 -0.059895
v 0.004530 -0.015840 -0.059970
v 0.004530 -0.015915 -0.060150
v 0.004530 -0.015840 -0.060330
v 0.004530 -0.015560 -0.060405
v 0.003951 -0.015654 -0.059895
v 0.003951 -0.015834 -0.059970
v 0.003951 -0.015927 -0.060150
v 0.003951 -0.015852 -0.060330
v 0.003951 -0.015584 -0.060405
v 0.012403 -0.014737 -0.059893
v 0.012403 -0.014926 -0.059968
v 0.012403 -0.015000 -0.060148
v 0.012403 -0.014926 -0.060328
v 0.012403 -0.014645 -0.060403
v 0.012881 -0.014573 -0.060226
v 0.012838 -0.014567 -0.060290
v 0.012883 -0.014603 -0.060074
v 0.012838 -0.014625 -0.060008
v 0.012772 -0.014575 -0.060334
v 0.012770 -0.014645 -0.059962
v 0.012689 -0.014589 -0.060349
v 0.012688 -0.014643 -0.059946
v 0.012404 -0.014651 -0.060349
v 0.012404 -0.014737 -0.059947
v 0.003376 -0.015596 -0.060352
v 0.003293 -0.015598 -0.060336
v 0.003376 -0.015659 -0.059949
v 0.003293 -0.015661 -0.059964
v 0.003228 -0.015609 -0.060293
v 0.003227 -0.015661 -0.060009
v 0.003183 -0.015626 -0.060229
v 0.003182 -0.015655 -0.060075
v 0.012897 -0.014587 -0.060151
v 0.003167 -0.015647 -0.060153
v 0.007771 -0.015410 -0.059947
v 0.005690 -0.015589 -0.059949
v 0.007772 -0.015325 -0.060349
v 0.005691 -0.015509 -0.060351
v 0.010091 -0.015135 -0.059947
v 0.010092 -0.015050 -0.060349
v 0.011533 -0.014917 -0.059947
v 0.011534 -0.014832 -0.060349
v 0.004531 -0.015647 -0.059949
v 0.004531 -0.015566 -0.060351
v 0.012113 -0.014800 -0.059947
v 0.012114 -0.014714 -0.060349
v 0.003950 -0.015654 -0.059949
v 0.003951 -0.015590 -0.060351
v 0.012803 -0.013441 -0.068549
v 0.012803 -0.013289 -0.068578
v 0.012803 -0.013320 -0.068383
v 0.012803 -0.013441 -0.068411
v 0.012803 -0.013470 -0.068480
v 0.012747 -0.013500 -0.068608
v 0.012747 -0.013287 -0.068660
v 0.012747 -0.013349 -0.068300
v 0.012747 -0.013500 -0.068353
v 0.012747 -0.013552 -0.068480
v 0.012665 -0.013539 -0.068647
v 0.012665 -0.013299 -0.068716
v 0.012665 -0.013372 -0.068245
v 0.012665 -0.013557 -0.068314
v 0.012665 -0.013608 -0.068480
v 0.012567 -0.013574 -0.068660
v 0.012567 -0.013314 -0.068735
v 0.012567 -0.013372 -0.068225
v 0.012567 -0.013592 -0.068300
v 0.012567 -0.013649 -0.068480
v 0.003132 -0.014672 -0.068660
v 0.003132 -0.014405 -0.068735
v 0.003132 -0.014473 -0.068225
v 0.003132 -0.014672 -0.068300
v 0.003132 -0.014747 -0.068480
v 0.003035 -0.014658 -0.068647
v 0.003035 -0.014406 -0.068716
v 0.003035 -0.014473 -0.068245
v 0.003035 -0.014658 -0.068314
v 0.003035 -0.014727 -0.068480
v 0.002952 -0.014619 -0.068608
v 0.002952 -0.014414 -0.068660
v 0.002952 -0.014469 -0.068300
v 0.002952 -0.014619 -0.068353
v 0.002952 -0.014672 -0.068480
v 0.002897 -0.014561 -0.068549
v 0.002897 -0.014427 -0.068578
v 0.002897 -0.014456 -0.068383
v 0.002897 -0.014561 -0.068411
v 0.002897 -0.014589 -0.068480
v 0.012822 -0.013300 -0.068480
v 0.002877 -0.014445 -0.068480
v 0.007771 -0.014227 -0.068225
v 0.007771 -0.014416 -0.068300
v 0.007771 -0.014490 -0.068480
v 0.007771 -0.014416 -0.068660
v 0.007771 -0.014135 -0.068735
v 0.009898 -0.013924 -0.068225
v 0.009898 -0.014114 -0.068300
v 0.009898 -0.014187 -0.068480
v 0.009898 -0.014114 -0.068660
v 0.009898 -0.013832 -0.068735
v 0.011407 -0.013651 -0.068225
v 0.011407 -0.013840 -0.068300
v 0.011407 -0.013915 -0.068480
v 0.011407 -0.013840 -0.068660
v 0.011407 -0.013559 -0.068735
v 0.005452 -0.014394 -0.068225
v 0.005452 -0.014587 -0.068300
v 0.005452 -0.014661 -0.068480
v 0.005452 -0.014587 -0.068660
v 0.005452 -0.014307 -0.068735
v 0.011987 -0.013531 -0.068225
v 0.011987 -0.013719 -0.068300
v 0.011987 -0.013794 -0.068480
v 0.011987 -0.013719 -0.068660
v 0.011987 -0.013439 -0.068735
v 0.004292 -0.014451 -0.068225
v 0.004292 -0.014645 -0.068300
v 0.004292 -0.014719 -0.068480
v 0.004292 -0.014645 -0.068660
v 0.004292 -0.014365 -0.068735
v 0.003712 -0.014457 -0.068225
v 0.003712 -0.014637 -0.068300
v 0.003712 -0.014730 -0.068480
v 0.003712 -0.014655 -0.068660
v 0.003712 -0.014387 -0.068735
v 0.012277 -0.013468 -0.068225
v 0.012277 -0.013656 -0.068300
v 0.012277 -0.013731 -0.068480
v 0.012277 -0.013656 -0.068660
v 0.012277 -0.013376 -0.068735
v 0.012755 -0.013304 -0.068558
v 0.012712 -0.013298 -0.068622
v 0.012757 -0.013334 -0.068406
v 0.012712 -0.013356 -0.068340
v 0.012646 -0.013306 -0.068666
v 0.012644 -0.013375 -0.068294
v 0.012563 -0.013320 -0.068682
v 0.012562 -0.013374 -0.068279
v 0.012278 -0.013382 -0.068681
v 0.012278 -0.013468 -0.068279
v 0.003137 -0.014411 -0.068682
v 0.003055 -0.014414 -0.068666
v 0.003137 -0.014474 -0.068279
v 0.003055 -0.014476 -0.068294
v 0.002989 -0.014425 -0.068623
v 0.002988 -0.014476 -0.068339
v 0.002945 -0.014442 -0.068559
v 0.002944 -0.014470 -0.068405
v 0.012771 -0.013318 -0.068483
v 0.002928 -0.014462 -0.068483
v 0.007771 -0.014227 -0.068279
v 0.005452 -0.014394 -0.068279
v 0.007772 -0.014142 -0.068682
v 0.005452 -0.014314 -0.068682
v 0.009898 -0.013924 -0.068279
v 0.009899 -0.013838 -0.068682
v 0.011407 -0.013651 -0.068279
v 0.011408 -0.013565 -0.068682
v 0.004292 -0.014451 -0.068279
v 0.004292 -0.014371 -0.068682
v 0.011987 -0.013531 -0.068279
v 0.011988 -0.013445 -0.068681
v 0.003712 -0.014457 -0.068279
v 0.003712 -0.014393 -0.068681
v 0.012996 -0.013957 -0.065901
v 0.012996 -0.013805 -0.065929
v 0.012996 -0.013836 -0.065734
v 0.012996 -0.013957 -0.065763
v 0.012996 -0.013986 -0.065832
v 0.012941 -0.014016 -0.065959
v 0.012941 -0.013804 -0.066012
v 0.012941 -0.013865 -0.065652
v 0.012941 -0.014016 -0.065704
v 0.012941 -0.014069 -0.065832
v 0.012858 -0.014055 -0.065998
v 0.012858 -0.013815 -0.066067
v 0.012858 -0.013889 -0.065596
v 0.012858 -0.014074 -0.065665
v 0.012858 -0.014124 -0.065832
v 0.012760 -0.014090 -0.066012
v 0.012760 -0.013831 -0.066087
v 0.012760 -0.013889 -0.065577
v 0.012760 -0.014108 -0.065652
v 0.012760 -0.014165 -0.065832
v 0.003132 -0.015178 -0.066012
v 0.003132 -0.014912 -0.066087
v 0.003132 -0.014980 -0.065577
v 0.003132 -0.015178 -0.065652
v 0.003132 -0.015253 -0.065832
v 0.003035 -0.015165 -0.065998
v 0.003035 -0.014913 -0.066067
v 0.003035 -0.014980 -0.065596
v 0.003035 -0.015165 -0.065665
v 0.003035 -0.015233 -0.065832
v 0.002952 -0.015125 -0.065959
v 0.002952 -0.014921 -0.066012
v 0.002952 -0.014975 -0.065652
v 0.002952 -0.015125 -0.065704
v 0.002952 -0.015178 -0.065832
v 0.002897 -0.015067 -0.065901
v 0.002897 -0.014933 -0.065929
v 0.002897 -0.014962 -0.065734
v 0.002897 -0.015067 -0.065763
v 0.002897 -0.015096 -0.065832
v 0.013015 -0.013817 -0.065832
v 0.002877 -0.014951 -0.065832
v 0.007771 -0.014733 -0.065577
v 0.007771 -0.014922 -0.065652
v 0.007771 -0.014997 -0.065832
v 0.007771 -0.014922 -0.066012
v 0.007771 -0.014642 -0.066087
v 0.010091 -0.014418 -0.065577
v 0.010091 -0.014608 -0.065652
v 0.010091 -0.014682 -0.065832
v 0.010091 -0.014608 -0.066012
v 0.010091 -0.014327 -0.066087
v 0.011601 -0.014155 -0.065577
v 0.011601 -0.014345 -0.065652
v 0.011601 -0.014419 -0.065832
v 0.011601 -0.014345 -0.066012
v 0.011601 -0.014064 -0.066087
v 0.005452 -0.014900 -0.065577
v 0.005452 -0.015093 -0.065652
v 0.005452 -0.015168 -0.065832
v 0.005452 -0.015093 -0.066012
v 0.005452 -0.014814 -0.066087
v 0.012181 -0.014047 -0.065577
v 0.012181 -0.014236 -0.065652
v 0.012181 -0.014311 -0.065832
v 0.012181 -0.014236 -0.066012
v 0.012181 -0.013956 -0.066087
v 0.004292 -0.014957 -0.065577
v 0.004292 -0.015151 -0.065652
v 0.004292 -0.015226 -0.065832
v 0.004292 -0.015151 -0.066012
v 0.004292 -0.014871 -0.066087
v 0.003712 -0.014963 -0.065577
v 0.003712 -0.015143 -0.065652
v 0.003712 -0.015236 -0.065832
v 0.003712 -0.015161 -0.066012
v 0.003712 -0.014894 -0.066087
v 0.012471 -0.013984 -0.065577
v 0.012471 -0.014173 -0.065652
v 0.012471 -0.014247 -0.065832
v 0.012471 -0.014173 -0.066012
v 0.012471 -0.013892 -0.066087
v 0.012949 -0.013821 -0.065910
v 0.012905 -0.013815 -0.065973
v 0.012950 -0.013850 -0.065758
v 0.012906 -0.013873 -0.065692
v 0.012839 -0.013822 -0.066017
v 0.012838 -0.013892 -0.065646
v 0.012756 -0.013836 -0.066033
v 0.012755 -0.013891 -0.065630
v 0.012472 -0.013898 -0.066033
v 0.012471 -0.013984 -0.065631
v 0.003137 -0.014918 -0.066033
v 0.003055 -0.014920 -0.066018
v 0.003137 -0.014981 -0.065630
v 0.003055 -0.014983 -0.065646
v 0.002989 -0.014931 -0.065975
v 0.002988 -0.014983 -0.065691
v 0.002945 -0.014948 -0.065911
v 0.002944 -0.014976 -0.065756
v 0.012965 -0.013834 -0.065834
v 0.002928 -0.014969 -0.065834
v 0.007771 -0.014734 -0.065631
v 0.005452 -0.014900 -0.065631
v 0.007772 -0.014648 -0.066033
v 0.005452 -0.014820 -0.066033
v 0.010091 -0.014418 -0.065631
v 0.010092 -0.014333 -0.066033
v 0.011601 -0.014155 -0.065631
v 0.011602 -0.014070 -0.066033
v 0.004292 -0.014958 -0.065631
v 0.004292 -0.014877 -0.066033
v 0.012181 -0.014047 -0.065631
v 0.012182 -0.013962 -0.066033
v 0.003712 -0.014963 -0.065631
v 0.003712 -0.014900 -0.066033
v 0.022880 0.000142 -0.075074
v 0.022560 -0.002132 -0.075117
v 0.023378 -0.002243 -0.072500
v 0.023713 0.000142 -0.072465
v 0.018980 -0.007454 -0.075313
v 0.017363 -0.008692 -0.075318
v 0.017982 -0.009240 -0.072654
v 0.019665 -0.007885 -0.072655
v -0.012266 -0.008793 -0.068735
v -0.010546 -0.010238 -0.068858
v -0.010401 -0.009843 -0.071247
v -0.012059 -0.008467 -0.071104
v -0.002355 -0.010830 -0.076596
v -0.000106 -0.011003 -0.076850
v -0.000245 -0.009579 -0.078355
v -0.002385 -0.009444 -0.078112
v -0.009531 -0.007531 -0.077017
v -0.010927 -0.006471 -0.076798
v -0.011408 -0.007409 -0.075398
v -0.009898 -0.008590 -0.075577
v 0.017463 -0.005769 -0.078915
v 0.016054 -0.006744 -0.078954
v 0.016720 -0.007887 -0.077576
v 0.018233 -0.006751 -0.077543
v 0.021892 0.000142 -0.077275
v 0.020689 0.000142 -0.078757
v 0.020419 -0.001628 -0.078782
v 0.021588 -0.001925 -0.077322
v -0.015707 0.000142 -0.068495
v -0.015466 -0.002395 -0.068516
v -0.015214 -0.002325 -0.070802
v -0.015456 0.000142 -0.070761
v -0.013565 -0.001734 -0.076397
v -0.013777 0.000142 -0.076353
v -0.014628 0.000142 -0.074965
v -0.014379 -0.002029 -0.075026
v 0.016366 -0.010292 -0.072618
v 0.016798 -0.010715 -0.070034
v 0.013204 -0.009612 -0.077507
v 0.015075 -0.008837 -0.077566
v 0.014464 -0.007584 -0.078977
v 0.012676 -0.008274 -0.078946
v 0.015724 -0.009707 -0.075280
v 0.011140 -0.010171 -0.077517
v 0.010786 -0.008780 -0.078901
v -0.002344 -0.012671 -0.071882
v -0.002318 -0.013283 -0.069379
v 0.000263 -0.015432 -0.054590
v -0.000446 -0.015183 -0.057143
v 0.001400 -0.015789 -0.050991
v 0.002044 -0.015880 -0.050182
v 0.002938 -0.015901 -0.049756
v 0.016844 -0.012938 -0.057026
v 0.016204 -0.013608 -0.054375
v 0.015162 -0.014316 -0.051155
v 0.014493 -0.014592 -0.050331
v 0.006172 -0.015805 -0.049606
v 0.008673 -0.015635 -0.049652
v 0.013327 -0.014923 -0.049899
v 0.018508 -0.009592 -0.070019
v 0.020280 -0.008142 -0.069998
v 0.024063 -0.002300 -0.069857
v 0.024380 0.000142 -0.069826
v -0.002312 -0.011871 -0.074356
v -0.010189 -0.009324 -0.073566
v -0.011783 -0.008043 -0.073411
v -0.014886 -0.002222 -0.073066
v -0.015140 0.000142 -0.073005
v 0.007097 -0.009260 -0.078784
v 0.005399 -0.009395 -0.078727
v 0.005602 -0.010773 -0.077370
v 0.007313 -0.010635 -0.077425
v 0.002067 -0.010980 -0.077133
v 0.001859 -0.009576 -0.078529
v 0.000863 -0.015635 -0.052430
v 0.015655 -0.014045 -0.052390
v 0.003974 -0.010884 -0.077295
v 0.003747 -0.009503 -0.078652
v 0.004244 -0.015877 -0.049604
v -0.006567 -0.012222 -0.069160
v -0.004455 -0.012858 -0.069291
v -0.004484 -0.012262 -0.071764
v -0.006547 -0.011684 -0.071599
v -0.004475 -0.011488 -0.074184
v -0.006485 -0.010981 -0.073975
v -0.013446 -0.006739 -0.070991
v -0.014510 -0.004663 -0.070892
v -0.014771 -0.004815 -0.068567
v -0.013691 -0.006984 -0.068639
v -0.013135 -0.006416 -0.073297
v -0.014185 -0.004450 -0.073190
v -0.012687 -0.005888 -0.075262
v -0.012083 -0.005117 -0.076619
v -0.012970 -0.003513 -0.076489
v -0.013693 -0.004068 -0.075143
v 0.020772 -0.003852 -0.077429
v 0.019696 -0.003259 -0.078832
v 0.018685 -0.004633 -0.078875
v 0.019604 -0.005442 -0.077505
v 0.021695 -0.004253 -0.075210
v 0.020457 -0.006006 -0.075279
v 0.021192 -0.006316 -0.072623
v 0.022462 -0.004458 -0.072566
v 0.023154 -0.004569 -0.069914
v 0.021858 -0.006490 -0.069965
v 0.018991 -0.009841 -0.067402
v 0.020856 -0.008306 -0.067368
v 0.022471 -0.006588 -0.067333
v 0.023776 -0.004625 -0.067286
v 0.024679 -0.002327 -0.067236
v 0.024993 0.000142 -0.067211
v -0.015930 0.000142 -0.066274
v -0.015691 -0.002463 -0.066278
v -0.014994 -0.004956 -0.066292
v -0.013900 -0.007200 -0.066326
v -0.012442 -0.009069 -0.066397
v -0.010670 -0.010562 -0.066502
v -0.006575 -0.012618 -0.066756
v -0.004403 -0.013286 -0.066848
v -0.002235 -0.013743 -0.066904
v 0.017134 -0.011088 -0.067448
v 0.019464 -0.010043 -0.064806
v 0.021411 -0.008424 -0.064783
v 0.023076 -0.006673 -0.064770
v 0.024413 -0.004697 -0.064743
v 0.025316 -0.002360 -0.064709
v 0.025631 0.000142 -0.064691
v -0.016127 0.000142 -0.064119
v -0.015893 -0.002542 -0.064110
v -0.015193 -0.005102 -0.064090
v -0.014093 -0.007398 -0.064092
v -0.012620 -0.009311 -0.064147
v -0.010809 -0.010845 -0.064238
v -0.006591 -0.012930 -0.064453
v -0.004351 -0.013632 -0.064505
v -0.002117 -0.014123 -0.064505
v 0.017455 -0.011402 -0.064855
v 0.019901 -0.010139 -0.062497
v 0.020405 -0.010054 -0.060653
v 0.022389 -0.008372 -0.060699
v 0.021941 -0.008478 -0.062488
v 0.023958 -0.006657 -0.060692
v 0.023617 -0.006721 -0.062478
v 0.024939 -0.004750 -0.062456
v 0.025226 -0.004741 -0.060675
v 0.025865 -0.002376 -0.062437
v 0.026181 -0.002363 -0.060661
v 0.026538 0.000142 -0.060603
v 0.026196 0.000142 -0.062425
v -0.016054 -0.002629 -0.062122
v -0.016280 0.000142 -0.062137
v -0.016391 0.000142 -0.060572
v -0.016163 -0.002699 -0.060519
v -0.014269 -0.007567 -0.062102
v -0.015360 -0.005249 -0.062088
v -0.015472 -0.005355 -0.060569
v -0.014388 -0.007673 -0.060542
v -0.010970 -0.011058 -0.062197
v -0.012802 -0.009501 -0.062138
v -0.012942 -0.009605 -0.060569
v -0.011122 -0.011145 -0.060590
v -0.004313 -0.013901 -0.062370
v -0.006629 -0.013167 -0.062362
v -0.006706 -0.013294 -0.060681
v -0.004352 -0.014054 -0.060626
v -0.001957 -0.014431 -0.062283
v -0.001664 -0.014771 -0.059919
v 0.017696 -0.011627 -0.062512
v 0.017857 -0.011899 -0.060002
v 0.002376 -0.011885 -0.074960
v 0.004206 -0.011752 -0.075209
v 0.005802 -0.011639 -0.075279
v 0.007530 -0.011511 -0.075319
v 0.011461 -0.011071 -0.075320
v -0.006385 -0.010085 -0.076076
v -0.004448 -0.010506 -0.076335
v -0.004395 -0.009197 -0.077839
v -0.006244 -0.008849 -0.077564
v -0.007956 -0.008313 -0.077276
v -0.008209 -0.009474 -0.075815
v -0.008403 -0.010293 -0.073763
v -0.008537 -0.010906 -0.071419
v -0.008617 -0.011372 -0.069008
v -0.008682 -0.011735 -0.066630
v -0.008761 -0.012042 -0.064346
v -0.008858 -0.012269 -0.062273
v -0.008972 -0.012385 -0.060620
v 0.011330 -0.015303 -0.049735
v 0.009451 -0.011345 -0.075361
v 0.009195 -0.010462 -0.077482
v 0.008924 -0.009080 -0.078846
v -0.000334 -0.005850 -0.079283
v -0.002327 -0.005765 -0.079099
v -0.002362 -0.007736 -0.078813
v -0.000302 -0.007837 -0.079012
v -0.008824 -0.004560 -0.078222
v -0.010033 -0.004047 -0.077968
v -0.010402 -0.005296 -0.077586
v -0.009132 -0.006142 -0.077830
v 0.016250 -0.003560 -0.079917
v 0.014980 -0.003986 -0.079977
v 0.015425 -0.005386 -0.079639
v 0.016735 -0.004655 -0.079607
v 0.017652 0.000142 -0.079995
v 0.017559 -0.001177 -0.079978
v 0.019011 -0.001342 -0.079579
v 0.019196 0.000142 -0.079576
v -0.011282 -0.001289 -0.077818
v -0.011369 0.000142 -0.077818
v -0.012655 0.000142 -0.077244
v -0.012499 -0.001450 -0.077265
v 0.013517 -0.004434 -0.079999
v 0.011927 -0.004853 -0.079983
v 0.012240 -0.006624 -0.079649
v 0.013912 -0.006050 -0.079660
v 0.010251 -0.005202 -0.079936
v 0.010477 -0.007064 -0.079604
v 0.006792 -0.005631 -0.079774
v 0.005106 -0.005746 -0.079681
v 0.005226 -0.007689 -0.079397
v 0.006915 -0.007554 -0.079468
v 0.001623 -0.005864 -0.079440
v 0.001723 -0.007843 -0.079180
v 0.003430 -0.005824 -0.079575
v 0.003564 -0.007786 -0.079313
v -0.010852 -0.003647 -0.077765
v -0.011068 -0.002653 -0.077804
v -0.012068 -0.002963 -0.077316
v -0.011385 -0.004261 -0.077394
v 0.017332 -0.002389 -0.079919
v 0.017122 -0.003243 -0.079854
v 0.017771 -0.003806 -0.079576
v 0.018512 -0.002701 -0.079578
v -0.004227 -0.005610 -0.078898
v -0.005935 -0.005372 -0.078690
v -0.006081 -0.007256 -0.078347
v -0.004312 -0.007546 -0.078586
v -0.007446 -0.005019 -0.078463
v -0.007676 -0.006797 -0.078088
v 0.008526 -0.005458 -0.079865
v 0.008691 -0.007361 -0.079542
v 0.014678 -0.001213 -0.080249
v 0.016124 -0.001151 -0.080165
v 0.016145 0.000142 -0.080191
v 0.014663 0.000142 -0.080279
v 0.013198 -0.001316 -0.080273
v 0.013174 0.000142 -0.080305
v 0.011663 -0.001431 -0.080255
v 0.011641 0.000142 -0.080284
v 0.010060 -0.001535 -0.080201
v 0.010043 0.000142 -0.080229
v 0.008393 -0.001620 -0.080120
v 0.008381 0.000142 -0.080147
v 0.006696 -0.001681 -0.080018
v 0.006687 0.000142 -0.080046
v 0.005015 -0.001720 -0.079902
v 0.005007 0.000142 -0.079931
v 0.003326 -0.001740 -0.079770
v 0.003319 0.000142 -0.079795
v 0.001542 -0.001740 -0.079626
v 0.001536 0.000142 -0.079651
v -0.000365 -0.001716 -0.079479
v -0.000369 0.000142 -0.079506
v -0.002317 -0.001673 -0.079314
v -0.002324 0.000142 -0.079342
v -0.004182 -0.001612 -0.079115
v -0.004189 0.000142 -0.079137
v -0.005839 -0.001531 -0.078903
v -0.005839 0.000142 -0.078922
v -0.007286 -0.001443 -0.078701
v -0.007280 0.000142 -0.078718
v -0.008646 -0.001351 -0.078475
v -0.008643 0.000142 -0.078495
v 0.016109 -0.002407 -0.080073
v 0.014755 -0.002592 -0.080155
v 0.013294 -0.002840 -0.080178
v 0.011745 -0.003094 -0.080162
v 0.010120 -0.003319 -0.080112
v 0.008434 -0.003495 -0.080033
v 0.006726 -0.003618 -0.079934
v 0.005042 -0.003698 -0.079823
v 0.003356 -0.003743 -0.079701
v 0.001566 -0.003758 -0.079564
v -0.000354 -0.003735 -0.079409
v -0.002312 -0.003667 -0.079236
v -0.004183 -0.003550 -0.079043
v -0.005856 -0.003384 -0.078839
v -0.007324 -0.003176 -0.078631
v -0.008682 -0.002929 -0.078402
v -0.009947 -0.002702 -0.078133
v -0.009984 -0.001277 -0.078193
v -0.010010 0.000142 -0.078208
v 0.023378 0.002526 -0.072500
v 0.022560 0.002415 -0.075117
v 0.017982 0.009523 -0.072654
v 0.017363 0.008976 -0.075318
v 0.018980 0.007737 -0.075313
v 0.019665 0.008168 -0.072655
v -0.010401 0.010127 -0.071247
v -0.010546 0.010521 -0.068858
v -0.012266 0.009076 -0.068735
v -0.012059 0.008750 -0.071104
v -0.000245 0.009863 -0.078355
v -0.000106 0.011287 -0.076850
v -0.002355 0.011114 -0.076596
v -0.002385 0.009728 -0.078112
v -0.011408 0.007693 -0.075398
v -0.010927 0.006754 -0.076798
v -0.009531 0.007814 -0.077017
v -0.009898 0.008874 -0.075577
v 0.016720 0.008170 -0.077576
v 0.016054 0.007028 -0.078954
v 0.017463 0.006052 -0.078915
v 0.018233 0.007034 -0.077543
v 0.020419 0.001912 -0.078782
v 0.021588 0.002209 -0.077322
v -0.015214 0.002608 -0.070802
v -0.015466 0.002678 -0.068516
v -0.013566 0.002017 -0.076397
v -0.014379 0.002312 -0.075026
v 0.016366 0.010576 -0.072618
v 0.016798 0.010998 -0.070034
v 0.014464 0.007868 -0.078977
v 0.015075 0.009121 -0.077566
v 0.013204 0.009896 -0.077507
v 0.012676 0.008557 -0.078946
v 0.015724 0.009991 -0.075280
v 0.011140 0.010454 -0.077517
v 0.010786 0.009064 -0.078901
v -0.002318 0.013566 -0.069379
v -0.002344 0.012954 -0.071882
v 0.000263 0.015715 -0.054590
v -0.000446 0.015466 -0.057143
v 0.002043 0.016164 -0.050182
v 0.001398 0.016072 -0.050989
v 0.002938 0.016185 -0.049757
v 0.016845 0.013221 -0.057025
v 0.016205 0.013891 -0.054374
v 0.015162 0.014599 -0.051155
v 0.014494 0.014876 -0.050330
v 0.008673 0.015919 -0.049651
v 0.006171 0.016089 -0.049604
v 0.013329 0.015206 -0.049896
v 0.018508 0.009875 -0.070019
v 0.020280 0.008426 -0.069998
v 0.024063 0.002583 -0.069857
v -0.002312 0.012154 -0.074356
v -0.010189 0.009608 -0.073566
v -0.011783 0.008326 -0.073411
v -0.014886 0.002505 -0.073066
v 0.005602 0.011057 -0.077370
v 0.005399 0.009679 -0.078727
v 0.007097 0.009543 -0.078784
v 0.007313 0.010919 -0.077425
v 0.001859 0.009860 -0.078529
v 0.002067 0.011264 -0.077133
v 0.000862 0.015918 -0.052429
v 0.015654 0.014328 -0.052390
v 0.003747 0.009786 -0.078652
v 0.003974 0.011167 -0.077295
v 0.004245 0.016161 -0.049606
v -0.004484 0.012546 -0.071764
v -0.004455 0.013142 -0.069291
v -0.006567 0.012505 -0.069161
v -0.006547 0.011968 -0.071599
v -0.004475 0.011771 -0.074184
v -0.006485 0.011264 -0.073975
v -0.014771 0.005099 -0.068567
v -0.014510 0.004947 -0.070892
v -0.013446 0.007023 -0.070991
v -0.013691 0.007268 -0.068639
v -0.014185 0.004734 -0.073190
v -0.013135 0.006700 -0.073297
v -0.012970 0.003796 -0.076489
v -0.012083 0.005401 -0.076619
v -0.012687 0.006171 -0.075262
v -0.013693 0.004351 -0.075143
v 0.018685 0.004916 -0.078875
v 0.019696 0.003543 -0.078832
v 0.020772 0.004135 -0.077429
v 0.019604 0.005725 -0.077505
v 0.021192 0.006599 -0.072623
v 0.020457 0.006290 -0.075279
v 0.021695 0.004537 -0.075210
v 0.022462 0.004741 -0.072566
v 0.023154 0.004853 -0.069914
v 0.021858 0.006773 -0.069964
v 0.018991 0.010125 -0.067402
v 0.020856 0.008589 -0.067368
v 0.022471 0.006872 -0.067333
v 0.023776 0.004909 -0.067286
v 0.024679 0.002610 -0.067236
v -0.015691 0.002746 -0.066278
v -0.014994 0.005239 -0.066292
v -0.013900 0.007484 -0.066326
v -0.012442 0.009353 -0.066397
v -0.010670 0.010845 -0.066502
v -0.006575 0.012901 -0.066756
v -0.004403 0.013570 -0.066848
v -0.002235 0.014027 -0.066904
v 0.017134 0.011371 -0.067448
v 0.019464 0.010326 -0.064806
v 0.021411 0.008708 -0.064783
v 0.023076 0.006956 -0.064770
v 0.024413 0.004980 -0.064743
v 0.025316 0.002643 -0.064709
v -0.015893 0.002825 -0.064110
v -0.015193 0.005386 -0.064090
v -0.014093 0.007682 -0.064092
v -0.012620 0.009594 -0.064147
v -0.010809 0.011129 -0.064238
v -0.006591 0.013214 -0.064453
v -0.004351 0.013915 -0.064505
v -0.002117 0.014406 -0.064504
v 0.017455 0.011685 -0.064855
v 0.022388 0.008655 -0.060699
v 0.020405 0.010338 -0.060654
v 0.019901 0.010422 -0.062497
v 0.021941 0.008761 -0.062488
v 0.023958 0.006941 -0.060693
v 0.023617 0.007004 -0.062478
v 0.024939 0.005033 -0.062456
v 0.025226 0.005024 -0.060675
v 0.025865 0.002660 -0.062437
v 0.026181 0.002646 -0.060661
v -0.016054 0.002913 -0.062122
v -0.016163 0.002983 -0.060519
v -0.015472 0.005639 -0.060569
v -0.015360 0.005532 -0.062088
v -0.014269 0.007850 -0.062102
v -0.014388 0.007957 -0.060542
v -0.012942 0.009888 -0.060569
v -0.012802 0.009784 -0.062138
v -0.010970 0.011341 -0.062197
v -0.011122 0.011428 -0.060590
v -0.006707 0.013577 -0.060680
v -0.006629 0.013450 -0.062362
v -0.004314 0.014185 -0.062369
v -0.004353 0.014338 -0.060624
v -0.001664 0.015054 -0.059918
v -0.001957 0.014714 -0.062283
v 0.017696 0.011911 -0.062511
v 0.017859 0.012182 -0.060000
v 0.002376 0.012168 -0.074960
v 0.004206 0.012036 -0.075209
v 0.007530 0.011795 -0.075319
v 0.005802 0.011922 -0.075279
v 0.011461 0.011354 -0.075320
v -0.004395 0.009480 -0.077839
v -0.004448 0.010789 -0.076335
v -0.006385 0.010368 -0.076076
v -0.006244 0.009133 -0.077564
v -0.007956 0.008596 -0.077276
v -0.008209 0.009758 -0.075815
v -0.008403 0.010576 -0.073763
v -0.008537 0.011190 -0.071419
v -0.008617 0.011655 -0.069008
v -0.008682 0.012019 -0.066630
v -0.008762 0.012326 -0.064346
v -0.008972 0.012669 -0.060619
v -0.008858 0.012553 -0.062272
v 0.011331 0.015587 -0.049734
v 0.009451 0.011628 -0.075361
v 0.009195 0.010745 -0.077482
v 0.008924 0.009364 -0.078846
v -0.002362 0.008020 -0.078813
v -0.002327 0.006049 -0.079099
v -0.000334 0.006134 -0.079283
v -0.000302 0.008120 -0.079012
v -0.010402 0.005579 -0.077586
v -0.010033 0.004331 -0.077968
v -0.008824 0.004843 -0.078222
v -0.009132 0.006426 -0.077830
v 0.015425 0.005670 -0.079639
v 0.014980 0.004270 -0.079977
v 0.016250 0.003843 -0.079917
v 0.016735 0.004938 -0.079607
v 0.019011 0.001625 -0.079579
v 0.017559 0.001460 -0.079978
v -0.011282 0.001573 -0.077818
v -0.012499 0.001734 -0.077265
v 0.012240 0.006907 -0.079649
v 0.011927 0.005137 -0.079984
v 0.013517 0.004717 -0.079999
v 0.013912 0.006334 -0.079660
v 0.010477 0.007348 -0.079604
v 0.010251 0.005485 -0.079936
v 0.005226 0.007972 -0.079397
v 0.005106 0.006029 -0.079681
v 0.006792 0.005914 -0.079774
v 0.006915 0.007837 -0.079468
v 0.001623 0.006147 -0.079440
v 0.001723 0.008127 -0.079180
v 0.003430 0.006108 -0.079575
v 0.003564 0.008070 -0.079313
v -0.012068 0.003246 -0.077316
v -0.011068 0.002937 -0.077804
v -0.010852 0.003931 -0.077765
v -0.011385 0.004545 -0.077394
v 0.017771 0.004089 -0.079576
v 0.017122 0.003527 -0.079854
v 0.017332 0.002673 -0.079919
v 0.018512 0.002985 -0.079578
v -0.006081 0.007540 -0.078347
v -0.005935 0.005656 -0.078690
v -0.004227 0.005894 -0.078898
v -0.004312 0.007830 -0.078586
v -0.007676 0.007080 -0.078088
v -0.007446 0.005303 -0.078463
v 0.008691 0.007645 -0.079542
v 0.008526 0.005741 -0.079865
v 0.016124 0.001434 -0.080165
v 0.014678 0.001496 -0.080249
v 0.013198 0.001600 -0.080273
v 0.011663 0.001714 -0.080255
v 0.010060 0.001819 -0.080201
v 0.008393 0.001903 -0.080120
v 0.006696 0.001965 -0.080018
v 0.005015 0.002004 -0.079902
v 0.003326 0.002023 -0.079770
v 0.001542 0.002023 -0.079626
v -0.000365 0.002000 -0.079479
v -0.002317 0.001957 -0.079314
v -0.004182 0.001896 -0.079115
v -0.005839 0.001815 -0.078903
v -0.007286 0.001727 -0.078701
v -0.008646 0.001634 -0.078475
v 0.016109 0.002690 -0.080073
v 0.014755 0.002875 -0.080155
v 0.013294 0.003123 -0.080178
v 0.011745 0.003378 -0.080162
v 0.010120 0.003602 -0.080112
v 0.008434 0.003778 -0.080033
v 0.006726 0.003901 -0.079934
v 0.005042 0.003981 -0.079823
v 0.003356 0.004027 -0.079701
v 0.001566 0.004041 -0.079564
v -0.000354 0.004018 -0.079409
v -0.002312 0.003950 -0.079236
v -0.004183 0.003834 -0.079043
v -0.005856 0.003667 -0.078839
v -0.007324 0.003459 -0.078631
v -0.008682 0.003212 -0.078402
v -0.009947 0.002985 -0.078133
v -0.009984 0.001561 -0.078193
v 0.014246 -0.010270 -0.072299
v 0.014589 -0.010719 -0.069937
v 0.014779 -0.011187 -0.067387
v 0.014932 -0.011610 -0.064808
v 0.014972 -0.011969 -0.062448
v 0.014864 -0.012382 -0.060023
v 0.014637 -0.012755 -0.057426
v 0.014338 -0.013070 -0.054991
v 0.014055 -0.013314 -0.053144
v 0.013773 -0.013492 -0.051982
v 0.013264 -0.013676 -0.051252
v 0.012283 -0.013904 -0.050897
v 0.010622 -0.014181 -0.050784
v 0.008515 -0.014435 -0.050732
v 0.006527 -0.014586 -0.050707
v 0.004797 -0.014698 -0.050701
v 0.003644 -0.014748 -0.050763
v 0.002964 -0.014754 -0.051050
v 0.002539 -0.014727 -0.051669
v 0.002195 -0.014622 -0.052862
v 0.001719 -0.014427 -0.054860
v 0.001192 -0.014197 -0.057333
v 0.000820 -0.013954 -0.059838
v 0.000638 -0.013699 -0.062168
v 0.000524 -0.013426 -0.064434
v 0.000404 -0.013050 -0.066887
v 0.000347 -0.012573 -0.069342
v 0.000409 -0.011965 -0.071704
v 0.000954 -0.011413 -0.073565
v 0.002484 -0.011145 -0.074430
v 0.004205 -0.011011 -0.074694
v 0.005787 -0.010897 -0.074762
v 0.007540 -0.010764 -0.074798
v 0.009473 -0.010600 -0.074831
v 0.011389 -0.010341 -0.074777
v 0.013252 -0.010047 -0.074150
v 0.014589 0.011002 -0.069937
v 0.014246 0.010553 -0.072299
v 0.013252 0.010330 -0.074150
v 0.000409 0.012248 -0.071704
v 0.000347 0.012856 -0.069342
v 0.001192 0.014481 -0.057333
v 0.001719 0.014711 -0.054860
v 0.002539 0.015010 -0.051669
v 0.002964 0.015037 -0.051050
v 0.003644 0.015032 -0.050763
v 0.014338 0.013354 -0.054991
v 0.014637 0.013038 -0.057426
v 0.013264 0.013959 -0.051252
v 0.013773 0.013776 -0.051982
v 0.006527 0.014870 -0.050707
v 0.008515 0.014718 -0.050732
v 0.012283 0.014187 -0.050897
v 0.000954 0.011697 -0.073565
v 0.002195 0.014905 -0.052862
v 0.014055 0.013598 -0.053144
v 0.004797 0.014981 -0.050701
v 0.000404 0.013334 -0.066887
v 0.014779 0.011471 -0.067387
v 0.000524 0.013709 -0.064434
v 0.014932 0.011894 -0.064808
v 0.000638 0.013983 -0.062168
v 0.000820 0.014237 -0.059838
v 0.014864 0.012666 -0.060023
v 0.014972 0.012253 -0.062448
v 0.002484 0.011428 -0.074430
v 0.004205 0.011295 -0.074694
v 0.007540 0.011048 -0.074798
v 0.005787 0.011181 -0.074762
v 0.011389 0.010624 -0.074777
v 0.010622 0.014464 -0.050784
v 0.009473 0.010884 -0.074831
v 0.013729 -0.010196 -0.071973
v 0.014022 -0.010639 -0.069742
v 0.014200 -0.011104 -0.067259
v 0.014345 -0.011521 -0.064740
v 0.014379 -0.011872 -0.062440
v 0.014274 -0.012270 -0.060077
v 0.014064 -0.012608 -0.057549
v 0.013791 -0.012883 -0.055178
v 0.013537 -0.013095 -0.053392
v 0.013299 -0.013244 -0.052309
v 0.012885 -0.013387 -0.051678
v 0.012032 -0.013573 -0.051391
v 0.010481 -0.013825 -0.051302
v 0.008460 -0.014068 -0.051257
v 0.006540 -0.014219 -0.051238
v 0.004872 -0.014334 -0.051237
v 0.003813 -0.014387 -0.051276
v 0.003257 -0.014399 -0.051493
v 0.002934 -0.014387 -0.052013
v 0.002640 -0.014296 -0.053121
v 0.002183 -0.014107 -0.055059
v 0.001670 -0.013880 -0.057466
v 0.001316 -0.013644 -0.059894
v 0.001149 -0.013400 -0.062165
v 0.001045 -0.013137 -0.064384
v 0.000930 -0.012773 -0.066781
v 0.000874 -0.012308 -0.069165
v 0.000914 -0.011726 -0.071408
v 0.001359 -0.011225 -0.073063
v 0.002694 -0.010994 -0.073802
v 0.004298 -0.010876 -0.074028
v 0.005826 -0.010766 -0.074090
v 0.007544 -0.010635 -0.074125
v 0.009432 -0.010476 -0.074159
v 0.011239 -0.010233 -0.074127
v 0.012887 -0.009973 -0.073604
v 0.014022 0.010923 -0.069742
v 0.013729 0.010479 -0.071973
v 0.012887 0.010256 -0.073604
v 0.000914 0.012009 -0.071408
v 0.000874 0.012592 -0.069165
v 0.001670 0.014164 -0.057466
v 0.002183 0.014390 -0.055059
v 0.002934 0.014671 -0.052013
v 0.003257 0.014682 -0.051493
v 0.003813 0.014670 -0.051276
v 0.013791 0.013166 -0.055178
v 0.014064 0.012891 -0.057549
v 0.012885 0.013670 -0.051678
v 0.013299 0.013527 -0.052309
v 0.006540 0.014502 -0.051238
v 0.008460 0.014351 -0.051257
v 0.012032 0.013856 -0.051391
v 0.001359 0.011509 -0.073063
v 0.002640 0.014579 -0.053121
v 0.013537 0.013378 -0.053392
v 0.004872 0.014618 -0.051237
v 0.000930 0.013056 -0.066781
v 0.014200 0.011387 -0.067259
v 0.001045 0.013421 -0.064384
v 0.014345 0.011804 -0.064740
v 0.001149 0.013684 -0.062165
v 0.001316 0.013928 -0.059894
v 0.014274 0.012553 -0.060077
v 0.014379 0.012156 -0.062440
v 0.002694 0.011277 -0.073802
v 0.004298 0.011159 -0.074028
v 0.007544 0.010919 -0.074125
v 0.005826 0.011049 -0.074090
v 0.011239 0.010517 -0.074127
v 0.010481 0.014108 -0.051302
v 0.009432 0.010760 -0.074159
v -0.003331 -0.012931 -0.057223
v -0.002563 -0.013096 -0.055814
v -0.001853 -0.013260 -0.053587
v -0.001047 -0.013439 -0.051199
v -0.000303 -0.013621 -0.049329
v 0.000594 -0.013787 -0.048127
v 0.001662 -0.013949 -0.047351
v 0.003284 -0.014074 -0.046986
v 0.005500 -0.014104 -0.046867
v 0.008647 -0.013915 -0.046875
v 0.014247 -0.012984 -0.047213
v 0.015577 -0.012454 -0.047890
v 0.016453 -0.012006 -0.049101
v 0.017156 -0.011612 -0.050592
v 0.017840 -0.011008 -0.052708
v 0.018485 -0.010147 -0.055242
v 0.019261 -0.009169 -0.057232
v 0.020463 -0.008122 -0.057703
v 0.021746 -0.006958 -0.057725
v 0.022970 -0.005564 -0.057711
v 0.024046 -0.003946 -0.057696
v 0.024884 -0.001924 -0.057654
v 0.025189 0.000142 -0.057655
v -0.014668 0.000142 -0.057959
v -0.014476 -0.002442 -0.057900
v -0.013902 -0.004827 -0.057827
v -0.012998 -0.006855 -0.057859
v -0.011811 -0.008495 -0.057867
v -0.010333 -0.009808 -0.057814
v -0.006548 -0.011923 -0.057659
v -0.004700 -0.012547 -0.057615
v -0.008551 -0.010992 -0.057724
v 0.011986 -0.013527 -0.046932
v -0.002563 0.013379 -0.055814
v -0.003331 0.013215 -0.057223
v -0.001853 0.013543 -0.053587
v -0.001047 0.013723 -0.051199
v -0.000303 0.013904 -0.049329
v 0.000594 0.014071 -0.048127
v 0.001662 0.014232 -0.047351
v 0.003284 0.014358 -0.046986
v 0.008647 0.014198 -0.046875
v 0.005500 0.014388 -0.046868
v 0.015577 0.012738 -0.047890
v 0.014247 0.013268 -0.047212
v 0.016452 0.012289 -0.049101
v 0.017156 0.011895 -0.050592
v 0.017840 0.011291 -0.052708
v 0.018486 0.010431 -0.055242
v 0.019261 0.009453 -0.057232
v 0.020463 0.008405 -0.057703
v 0.021746 0.007241 -0.057725
v 0.022969 0.005847 -0.057711
v 0.024045 0.004229 -0.057696
v 0.024883 0.002208 -0.057654
v -0.014476 0.002725 -0.057900
v -0.012998 0.007139 -0.057859
v -0.013902 0.005110 -0.057827
v -0.010333 0.010092 -0.057814
v -0.011811 0.008778 -0.057867
v -0.004700 0.012830 -0.057615
v -0.006548 0.012207 -0.057659
v -0.008552 0.011276 -0.057724
v 0.011986 0.013810 -0.046932
v -0.002011 -0.013674 -0.056691
v -0.003002 -0.013408 -0.058250
v -0.001249 -0.013876 -0.054381
v -0.000472 -0.014065 -0.052034
v 0.000106 -0.014240 -0.050260
v 0.000892 -0.014378 -0.049115
v 0.001844 -0.014492 -0.048357
v 0.003376 -0.014567 -0.048068
v 0.008672 -0.014366 -0.048001
v 0.005549 -0.014564 -0.047986
v 0.015313 -0.013037 -0.048866
v 0.014137 -0.013474 -0.048300
v 0.016072 -0.012664 -0.050068
v 0.016731 -0.012309 -0.051509
v 0.017434 -0.011728 -0.053597
v 0.018177 -0.010839 -0.056200
v 0.019164 -0.009720 -0.058378
v 0.020610 -0.008504 -0.058899
v 0.022014 -0.007255 -0.058961
v 0.023282 -0.005812 -0.058953
v 0.024388 -0.004133 -0.058942
v 0.025250 -0.002024 -0.058895
v 0.025969 0.000142 -0.058910
v -0.014932 -0.002519 -0.059089
v -0.015420 0.000142 -0.059070
v -0.013377 -0.007086 -0.059058
v -0.014328 -0.004982 -0.059014
v -0.010562 -0.010148 -0.059032
v -0.012120 -0.008795 -0.059074
v -0.004659 -0.012918 -0.058821
v -0.006636 -0.012252 -0.058908
v -0.008702 -0.011330 -0.058962
v 0.011974 -0.013970 -0.048059
v -0.003003 0.013692 -0.058250
v -0.002011 0.013957 -0.056691
v -0.001249 0.014160 -0.054381
v -0.000472 0.014349 -0.052034
v 0.000105 0.014524 -0.050259
v 0.000892 0.014662 -0.049115
v 0.001844 0.014776 -0.048358
v 0.003376 0.014853 -0.048069
v 0.005549 0.014853 -0.047986
v 0.008672 0.014652 -0.048001
v 0.014137 0.013757 -0.048300
v 0.015313 0.013320 -0.048866
v 0.016071 0.012945 -0.050068
v 0.016731 0.012592 -0.051509
v 0.017435 0.012012 -0.053597
v 0.018179 0.011125 -0.056200
v 0.019166 0.010006 -0.058378
v 0.020608 0.008785 -0.058898
v 0.022011 0.007535 -0.058960
v 0.023280 0.006094 -0.058953
v 0.024386 0.004415 -0.058942
v 0.025248 0.002307 -0.058894
v -0.014932 0.002803 -0.059089
v -0.014327 0.005265 -0.059014
v -0.013377 0.007370 -0.059058
v -0.012121 0.009078 -0.059074
v -0.010563 0.010432 -0.059033
v -0.006637 0.012537 -0.058908
v -0.004659 0.013203 -0.058821
v -0.008703 0.011615 -0.058963
v 0.011975 0.014253 -0.048059
v 0.015176 -0.010887 -0.072528
v 0.014935 -0.010923 -0.072497
v 0.014726 -0.010806 -0.072449
v 0.015557 -0.011328 -0.070041
v 0.015320 -0.011365 -0.070027
v 0.015108 -0.011254 -0.070006
v 0.013654 -0.010514 -0.074630
v 0.013988 -0.010501 -0.075032
v 0.013813 -0.010644 -0.074788
v -0.000335 -0.013511 -0.069433
v -0.000101 -0.013461 -0.069431
v 0.000056 -0.013281 -0.069414
v -0.000194 -0.012895 -0.071902
v 0.000041 -0.012839 -0.071888
v 0.000187 -0.012650 -0.071847
v 0.001071 -0.015431 -0.054884
v 0.001294 -0.015360 -0.054931
v 0.001437 -0.015170 -0.054948
v 0.000490 -0.015203 -0.057384
v 0.000718 -0.015138 -0.057414
v 0.000872 -0.014956 -0.057409
v 0.002583 -0.015818 -0.050779
v 0.002734 -0.015719 -0.050954
v 0.002825 -0.015504 -0.051028
v 0.002005 -0.015752 -0.051544
v 0.002214 -0.015670 -0.051642
v 0.002340 -0.015467 -0.051678
v 0.003445 -0.015820 -0.050405
v 0.003506 -0.015714 -0.050620
v 0.003552 -0.015495 -0.050716
v 0.015610 -0.013411 -0.057414
v 0.015378 -0.013425 -0.057466
v 0.015171 -0.013307 -0.057475
v 0.015246 -0.013864 -0.054881
v 0.015022 -0.013850 -0.054973
v 0.014830 -0.013706 -0.055005
v 0.014523 -0.014394 -0.051832
v 0.014305 -0.014357 -0.051933
v 0.014140 -0.014187 -0.051974
v 0.013889 -0.014641 -0.050996
v 0.013729 -0.014572 -0.051171
v 0.013592 -0.014383 -0.051242
v 0.008631 -0.015524 -0.050394
v 0.008611 -0.015410 -0.050605
v 0.008586 -0.015189 -0.050696
v 0.006492 -0.015678 -0.050347
v 0.006481 -0.015566 -0.050560
v 0.006465 -0.015345 -0.050656
v 0.012730 -0.014927 -0.050587
v 0.012654 -0.014828 -0.050794
v 0.012559 -0.014621 -0.050879
v 0.000658 -0.012012 -0.073996
v 0.000529 -0.012191 -0.074132
v 0.000257 -0.012128 -0.074313
v 0.001580 -0.015623 -0.052849
v 0.001803 -0.015550 -0.052902
v 0.001944 -0.015357 -0.052911
v 0.014865 -0.014190 -0.052968
v 0.014654 -0.014154 -0.053091
v 0.014479 -0.013989 -0.053140
v 0.004701 -0.015773 -0.050323
v 0.004713 -0.015665 -0.050540
v 0.004733 -0.015445 -0.050640
v -0.000263 -0.013995 -0.066953
v -0.000028 -0.013946 -0.066952
v 0.000128 -0.013765 -0.066926
v 0.015787 -0.011769 -0.067477
v 0.015553 -0.011809 -0.067469
v 0.015339 -0.011709 -0.067440
v -0.000162 -0.014379 -0.064508
v 0.000073 -0.014330 -0.064513
v 0.000230 -0.014150 -0.064496
v 0.015870 -0.012168 -0.064904
v 0.015635 -0.012202 -0.064901
v 0.015423 -0.012095 -0.064882
v 0.000147 -0.014936 -0.059955
v 0.000380 -0.014879 -0.059966
v 0.000533 -0.014695 -0.059947
v -0.000020 -0.014659 -0.062291
v 0.000215 -0.014608 -0.062282
v 0.000368 -0.014423 -0.062259
v 0.015959 -0.012495 -0.062549
v 0.015725 -0.012534 -0.062554
v 0.015509 -0.012437 -0.062535
v 0.015861 -0.012903 -0.060119
v 0.015627 -0.012941 -0.060136
v 0.015411 -0.012846 -0.060120
v 0.011006 -0.015229 -0.050472
v 0.010907 -0.015125 -0.050672
v 0.010842 -0.014905 -0.050758
v 0.015556 0.011612 -0.070041
v 0.015320 0.011649 -0.070027
v 0.015109 0.011538 -0.070006
v 0.015170 0.011174 -0.072528
v 0.014933 0.011207 -0.072497
v 0.014726 0.011089 -0.072449
v 0.013654 0.010798 -0.074630
v 0.013813 0.010927 -0.074788
v 0.013988 0.010785 -0.075032
v -0.000338 0.013794 -0.069433
v -0.000102 0.013744 -0.069431
v 0.000056 0.013562 -0.069414
v -0.000200 0.013178 -0.071902
v 0.000039 0.013123 -0.071888
v 0.000187 0.012933 -0.071847
v 0.000491 0.015486 -0.057384
v 0.000719 0.015422 -0.057414
v 0.000872 0.015240 -0.057409
v 0.001071 0.015715 -0.054884
v 0.001294 0.015644 -0.054931
v 0.001437 0.015453 -0.054948
v 0.002588 0.016101 -0.050785
v 0.002735 0.016002 -0.050956
v 0.002825 0.015788 -0.051028
v 0.002007 0.016035 -0.051545
v 0.002214 0.015953 -0.051642
v 0.002340 0.015750 -0.051678
v 0.003447 0.016103 -0.050411
v 0.003506 0.015997 -0.050622
v 0.003552 0.015779 -0.050716
v 0.015244 0.014148 -0.054882
v 0.015022 0.014134 -0.054973
v 0.014831 0.013991 -0.055005
v 0.015610 0.013695 -0.057414
v 0.015378 0.013709 -0.057466
v 0.015172 0.013591 -0.057475
v 0.013895 0.014924 -0.050987
v 0.013731 0.014855 -0.051169
v 0.013592 0.014667 -0.051242
v 0.014524 0.014677 -0.051832
v 0.014306 0.014640 -0.051933
v 0.014140 0.014471 -0.051974
v 0.008631 0.015807 -0.050393
v 0.008611 0.015694 -0.050605
v 0.008585 0.015472 -0.050696
v 0.006492 0.015961 -0.050347
v 0.006481 0.015849 -0.050560
v 0.006465 0.015629 -0.050655
v 0.012732 0.015211 -0.050580
v 0.012654 0.015111 -0.050792
v 0.012559 0.014905 -0.050879
v 0.000658 0.012295 -0.073996
v 0.000257 0.012411 -0.074313
v 0.000529 0.012475 -0.074132
v 0.001581 0.015907 -0.052849
v 0.001803 0.015834 -0.052902
v 0.001944 0.015641 -0.052911
v 0.014860 0.014475 -0.052971
v 0.014653 0.014438 -0.053092
v 0.014480 0.014275 -0.053140
v 0.004701 0.016057 -0.050325
v 0.004713 0.015949 -0.050541
v 0.004733 0.015730 -0.050640
v -0.000263 0.014278 -0.066953
v -0.000028 0.014229 -0.066952
v 0.000128 0.014048 -0.066926
v 0.015787 0.012053 -0.067477
v 0.015553 0.012093 -0.067469
v 0.015339 0.011993 -0.067440
v -0.000162 0.014662 -0.064508
v 0.000073 0.014614 -0.064513
v 0.000230 0.014433 -0.064496
v 0.015870 0.012451 -0.064904
v 0.015635 0.012485 -0.064901
v 0.015423 0.012378 -0.064882
v 0.000147 0.015220 -0.059955
v 0.000380 0.015163 -0.059966
v 0.000532 0.014979 -0.059947
v -0.000020 0.014942 -0.062291
v 0.000215 0.014891 -0.062282
v 0.000368 0.014707 -0.062259
v 0.015862 0.013186 -0.060118
v 0.015628 0.013224 -0.060136
v 0.015410 0.013129 -0.060119
v 0.015959 0.012778 -0.062549
v 0.015725 0.012817 -0.062554
v 0.015509 0.012720 -0.062535
v 0.011008 0.015513 -0.050468
v 0.010908 0.015408 -0.050671
v 0.010841 0.015184 -0.050758
v -0.003001 -0.013625 -0.058240
v -0.004691 -0.013118 -0.058835
v -0.006693 -0.012443 -0.058924
v -0.008785 -0.011516 -0.058970
v -0.010681 -0.010320 -0.059030
v -0.012273 -0.008940 -0.059065
v -0.013558 -0.007195 -0.059048
v -0.014528 -0.005054 -0.059000
v -0.015144 -0.002555 -0.059073
v -0.015645 0.000142 -0.059103
v -0.015144 0.002838 -0.059073
v -0.014528 0.005337 -0.059000
v -0.013558 0.007478 -0.059048
v -0.012273 0.009223 -0.059065
v -0.010681 0.010604 -0.059030
v -0.008786 0.011802 -0.058970
v -0.006694 0.012729 -0.058924
v -0.004692 0.013403 -0.058834
v -0.003002 0.013909 -0.058239
v -0.001989 0.014182 -0.056648
v -0.001226 0.014387 -0.054323
v -0.000462 0.014576 -0.051980
v 0.000115 0.014749 -0.050214
v 0.000905 0.014887 -0.049062
v 0.001871 0.014998 -0.048329
v 0.003411 0.015071 -0.048054
v 0.005576 0.015068 -0.047979
v 0.008689 0.014867 -0.047997
v 0.011983 0.014468 -0.048057
v 0.014155 0.013974 -0.048294
v 0.015341 0.013538 -0.048853
v 0.016102 0.013166 -0.050026
v 0.016762 0.012814 -0.051478
v 0.017474 0.012233 -0.053568
v 0.018235 0.011341 -0.056177
v 0.019246 0.010212 -0.058368
v 0.020715 0.008969 -0.058894
v 0.022147 0.007693 -0.058963
v 0.023440 0.006227 -0.058959
v 0.024566 0.004516 -0.058950
v 0.025444 0.002362 -0.058906
v 0.026100 0.000142 -0.058914
v 0.025445 -0.002079 -0.058906
v 0.024568 -0.004234 -0.058950
v 0.023442 -0.005945 -0.058959
v 0.022150 -0.007413 -0.058963
v 0.020717 -0.008688 -0.058894
v 0.019243 -0.009925 -0.058368
v 0.018233 -0.011055 -0.056177
v 0.017474 -0.011948 -0.053568
v 0.016762 -0.012531 -0.051478
v 0.016103 -0.012885 -0.050026
v 0.015341 -0.013256 -0.048853
v 0.014154 -0.013691 -0.048295
v 0.011983 -0.014184 -0.048057
v 0.008689 -0.014581 -0.047997
v 0.005577 -0.014779 -0.047979
v 0.003411 -0.014785 -0.048053
v 0.001871 -0.014714 -0.048329
v 0.000906 -0.014604 -0.049062
v 0.000116 -0.014466 -0.050215
v -0.000461 -0.014292 -0.051981
v -0.001225 -0.014103 -0.054323
v -0.001989 -0.013899 -0.056648
v -0.002153 -0.013526 -0.056468
v -0.001403 -0.013718 -0.054178
v -0.000622 -0.013905 -0.051820
v -0.000018 -0.014082 -0.050017
v 0.000797 -0.014227 -0.048841
v 0.001781 -0.014353 -0.048053
v 0.003349 -0.014441 -0.047747
v 0.005536 -0.014447 -0.047655
v 0.008666 -0.014250 -0.047668
v 0.011977 -0.013856 -0.047726
v 0.014165 -0.013349 -0.047978
v 0.015380 -0.012888 -0.048576
v 0.016169 -0.012496 -0.049801
v 0.016840 -0.012131 -0.051275
v 0.017538 -0.011544 -0.053370
v 0.018256 -0.010662 -0.055955
v 0.019189 -0.009579 -0.058083
v 0.020573 -0.008406 -0.058570
v 0.021946 -0.007179 -0.058621
v 0.023202 -0.005749 -0.058611
v 0.024300 -0.004085 -0.058600
v 0.025156 -0.001998 -0.058551
v 0.025770 0.000142 -0.058768
v 0.025155 0.002281 -0.058551
v 0.024299 0.004368 -0.058599
v 0.023201 0.006031 -0.058611
v 0.021943 0.007460 -0.058620
v 0.020570 0.008687 -0.058569
v 0.019190 0.009865 -0.058083
v 0.018257 0.010947 -0.055955
v 0.017538 0.011828 -0.053370
v 0.016839 0.012414 -0.051275
v 0.016168 0.012778 -0.049801
v 0.015380 0.013171 -0.048575
v 0.014165 0.013632 -0.047978
v 0.011977 0.014140 -0.047726
v 0.008666 0.014536 -0.047668
v 0.005536 0.014734 -0.047656
v 0.003349 0.014726 -0.047747
v 0.001781 0.014637 -0.048054
v 0.000797 0.014511 -0.048841
v -0.000018 0.014365 -0.050017
v -0.000623 0.014189 -0.051820
v -0.001403 0.014002 -0.054178
v -0.002153 0.013809 -0.056468
v -0.003087 0.013570 -0.057971
v -0.004670 0.013108 -0.058496
v -0.006614 0.012453 -0.058574
v -0.008664 0.011529 -0.058631
v -0.010504 0.010345 -0.058706
v -0.012041 0.009002 -0.058750
v -0.013280 0.007311 -0.058734
v -0.014219 0.005226 -0.058692
v -0.014816 0.002783 -0.058768
v -0.015216 0.000142 -0.058828
v -0.014816 -0.002499 -0.058768
v -0.014219 -0.004942 -0.058692
v -0.013280 -0.007027 -0.058734
v -0.012041 -0.008718 -0.058750
v -0.010504 -0.010061 -0.058706
v -0.008664 -0.011243 -0.058630
v -0.006613 -0.012168 -0.058573
v -0.004669 -0.012823 -0.058495
v -0.003087 -0.013286 -0.057971
v -0.004738 -0.014081 -0.059288
v -0.004798 -0.013973 -0.059006
v -0.004786 -0.013701 -0.058874
v -0.002998 -0.014286 -0.058254
v -0.002923 -0.014567 -0.058352
v -0.002740 -0.014692 -0.058581
v -0.001919 -0.014620 -0.056504
v -0.001798 -0.014895 -0.056497
v -0.001551 -0.015033 -0.056589
v -0.001149 -0.014846 -0.054136
v -0.001026 -0.015116 -0.054110
v -0.000774 -0.015258 -0.054180
v -0.000417 -0.015025 -0.051811
v -0.000300 -0.015304 -0.051789
v -0.000047 -0.015456 -0.051860
v 0.000207 -0.015183 -0.050087
v 0.000335 -0.015466 -0.050116
v 0.000562 -0.015619 -0.050279
v 0.001007 -0.015320 -0.049008
v 0.001123 -0.015601 -0.049078
v 0.001315 -0.015743 -0.049288
v 0.002012 -0.015424 -0.048379
v 0.002131 -0.015694 -0.048493
v 0.002300 -0.015817 -0.048734
v 0.003526 -0.015466 -0.048129
v 0.003614 -0.015735 -0.048256
v 0.003743 -0.015847 -0.048516
v 0.005664 -0.015459 -0.048075
v 0.005697 -0.015715 -0.048215
v 0.005712 -0.015818 -0.048490
v 0.008737 -0.015265 -0.048105
v 0.008753 -0.015520 -0.048247
v 0.008746 -0.015624 -0.048521
v 0.011865 -0.015240 -0.048571
v 0.011973 -0.015122 -0.048309
v 0.012008 -0.014850 -0.048168
v 0.014207 -0.014371 -0.048399
v 0.014173 -0.014646 -0.048527
v 0.014041 -0.014778 -0.048765
v 0.015433 -0.013958 -0.048937
v 0.015407 -0.014229 -0.049050
v 0.015268 -0.014372 -0.049269
v 0.016201 -0.013584 -0.049978
v 0.016156 -0.013875 -0.050021
v 0.015966 -0.014051 -0.050164
v 0.016862 -0.013233 -0.051377
v 0.016818 -0.013524 -0.051407
v 0.016636 -0.013701 -0.051560
v 0.017599 -0.012649 -0.053474
v 0.017561 -0.012944 -0.053495
v 0.017368 -0.013135 -0.053619
v 0.018411 -0.011736 -0.056105
v 0.018391 -0.012041 -0.056129
v 0.018198 -0.012255 -0.056245
v 0.019484 -0.010551 -0.058333
v 0.019521 -0.010840 -0.058419
v 0.019411 -0.011014 -0.058654
v 0.021022 -0.009213 -0.058882
v 0.021113 -0.009505 -0.059000
v 0.021034 -0.009694 -0.059295
v 0.022513 -0.007883 -0.058969
v 0.022689 -0.008105 -0.059101
v 0.022702 -0.008228 -0.059403
v 0.023889 -0.006340 -0.058975
v 0.024098 -0.006519 -0.059112
v 0.024148 -0.006606 -0.059418
v 0.025076 -0.004535 -0.058973
v 0.025313 -0.004669 -0.059114
v 0.025382 -0.004728 -0.059422
v 0.025998 -0.002235 -0.058941
v 0.026257 -0.002314 -0.059088
v 0.026335 -0.002350 -0.059399
v 0.026226 0.000142 -0.059019
v 0.026542 0.000142 -0.059112
v 0.026664 0.000142 -0.059479
v -0.016168 0.003001 -0.059419
v -0.016050 0.002987 -0.059142
v -0.015771 0.002944 -0.059038
v -0.015996 0.000142 -0.059092
v -0.016275 0.000142 -0.059200
v -0.016392 0.000142 -0.059475
v -0.015771 -0.002660 -0.059038
v -0.016050 -0.002704 -0.059142
v -0.016168 -0.002718 -0.059419
v -0.015116 -0.005266 -0.058971
v -0.015383 -0.005357 -0.059079
v -0.015492 -0.005388 -0.059360
v -0.014084 -0.007514 -0.059031
v -0.014326 -0.007656 -0.059143
v -0.014422 -0.007708 -0.059424
v -0.012715 -0.009365 -0.059051
v -0.012918 -0.009556 -0.059164
v -0.012994 -0.009632 -0.059444
v -0.011020 -0.010829 -0.059031
v -0.011176 -0.011055 -0.059150
v -0.011221 -0.011150 -0.059430
v -0.009132 -0.012411 -0.059415
v -0.009122 -0.012310 -0.059133
v -0.009024 -0.012056 -0.059002
v -0.006828 -0.013008 -0.058979
v -0.006908 -0.013259 -0.059118
v -0.006906 -0.013352 -0.059401
v -0.001551 0.015316 -0.056588
v -0.001798 0.015179 -0.056497
v -0.001919 0.014903 -0.056504
v -0.002999 0.014570 -0.058253
v -0.002920 0.014851 -0.058355
v -0.002729 0.014977 -0.058594
v -0.000775 0.015541 -0.054180
v -0.001027 0.015400 -0.054109
v -0.001149 0.015129 -0.054136
v -0.000050 0.015740 -0.051857
v -0.000303 0.015588 -0.051787
v -0.000419 0.015310 -0.051809
v 0.000558 0.015901 -0.050275
v 0.000331 0.015748 -0.050112
v 0.000203 0.015464 -0.050084
v 0.001317 0.016027 -0.049290
v 0.001123 0.015884 -0.049078
v 0.001006 0.015603 -0.049007
v 0.002306 0.016102 -0.048744
v 0.002134 0.015978 -0.048497
v 0.002014 0.015708 -0.048382
v 0.003745 0.016133 -0.048521
v 0.003616 0.016022 -0.048261
v 0.003528 0.015753 -0.048133
v 0.005819 0.016103 -0.048481
v 0.005727 0.016002 -0.048212
v 0.005662 0.015741 -0.048074
v 0.008745 0.015910 -0.048520
v 0.008752 0.015806 -0.048246
v 0.008735 0.015551 -0.048103
v 0.011866 0.015523 -0.048570
v 0.011974 0.015405 -0.048307
v 0.012008 0.015133 -0.048166
v 0.015266 0.014655 -0.049272
v 0.015407 0.014511 -0.049049
v 0.015434 0.014239 -0.048936
v 0.014209 0.014653 -0.048396
v 0.014174 0.014928 -0.048526
v 0.014039 0.015061 -0.048769
v 0.015965 0.014332 -0.050163
v 0.016155 0.014156 -0.050021
v 0.016200 0.013865 -0.049978
v 0.016635 0.013984 -0.051560
v 0.016818 0.013807 -0.051408
v 0.016861 0.013516 -0.051377
v 0.017369 0.013419 -0.053618
v 0.017562 0.013228 -0.053495
v 0.017600 0.012934 -0.053474
v 0.018201 0.012540 -0.056243
v 0.018395 0.012325 -0.056127
v 0.018414 0.012021 -0.056104
v 0.019417 0.011297 -0.058653
v 0.019527 0.011124 -0.058418
v 0.019489 0.010835 -0.058332
v 0.021042 0.009969 -0.059275
v 0.021114 0.009784 -0.058994
v 0.021020 0.009493 -0.058881
v 0.022699 0.008509 -0.059402
v 0.022685 0.008386 -0.059101
v 0.022509 0.008164 -0.058968
v 0.024146 0.006888 -0.059418
v 0.024096 0.006802 -0.059112
v 0.023888 0.006622 -0.058975
v 0.025380 0.005011 -0.059422
v 0.025311 0.004951 -0.059113
v 0.025074 0.004817 -0.058973
v 0.026334 0.002633 -0.059398
v 0.026256 0.002597 -0.059087
v 0.025998 0.002518 -0.058940
v -0.015492 0.005672 -0.059360
v -0.015383 0.005640 -0.059079
v -0.015116 0.005549 -0.058971
v -0.014422 0.007992 -0.059424
v -0.014326 0.007939 -0.059143
v -0.014084 0.007798 -0.059031
v -0.012994 0.009915 -0.059445
v -0.012918 0.009840 -0.059164
v -0.012715 0.009648 -0.059051
v -0.011222 0.011434 -0.059431
v -0.011176 0.011340 -0.059150
v -0.011021 0.011113 -0.059032
v -0.009134 0.012696 -0.059416
v -0.009124 0.012597 -0.059133
v -0.009027 0.012345 -0.059003
v -0.004743 0.014366 -0.059274
v -0.004801 0.014258 -0.059000
v -0.004787 0.013986 -0.058872
v -0.006829 0.013291 -0.058978
v -0.006909 0.013544 -0.059118
v -0.006907 0.013638 -0.059403
v 0.011424 0.011249 -0.075576
v 0.009421 0.011526 -0.075606
v 0.007503 0.011685 -0.075582
v 0.005775 0.011803 -0.075568
v 0.004176 0.011921 -0.075486
v 0.002347 0.012084 -0.075163
v 0.011424 -0.010966 -0.075576
v 0.009421 -0.011242 -0.075606
v 0.007503 -0.011402 -0.075582
v 0.005775 -0.011520 -0.075568
v 0.004176 -0.011637 -0.075486
v 0.002347 -0.011800 -0.075163
v 0.002411 0.011928 -0.074788
v 0.004206 0.011795 -0.075042
v 0.005797 0.011682 -0.075112
v 0.007533 0.011552 -0.075150
v 0.009458 0.011386 -0.075189
v 0.011438 0.011117 -0.075144
v 0.002411 -0.011645 -0.074788
v 0.004206 -0.011512 -0.075042
v 0.005797 -0.011398 -0.075112
v 0.007533 -0.011269 -0.075150
v 0.009458 -0.011103 -0.075189
v 0.011438 -0.010834 -0.075144
v 0.000278 0.013886 -0.072336
v 0.014060 0.012066 -0.074275
v 0.012617 0.012259 -0.075065
v 0.014826 0.012203 -0.073004
v 0.002475 0.013274 -0.074963
v 0.000829 0.013498 -0.073994
v 0.013582 0.015754 -0.051422
v 0.014211 0.015537 -0.052105
v 0.012575 0.015859 -0.051056
v 0.002304 0.016786 -0.052128
v 0.002880 0.016857 -0.051290
v 0.003655 0.016835 -0.050883
v 0.000994 0.016392 -0.057573
v 0.015210 0.014905 -0.057574
v 0.007360 0.012475 -0.075315
v 0.008140 0.016567 -0.050890
v 0.000174 0.014684 -0.069534
v 0.015324 0.012832 -0.069792
v 0.015561 0.013652 -0.065903
v 0.000319 0.015531 -0.065898
v 0.015650 0.014096 -0.062799
v 0.000438 0.015876 -0.062796
v 0.015440 0.014605 -0.059966
v 0.000718 0.016266 -0.059965
v 0.014796 0.015280 -0.054882
v 0.001589 0.016658 -0.054824
v 0.015029 0.013289 -0.057630
v 0.015259 0.012905 -0.060033
v 0.000392 0.012505 -0.072313
v 0.000203 0.013174 -0.069545
v 0.000443 0.014377 -0.062795
v 0.000648 0.014676 -0.059893
v 0.014070 0.014035 -0.052252
v 0.014659 0.013760 -0.054985
v 0.013740 0.010685 -0.073943
v 0.012526 0.010878 -0.074755
v 0.014263 0.010678 -0.073034
v 0.015236 0.011969 -0.066074
v 0.014914 0.011218 -0.069937
v 0.007390 0.011371 -0.074920
v 0.002579 0.011894 -0.074602
v 0.001048 0.012118 -0.073801
v 0.013580 0.014308 -0.051428
v 0.002212 0.015405 -0.052092
v 0.003626 0.015454 -0.050748
v 0.000989 0.014806 -0.057502
v 0.001542 0.015183 -0.054795
v 0.008143 0.015186 -0.050718
v 0.000284 0.013903 -0.065880
v 0.015353 0.012406 -0.062981
v 0.002725 0.015455 -0.051226
v 0.012678 0.014495 -0.050981
v 0.000695 0.014397 -0.072165
v 0.000623 0.015038 -0.069466
v 0.000732 0.015708 -0.065914
v 0.000854 0.016109 -0.062811
v 0.001135 0.016424 -0.059970
v 0.001382 0.016629 -0.057579
v 0.001917 0.016856 -0.054954
v 0.002554 0.017037 -0.052374
v 0.003102 0.017103 -0.051583
v 0.003866 0.017102 -0.051172
v 0.008133 0.016823 -0.051183
v 0.012364 0.016250 -0.051303
v 0.013362 0.016057 -0.051659
v 0.013952 0.015885 -0.052387
v 0.014407 0.015568 -0.054990
v 0.014788 0.015202 -0.057583
v 0.014989 0.014878 -0.059974
v 0.015194 0.014403 -0.062811
v 0.015120 0.013956 -0.065916
v 0.014984 0.013255 -0.069669
v 0.014532 0.012744 -0.072582
v 0.013819 0.012597 -0.073902
v 0.012361 0.012781 -0.074655
v 0.007467 0.013321 -0.074918
v 0.002778 0.013723 -0.074596
v 0.001250 0.013978 -0.073724
v 0.015306 0.014394 -0.057570
v 0.014883 0.014801 -0.054888
v 0.014225 0.015072 -0.052123
v 0.013622 0.015310 -0.051370
v 0.012614 0.015444 -0.050999
v 0.008142 0.016149 -0.050795
v 0.003635 0.016417 -0.050795
v 0.002793 0.016434 -0.051227
v 0.002229 0.016368 -0.052098
v 0.001532 0.016217 -0.054791
v 0.000955 0.015916 -0.057534
v 0.000620 0.015792 -0.059929
v 0.000395 0.015426 -0.062789
v 0.000226 0.015040 -0.065887
v 0.000119 0.014221 -0.069537
v 0.000276 0.013460 -0.072336
v 0.000828 0.013059 -0.073990
v 0.002480 0.012829 -0.074932
v 0.007369 0.012134 -0.075204
v 0.012614 0.011809 -0.075062
v 0.014026 0.011616 -0.074238
v 0.014734 0.011709 -0.073040
v 0.015363 0.012304 -0.069845
v 0.015660 0.013095 -0.065957
v 0.015737 0.013550 -0.062848
v 0.015575 0.014060 -0.059968
v 0.004985 0.011633 -0.074761
v 0.004924 0.012482 -0.075068
v 0.004917 0.012874 -0.075139
v 0.005122 0.013522 -0.074757
v 0.006000 0.016962 -0.051177
v 0.005898 0.016701 -0.050886
v 0.005889 0.016283 -0.050795
v 0.005885 0.015320 -0.050733
v 0.010411 0.014841 -0.050849
v 0.010378 0.015797 -0.050897
v 0.010357 0.016213 -0.050973
v 0.010249 0.016536 -0.051243
v 0.009914 0.013051 -0.074786
v 0.009988 0.012367 -0.075190
v 0.009991 0.011972 -0.075133
v 0.009958 0.011125 -0.074837
v 0.011268 0.015246 -0.059897
v 0.011267 0.015483 -0.057514
v 0.009585 0.015676 -0.057513
v 0.009584 0.015443 -0.059898
v 0.007900 0.015639 -0.059904
v 0.007881 0.015871 -0.057517
v 0.004498 0.015921 -0.059896
v 0.004505 0.016154 -0.057511
v 0.011240 0.013536 -0.070829
v 0.004108 0.014308 -0.070893
v 0.007691 0.014014 -0.070878
v 0.009476 0.013778 -0.070837
v 0.011273 0.015855 -0.053707
v 0.004606 0.016532 -0.053497
v 0.009611 0.016046 -0.053643
v 0.007948 0.016235 -0.053616
v 0.011249 0.013990 -0.068787
v 0.007761 0.014460 -0.068836
v 0.009511 0.014228 -0.068793
v 0.004243 0.014744 -0.068843
v 0.004556 0.016351 -0.055404
v 0.009565 0.015876 -0.055429
v 0.007924 0.016060 -0.055457
v 0.011201 0.015693 -0.055401
v 0.005900 0.014161 -0.070885
v 0.005997 0.014601 -0.068845
v 0.006187 0.015781 -0.059902
v 0.006189 0.016013 -0.057513
v 0.006226 0.016206 -0.055432
v 0.006263 0.016384 -0.053570
v 0.011256 0.014532 -0.065810
v 0.009555 0.014753 -0.065826
v 0.007840 0.014974 -0.065850
v 0.006113 0.015110 -0.065856
v 0.004396 0.015246 -0.065863
v 0.011261 0.014945 -0.062732
v 0.009580 0.015154 -0.062725
v 0.007888 0.015361 -0.062742
v 0.006184 0.015497 -0.062746
v 0.004493 0.015634 -0.062728
v 0.013363 0.014828 -0.059891
v 0.013433 0.014873 -0.059898
v 0.013282 0.015164 -0.057517
v 0.013212 0.015118 -0.057511
v 0.002706 0.015992 -0.059903
v 0.002764 0.015932 -0.059902
v 0.002926 0.016154 -0.057521
v 0.002867 0.016214 -0.057519
v 0.013094 0.013137 -0.070881
v 0.013024 0.013096 -0.070857
v 0.012550 0.012901 -0.072220
v 0.012607 0.012938 -0.072276
v 0.011271 0.013046 -0.072722
v 0.011282 0.013088 -0.072795
v 0.002409 0.014259 -0.071065
v 0.002350 0.014315 -0.071085
v 0.002787 0.013998 -0.072341
v 0.002833 0.013949 -0.072285
v 0.003905 0.013816 -0.072855
v 0.003909 0.013774 -0.072782
v 0.007546 0.013501 -0.072783
v 0.007548 0.013543 -0.072855
v 0.009420 0.013315 -0.072820
v 0.009415 0.013274 -0.072748
v 0.011445 0.015960 -0.052492
v 0.011429 0.015899 -0.052548
v 0.012310 0.015747 -0.052693
v 0.012360 0.015803 -0.052645
v 0.012636 0.015629 -0.053401
v 0.012703 0.015678 -0.053389
v 0.003499 0.016600 -0.053287
v 0.003554 0.016539 -0.053307
v 0.003943 0.016587 -0.052757
v 0.003902 0.016649 -0.052715
v 0.004510 0.016589 -0.052434
v 0.004508 0.016652 -0.052377
v 0.009705 0.016100 -0.052518
v 0.009716 0.016162 -0.052463
v 0.007971 0.016366 -0.052426
v 0.007964 0.016303 -0.052482
v 0.013304 0.013486 -0.069024
v 0.013232 0.013445 -0.069010
v 0.002431 0.014717 -0.068952
v 0.002372 0.014774 -0.068965
v 0.003174 0.016408 -0.055254
v 0.003233 0.016349 -0.055259
v 0.012949 0.015366 -0.055227
v 0.013018 0.015413 -0.055225
v 0.005726 0.013639 -0.072778
v 0.005725 0.013680 -0.072851
v 0.006238 0.016509 -0.052403
v 0.006234 0.016446 -0.052458
v 0.013561 0.014052 -0.065813
v 0.013490 0.014009 -0.065803
v 0.002447 0.015253 -0.065822
v 0.002388 0.015312 -0.065828
v 0.013592 0.014483 -0.062724
v 0.013520 0.014440 -0.062720
v 0.002601 0.015646 -0.062737
v 0.002543 0.015705 -0.062741
v 0.011444 0.013547 -0.073046
v 0.011388 0.013545 -0.072950
v 0.011350 0.013462 -0.072889
v 0.012808 0.013387 -0.072515
v 0.012740 0.013390 -0.072424
v 0.012691 0.013309 -0.072365
v 0.013310 0.013582 -0.071123
v 0.013230 0.013583 -0.071029
v 0.013175 0.013496 -0.070967
v 0.013566 0.013944 -0.069138
v 0.013461 0.013941 -0.069128
v 0.013396 0.013860 -0.069107
v 0.003844 0.014290 -0.073119
v 0.003902 0.014279 -0.073024
v 0.003923 0.014192 -0.072960
v 0.005718 0.014149 -0.073130
v 0.005749 0.014141 -0.073026
v 0.005755 0.014057 -0.072959
v 0.002678 0.014479 -0.072578
v 0.002759 0.014466 -0.072499
v 0.002793 0.014380 -0.072444
v 0.002229 0.014807 -0.071285
v 0.002315 0.014787 -0.071223
v 0.002352 0.014694 -0.071177
v 0.012918 0.016175 -0.053353
v 0.012830 0.016153 -0.053410
v 0.012777 0.016060 -0.053427
v 0.012566 0.016301 -0.052574
v 0.012478 0.016279 -0.052647
v 0.012425 0.016182 -0.052672
v 0.011624 0.016465 -0.052397
v 0.011546 0.016437 -0.052484
v 0.011499 0.016334 -0.052516
v 0.003814 0.017179 -0.052635
v 0.003879 0.017142 -0.052713
v 0.003906 0.017042 -0.052741
v 0.003383 0.017126 -0.053222
v 0.003467 0.017090 -0.053289
v 0.003502 0.016989 -0.053313
v 0.004450 0.017180 -0.052275
v 0.004505 0.017141 -0.052366
v 0.004525 0.017039 -0.052400
v 0.003028 0.016933 -0.055275
v 0.003127 0.016900 -0.055290
v 0.003170 0.016804 -0.055289
v 0.009838 0.016678 -0.052353
v 0.009790 0.016646 -0.052448
v 0.009760 0.016546 -0.052484
v 0.002723 0.016740 -0.057550
v 0.002823 0.016706 -0.057558
v 0.002865 0.016610 -0.057555
v 0.002566 0.016520 -0.059943
v 0.002665 0.016485 -0.059947
v 0.002707 0.016389 -0.059941
v 0.013528 0.015646 -0.057573
v 0.013423 0.015635 -0.057568
v 0.013362 0.015550 -0.057557
v 0.013259 0.015901 -0.055254
v 0.013155 0.015887 -0.055264
v 0.013094 0.015801 -0.055261
v 0.007593 0.014010 -0.073132
v 0.007596 0.014005 -0.073027
v 0.007589 0.013924 -0.072961
v 0.009520 0.013777 -0.073093
v 0.009493 0.013774 -0.072990
v 0.009471 0.013693 -0.072923
v 0.008046 0.016892 -0.052314
v 0.008033 0.016856 -0.052413
v 0.008019 0.016758 -0.052450
v 0.006246 0.017035 -0.052288
v 0.006268 0.016998 -0.052387
v 0.006270 0.016897 -0.052425
v 0.002231 0.015284 -0.069090
v 0.002329 0.015258 -0.069057
v 0.002371 0.015164 -0.069027
v 0.013825 0.014516 -0.065898
v 0.013720 0.014512 -0.065890
v 0.013655 0.014430 -0.065873
v 0.013853 0.014955 -0.062786
v 0.013748 0.014947 -0.062787
v 0.013684 0.014865 -0.062777
v 0.002248 0.015834 -0.065898
v 0.002347 0.015801 -0.065891
v 0.002390 0.015706 -0.065878
v 0.013687 0.015352 -0.059960
v 0.013582 0.015342 -0.059954
v 0.013520 0.015258 -0.059942
v 0.002404 0.016231 -0.062786
v 0.002503 0.016197 -0.062787
v 0.002545 0.016101 -0.062778
v 0.012596 0.013342 -0.070928
v 0.012596 0.013189 -0.070956
v 0.012596 0.013220 -0.070761
v 0.012596 0.013342 -0.070790
v 0.012596 0.013370 -0.070859
v 0.012540 0.013400 -0.070986
v 0.012540 0.013188 -0.071039
v 0.012540 0.013249 -0.070678
v 0.012540 0.013400 -0.070731
v 0.012540 0.013453 -0.070859
v 0.012458 0.013439 -0.071025
v 0.012458 0.013199 -0.071094
v 0.012458 0.013273 -0.070623
v 0.012458 0.013458 -0.070692
v 0.012458 0.013508 -0.070859
v 0.012360 0.013475 -0.071039
v 0.012360 0.013215 -0.071113
v 0.012360 0.013273 -0.070604
v 0.012360 0.013492 -0.070678
v 0.012360 0.013549 -0.070859
v 0.003132 0.014521 -0.071039
v 0.003132 0.014255 -0.071113
v 0.003132 0.014322 -0.070604
v 0.003132 0.014521 -0.070678
v 0.003132 0.014596 -0.070859
v 0.003035 0.014507 -0.071025
v 0.003035 0.014256 -0.071094
v 0.003035 0.014322 -0.070623
v 0.003035 0.014507 -0.070692
v 0.003035 0.014576 -0.070859
v 0.002952 0.014468 -0.070986
v 0.002952 0.014263 -0.071039
v 0.002952 0.014318 -0.070678
v 0.002952 0.014468 -0.070731
v 0.002952 0.014521 -0.070859
v 0.002897 0.014410 -0.070928
v 0.002897 0.014276 -0.070956
v 0.002897 0.014305 -0.070761
v 0.002897 0.014410 -0.070790
v 0.002897 0.014438 -0.070859
v 0.012615 0.013201 -0.070859
v 0.002877 0.014294 -0.070859
v 0.007771 0.014036 -0.070604
v 0.007771 0.014225 -0.070678
v 0.007771 0.014299 -0.070859
v 0.007771 0.014225 -0.071039
v 0.007771 0.013944 -0.071113
v 0.009691 0.013752 -0.070604
v 0.009691 0.013942 -0.070678
v 0.009691 0.014015 -0.070859
v 0.009691 0.013942 -0.071039
v 0.009691 0.013660 -0.071113
v 0.011200 0.013540 -0.070604
v 0.011200 0.013729 -0.070678
v 0.011200 0.013804 -0.070859
v 0.011200 0.013729 -0.071039
v 0.011200 0.013448 -0.071113
v 0.005645 0.014213 -0.070604
v 0.005645 0.014406 -0.070678
v 0.005645 0.014480 -0.070859
v 0.005645 0.014406 -0.071039
v 0.005645 0.014126 -0.071113
v 0.011780 0.013431 -0.070604
v 0.011780 0.013620 -0.070678
v 0.011780 0.013695 -0.070859
v 0.011780 0.013620 -0.071039
v 0.011780 0.013340 -0.071113
v 0.004292 0.014300 -0.070604
v 0.004292 0.014494 -0.070678
v 0.004292 0.014568 -0.070859
v 0.004292 0.014494 -0.071039
v 0.004292 0.014214 -0.071113
v 0.003712 0.014306 -0.070604
v 0.003712 0.014486 -0.070678
v 0.003712 0.014579 -0.070859
v 0.003712 0.014504 -0.071039
v 0.003712 0.014236 -0.071113
v 0.012070 0.013368 -0.070604
v 0.012070 0.013557 -0.070678
v 0.012070 0.013632 -0.070859
v 0.012070 0.013557 -0.071039
v 0.012070 0.013277 -0.071113
v 0.012548 0.013205 -0.070937
v 0.012505 0.013199 -0.071000
v 0.012550 0.013234 -0.070785
v 0.012505 0.013257 -0.070718
v 0.012439 0.013206 -0.071044
v 0.012437 0.013276 -0.070673
v 0.012356 0.013221 -0.071060
v 0.012355 0.013275 -0.070657
v 0.012071 0.013282 -0.071060
v 0.012071 0.013369 -0.070658
v 0.003137 0.014260 -0.071060
v 0.003055 0.014263 -0.071045
v 0.003137 0.014323 -0.070657
v 0.003055 0.014325 -0.070673
v 0.002989 0.014274 -0.071002
v 0.002988 0.014325 -0.070717
v 0.002945 0.014291 -0.070938
v 0.002944 0.014319 -0.070783
v 0.012564 0.013219 -0.070861
v 0.002928 0.014311 -0.070861
v 0.007771 0.014036 -0.070658
v 0.005645 0.014213 -0.070657
v 0.007772 0.013951 -0.071060
v 0.005646 0.014133 -0.071060
v 0.009691 0.013752 -0.070657
v 0.009692 0.013667 -0.071060
v 0.011200 0.013540 -0.070657
v 0.011201 0.013454 -0.071060
v 0.004292 0.014300 -0.070657
v 0.004292 0.014220 -0.071060
v 0.011780 0.013431 -0.070657
v 0.011781 0.013346 -0.071060
v 0.003712 0.014306 -0.070657
v 0.003712 0.014242 -0.071060
v 0.012996 0.014649 -0.063099
v 0.012996 0.014496 -0.063127
v 0.012996 0.014527 -0.062932
v 0.012996 0.014649 -0.062961
v 0.012996 0.014677 -0.063030
v 0.012941 0.014707 -0.063157
v 0.012941 0.014495 -0.063210
v 0.012941 0.014556 -0.062849
v 0.012941 0.014707 -0.062902
v 0.012941 0.014760 -0.063030
v 0.012858 0.014746 -0.063196
v 0.012858 0.014506 -0.063265
v 0.012858 0.014580 -0.062794
v 0.012858 0.014765 -0.062863
v 0.012858 0.014815 -0.063030
v 0.012760 0.014782 -0.063210
v 0.012760 0.014522 -0.063285
v 0.012760 0.014580 -0.062775
v 0.012760 0.014800 -0.062849
v 0.012760 0.014856 -0.063030
v 0.003223 0.015840 -0.063210
v 0.003223 0.015574 -0.063285
v 0.003223 0.015642 -0.062775
v 0.003223 0.015840 -0.062849
v 0.003223 0.015915 -0.063030
v 0.003126 0.015827 -0.063196
v 0.003126 0.015575 -0.063265
v 0.003126 0.015642 -0.062794
v 0.003126 0.015827 -0.062863
v 0.003126 0.015896 -0.063030
v 0.003043 0.015788 -0.063157
v 0.003043 0.015583 -0.063210
v 0.003043 0.015637 -0.062849
v 0.003043 0.015788 -0.062902
v 0.003043 0.015840 -0.063030
v 0.002988 0.015729 -0.063099
v 0.002988 0.015595 -0.063127
v 0.002988 0.015625 -0.062932
v 0.002988 0.015729 -0.062961
v 0.002988 0.015758 -0.063030
v 0.013015 0.014508 -0.063030
v 0.002969 0.015613 -0.063030
v 0.007771 0.015386 -0.062775
v 0.007771 0.015575 -0.062849
v 0.007771 0.015649 -0.063030
v 0.007771 0.015575 -0.063210
v 0.007771 0.015294 -0.063285
v 0.010091 0.015102 -0.062775
v 0.010091 0.015292 -0.062849
v 0.010091 0.015365 -0.063030
v 0.010091 0.015292 -0.063210
v 0.010091 0.015010 -0.063285
v 0.011601 0.014856 -0.062775
v 0.011601 0.015046 -0.062849
v 0.011601 0.015120 -0.063030
v 0.011601 0.015046 -0.063210
v 0.011601 0.014765 -0.063285
v 0.005543 0.015573 -0.062775
v 0.005543 0.015766 -0.062849
v 0.005543 0.015840 -0.063030
v 0.005543 0.015766 -0.063210
v 0.005543 0.015487 -0.063285
v 0.012181 0.014739 -0.062775
v 0.012181 0.014927 -0.062849
v 0.012181 0.015002 -0.063030
v 0.012181 0.014927 -0.063210
v 0.012181 0.014647 -0.063285
v 0.004383 0.015630 -0.062775
v 0.004383 0.015824 -0.062849
v 0.004383 0.015898 -0.063030
v 0.004383 0.015824 -0.063210
v 0.004383 0.015544 -0.063285
v 0.003803 0.015638 -0.062775
v 0.003803 0.015818 -0.062849
v 0.003803 0.015911 -0.063030
v 0.003803 0.015836 -0.063210
v 0.003803 0.015568 -0.063285
v 0.012471 0.014675 -0.062775
v 0.012471 0.014864 -0.062849
v 0.012471 0.014939 -0.063030
v 0.012471 0.014864 -0.063210
v 0.012471 0.014584 -0.063285
v 0.012949 0.014512 -0.063108
v 0.012905 0.014506 -0.063171
v 0.012950 0.014541 -0.062956
v 0.012906 0.014564 -0.062890
v 0.012839 0.014513 -0.063215
v 0.012838 0.014583 -0.062844
v 0.012756 0.014528 -0.063231
v 0.012755 0.014582 -0.062828
v 0.012472 0.014590 -0.063231
v 0.012471 0.014676 -0.062829
v 0.003229 0.015580 -0.063231
v 0.003146 0.015582 -0.063216
v 0.003229 0.015643 -0.062828
v 0.003146 0.015645 -0.062844
v 0.003081 0.015593 -0.063173
v 0.003080 0.015645 -0.062888
v 0.003036 0.015610 -0.063109
v 0.003035 0.015639 -0.062954
v 0.012965 0.014526 -0.063032
v 0.003020 0.015631 -0.063032
v 0.007771 0.015386 -0.062829
v 0.005543 0.015573 -0.062829
v 0.007772 0.015301 -0.063231
v 0.005543 0.015493 -0.063231
v 0.010091 0.015102 -0.062829
v 0.010092 0.015017 -0.063231
v 0.011601 0.014856 -0.062829
v 0.011602 0.014771 -0.063231
v 0.004383 0.015630 -0.062829
v 0.004384 0.015550 -0.063231
v 0.012181 0.014738 -0.062829
v 0.012182 0.014653 -0.063231
v 0.003803 0.015638 -0.062829
v 0.003804 0.015574 -0.063231
v 0.012347 0.015657 -0.055206
v 0.012347 0.015504 -0.055234
v 0.012347 0.015535 -0.055039
v 0.012347 0.015657 -0.055068
v 0.012347 0.015685 -0.055137
v 0.012292 0.015715 -0.055264
v 0.012292 0.015503 -0.055317
v 0.012292 0.015564 -0.054957
v 0.012292 0.015715 -0.055009
v 0.012292 0.015768 -0.055137
v 0.012210 0.015754 -0.055303
v 0.012210 0.015514 -0.055372
v 0.012210 0.015588 -0.054901
v 0.012210 0.015773 -0.054970
v 0.012210 0.015823 -0.055137
v 0.012112 0.015789 -0.055317
v 0.012112 0.015530 -0.055392
v 0.012112 0.015588 -0.054882
v 0.012112 0.015807 -0.054957
v 0.012112 0.015864 -0.055137
v 0.003874 0.016604 -0.055319
v 0.003874 0.016338 -0.055394
v 0.003874 0.016405 -0.054884
v 0.003874 0.016604 -0.054959
v 0.003874 0.016679 -0.055139
v 0.003776 0.016590 -0.055306
v 0.003776 0.016339 -0.055375
v 0.003776 0.016405 -0.054904
v 0.003776 0.016590 -0.054973
v 0.003776 0.016659 -0.055139
v 0.003693 0.016551 -0.055267
v 0.003693 0.016346 -0.055319
v 0.003693 0.016401 -0.054959
v 0.003693 0.016551 -0.055012
v 0.003693 0.016604 -0.055139
v 0.003638 0.016493 -0.055208
v 0.003638 0.016359 -0.055237
v 0.003638 0.016388 -0.055042
v 0.003638 0.016493 -0.055070
v 0.003638 0.016521 -0.055139
v 0.012367 0.015516 -0.055137
v 0.003619 0.016377 -0.055139
v 0.007771 0.016146 -0.054882
v 0.007771 0.016335 -0.054957
v 0.007771 0.016409 -0.055137
v 0.007771 0.016335 -0.055317
v 0.007771 0.016054 -0.055392
v 0.009916 0.015917 -0.054882
v 0.009916 0.016107 -0.054957
v 0.009916 0.016180 -0.055137
v 0.009916 0.016107 -0.055317
v 0.009916 0.015825 -0.055392
v 0.010952 0.015793 -0.054882
v 0.010952 0.015982 -0.054957
v 0.010952 0.016057 -0.055137
v 0.010952 0.015982 -0.055317
v 0.010952 0.015701 -0.055392
v 0.006193 0.016279 -0.054884
v 0.006193 0.016472 -0.054959
v 0.006193 0.016546 -0.055139
v 0.006193 0.016472 -0.055319
v 0.006193 0.016193 -0.055394
v 0.011532 0.015710 -0.054882
v 0.011532 0.015899 -0.054957
v 0.011532 0.015974 -0.055137
v 0.011532 0.015899 -0.055317
v 0.011532 0.015619 -0.055392
v 0.005034 0.016358 -0.054884
v 0.005034 0.016552 -0.054959
v 0.005034 0.016626 -0.055139
v 0.005034 0.016552 -0.055319
v 0.005034 0.016272 -0.055394
v 0.004454 0.016390 -0.054884
v 0.004454 0.016570 -0.054959
v 0.004454 0.016663 -0.055139
v 0.004454 0.016588 -0.055319
v 0.004454 0.016320 -0.055394
v 0.011822 0.015665 -0.054882
v 0.011822 0.015854 -0.054957
v 0.011822 0.015929 -0.055137
v 0.011822 0.015854 -0.055317
v 0.011822 0.015574 -0.055392
v 0.012300 0.015520 -0.055215
v 0.012257 0.015514 -0.055279
v 0.012302 0.015549 -0.055063
v 0.012257 0.015572 -0.054997
v 0.012191 0.015521 -0.055323
v 0.012189 0.015591 -0.054951
v 0.012108 0.015536 -0.055338
v 0.012107 0.015590 -0.054935
v 0.011823 0.015579 -0.055338
v 0.011823 0.015666 -0.054936
v 0.003879 0.016343 -0.055341
v 0.003796 0.016346 -0.055325
v 0.003879 0.016406 -0.054938
v 0.003796 0.016408 -0.054953
v 0.003731 0.016357 -0.055282
v 0.003730 0.016408 -0.054998
v 0.003686 0.016374 -0.055218
v 0.003685 0.016402 -0.055064
v 0.012316 0.015533 -0.055140
v 0.003670 0.016394 -0.055142
v 0.007771 0.016146 -0.054936
v 0.006193 0.016279 -0.054938
v 0.007772 0.016061 -0.055338
v 0.006194 0.016199 -0.055341
v 0.009916 0.015917 -0.054936
v 0.009917 0.015832 -0.055338
v 0.010952 0.015793 -0.054936
v 0.010953 0.015707 -0.055338
v 0.005034 0.016358 -0.054938
v 0.005034 0.016278 -0.055340
v 0.011532 0.015710 -0.054936
v 0.011533 0.015625 -0.055338
v 0.004454 0.016390 -0.054938
v 0.004454 0.016326 -0.055340
v 0.012753 0.015305 -0.057553
v 0.012753 0.015152 -0.057581
v 0.012753 0.015183 -0.057386
v 0.012753 0.015305 -0.057415
v 0.012753 0.015333 -0.057484
v 0.012698 0.015363 -0.057611
v 0.012698 0.015151 -0.057664
v 0.012698 0.015212 -0.057304
v 0.012698 0.015363 -0.057356
v 0.012698 0.015416 -0.057484
v 0.012615 0.015402 -0.057650
v 0.012615 0.015162 -0.057719
v 0.012615 0.015236 -0.057248
v 0.012615 0.015421 -0.057317
v 0.012615 0.015471 -0.057484
v 0.012518 0.015437 -0.057664
v 0.012518 0.015178 -0.057739
v 0.012518 0.015236 -0.057229
v 0.012518 0.015455 -0.057304
v 0.012518 0.015512 -0.057484
v 0.003604 0.016384 -0.057666
v 0.003604 0.016117 -0.057741
v 0.003604 0.016185 -0.057231
v 0.003604 0.016384 -0.057306
v 0.003604 0.016458 -0.057486
v 0.003507 0.016370 -0.057652
v 0.003507 0.016118 -0.057721
v 0.003507 0.016185 -0.057250
v 0.003507 0.016370 -0.057319
v 0.003507 0.016439 -0.057486
v 0.003424 0.016331 -0.057613
v 0.003424 0.016126 -0.057666
v 0.003424 0.016181 -0.057306
v 0.003424 0.016331 -0.057358
v 0.003424 0.016384 -0.057486
v 0.003369 0.016272 -0.057555
v 0.003369 0.016139 -0.057584
v 0.003369 0.016168 -0.057388
v 0.003369 0.016272 -0.057417
v 0.003369 0.016301 -0.057486
v 0.012773 0.015164 -0.057484
v 0.003349 0.016157 -0.057486
v 0.007771 0.015962 -0.057229
v 0.007771 0.016150 -0.057304
v 0.007771 0.016225 -0.057484
v 0.007771 0.016150 -0.057664
v 0.007771 0.015870 -0.057739
v 0.009916 0.015696 -0.057229
v 0.009916 0.015886 -0.057304
v 0.009916 0.015959 -0.057484
v 0.009916 0.015886 -0.057664
v 0.009916 0.015604 -0.057739
v 0.011358 0.015478 -0.057229
v 0.011358 0.015667 -0.057304
v 0.011358 0.015742 -0.057484
v 0.011358 0.015667 -0.057664
v 0.011358 0.015386 -0.057739
v 0.005924 0.016116 -0.057231
v 0.005924 0.016309 -0.057306
v 0.005924 0.016384 -0.057486
v 0.005924 0.016309 -0.057666
v 0.005924 0.016030 -0.057741
v 0.011938 0.015384 -0.057229
v 0.011938 0.015573 -0.057304
v 0.011938 0.015647 -0.057484
v 0.011938 0.015573 -0.057664
v 0.011938 0.015292 -0.057739
v 0.004764 0.016173 -0.057231
v 0.004764 0.016367 -0.057306
v 0.004764 0.016442 -0.057486
v 0.004764 0.016367 -0.057666
v 0.004764 0.016087 -0.057741
v 0.004184 0.016181 -0.057231
v 0.004184 0.016361 -0.057306
v 0.004184 0.016454 -0.057486
v 0.004184 0.016379 -0.057666
v 0.004184 0.016112 -0.057741
v 0.012228 0.015331 -0.057229
v 0.012228 0.015520 -0.057304
v 0.012228 0.015595 -0.057484
v 0.012228 0.015520 -0.057664
v 0.012228 0.015240 -0.057739
v 0.012706 0.015168 -0.057562
v 0.012662 0.015162 -0.057625
v 0.012707 0.015197 -0.057410
v 0.012663 0.015220 -0.057344
v 0.012597 0.015169 -0.057669
v 0.012595 0.015239 -0.057298
v 0.012513 0.015184 -0.057685
v 0.012512 0.015238 -0.057282
v 0.012229 0.015245 -0.057685
v 0.012228 0.015331 -0.057283
v 0.003609 0.016123 -0.057688
v 0.003527 0.016125 -0.057672
v 0.003609 0.016186 -0.057285
v 0.003527 0.016188 -0.057300
v 0.003461 0.016137 -0.057629
v 0.003460 0.016188 -0.057345
v 0.003417 0.016154 -0.057565
v 0.003416 0.016182 -0.057411
v 0.012722 0.015182 -0.057486
v 0.003400 0.016174 -0.057488
v 0.007771 0.015962 -0.057283
v 0.005924 0.016117 -0.057285
v 0.007772 0.015876 -0.057685
v 0.005924 0.016036 -0.057687
v 0.009916 0.015696 -0.057283
v 0.009917 0.015610 -0.057685
v 0.011358 0.015478 -0.057283
v 0.011359 0.015392 -0.057685
v 0.004764 0.016174 -0.057285
v 0.004764 0.016094 -0.057687
v 0.011938 0.015384 -0.057283
v 0.011939 0.015299 -0.057685
v 0.004184 0.016181 -0.057285
v 0.004184 0.016117 -0.057687
v 0.012929 0.014994 -0.060217
v 0.012929 0.014841 -0.060245
v 0.012929 0.014872 -0.060050
v 0.012929 0.014994 -0.060079
v 0.012929 0.015022 -0.060148
v 0.012873 0.015052 -0.060275
v 0.012873 0.014840 -0.060328
v 0.012873 0.014901 -0.059968
v 0.012873 0.015052 -0.060020
v 0.012873 0.015105 -0.060148
v 0.012791 0.015091 -0.060314
v 0.012791 0.014851 -0.060383
v 0.012791 0.014925 -0.059912
v 0.012791 0.015110 -0.059981
v 0.012791 0.015160 -0.060148
v 0.012693 0.015126 -0.060328
v 0.012693 0.014867 -0.060403
v 0.012693 0.014925 -0.059893
v 0.012693 0.015144 -0.059968
v 0.012693 0.015201 -0.060148
v 0.003371 0.016140 -0.060330
v 0.003371 0.015874 -0.060405
v 0.003371 0.015941 -0.059895
v 0.003371 0.016140 -0.059970
v 0.003371 0.016215 -0.060150
v 0.003273 0.016126 -0.060317
v 0.003273 0.015875 -0.060386
v 0.003273 0.015941 -0.059915
v 0.003273 0.016126 -0.059984
v 0.003273 0.016195 -0.060150
v 0.003190 0.016087 -0.060277
v 0.003190 0.015882 -0.060330
v 0.003190 0.015937 -0.059970
v 0.003190 0.016087 -0.060023
v 0.003190 0.016140 -0.060150
v 0.003135 0.016029 -0.060219
v 0.003135 0.015895 -0.060248
v 0.003135 0.015924 -0.060052
v 0.003135 0.016029 -0.060081
v 0.003135 0.016057 -0.060150
v 0.012948 0.014853 -0.060148
v 0.003116 0.015913 -0.060150
v 0.007771 0.015693 -0.059893
v 0.007771 0.015882 -0.059968
v 0.007771 0.015957 -0.060148
v 0.007771 0.015882 -0.060328
v 0.007771 0.015602 -0.060403
v 0.010091 0.015419 -0.059893
v 0.010091 0.015609 -0.059968
v 0.010091 0.015682 -0.060148
v 0.010091 0.015609 -0.060328
v 0.010091 0.015327 -0.060403
v 0.011533 0.015201 -0.059893
v 0.011533 0.015390 -0.059968
v 0.011533 0.015465 -0.060148
v 0.011533 0.015390 -0.060328
v 0.011533 0.015109 -0.060403
v 0.005690 0.015872 -0.059895
v 0.005690 0.016065 -0.059970
v 0.005690 0.016140 -0.060150
v 0.005690 0.016065 -0.060330
v 0.005690 0.015786 -0.060405
v 0.012113 0.015083 -0.059893
v 0.012113 0.015272 -0.059968
v 0.012113 0.015347 -0.060148
v 0.012113 0.015272 -0.060328
v 0.012113 0.014992 -0.060403
v 0.004530 0.015930 -0.059895
v 0.004530 0.016123 -0.059970
v 0.004530 0.016198 -0.060150
v 0.004530 0.016123 -0.060330
v 0.004530 0.015844 -0.060405
v 0.003951 0.015937 -0.059895
v 0.003951 0.016118 -0.059970
v 0.003951 0.016210 -0.060150
v 0.003951 0.016136 -0.060330
v 0.003951 0.015868 -0.060405
v 0.012403 0.015020 -0.059893
v 0.012403 0.015209 -0.059968
v 0.012403 0.015284 -0.060148
v 0.012403 0.015209 -0.060328
v 0.012403 0.014929 -0.060403
v 0.012881 0.014857 -0.060226
v 0.012838 0.014851 -0.060290
v 0.012883 0.014886 -0.060074
v 0.012838 0.014909 -0.060008
v 0.012772 0.014858 -0.060334
v 0.012770 0.014928 -0.059962
v 0.012689 0.014873 -0.060349
v 0.012688 0.014927 -0.059946
v 0.012404 0.014934 -0.060349
v 0.012404 0.015020 -0.059947
v 0.003376 0.015879 -0.060352
v 0.003293 0.015882 -0.060336
v 0.003376 0.015942 -0.059949
v 0.003293 0.015944 -0.059964
v 0.003228 0.015893 -0.060293
v 0.003227 0.015945 -0.060009
v 0.003183 0.015910 -0.060229
v 0.003182 0.015938 -0.060075
v 0.012897 0.014870 -0.060151
v 0.003167 0.015930 -0.060153
v 0.007771 0.015694 -0.059947
v 0.005690 0.015873 -0.059949
v 0.007772 0.015608 -0.060349
v 0.005691 0.015793 -0.060351
v 0.010091 0.015419 -0.059947
v 0.010092 0.015333 -0.060349
v 0.011533 0.015201 -0.059947
v 0.011534 0.015116 -0.060349
v 0.004531 0.015930 -0.059949
v 0.004531 0.015850 -0.060351
v 0.012113 0.015083 -0.059947
v 0.012114 0.014998 -0.060349
v 0.003950 0.015938 -0.059949
v 0.003951 0.015874 -0.060351
v 0.012803 0.013725 -0.068549
v 0.012803 0.013572 -0.068578
v 0.012803 0.013603 -0.068383
v 0.012803 0.013725 -0.068411
v 0.012803 0.013753 -0.068480
v 0.012747 0.013783 -0.068608
v 0.012747 0.013571 -0.068660
v 0.012747 0.013632 -0.068300
v 0.012747 0.013783 -0.068353
v 0.012747 0.013836 -0.068480
v 0.012665 0.013822 -0.068647
v 0.012665 0.013582 -0.068716
v 0.012665 0.013656 -0.068245
v 0.012665 0.013841 -0.068314
v 0.012665 0.013891 -0.068480
v 0.012567 0.013857 -0.068660
v 0.012567 0.013598 -0.068735
v 0.012567 0.013656 -0.068225
v 0.012567 0.013875 -0.068300
v 0.012567 0.013932 -0.068480
v 0.003132 0.014955 -0.068660
v 0.003132 0.014689 -0.068735
v 0.003132 0.014757 -0.068225
v 0.003132 0.014955 -0.068300
v 0.003132 0.015030 -0.068480
v 0.003035 0.014942 -0.068647
v 0.003035 0.014690 -0.068716
v 0.003035 0.014757 -0.068245
v 0.003035 0.014942 -0.068314
v 0.003035 0.015011 -0.068480
v 0.002952 0.014903 -0.068608
v 0.002952 0.014698 -0.068660
v 0.002952 0.014752 -0.068300
v 0.002952 0.014903 -0.068353
v 0.002952 0.014955 -0.068480
v 0.002897 0.014844 -0.068549
v 0.002897 0.014710 -0.068578
v 0.002897 0.014740 -0.068383
v 0.002897 0.014844 -0.068411
v 0.002897 0.014873 -0.068480
v 0.012822 0.013584 -0.068480
v 0.002877 0.014728 -0.068480
v 0.007771 0.014510 -0.068225
v 0.007771 0.014699 -0.068300
v 0.007771 0.014774 -0.068480
v 0.007771 0.014699 -0.068660
v 0.007771 0.014419 -0.068735
v 0.009898 0.014207 -0.068225
v 0.009898 0.014397 -0.068300
v 0.009898 0.014471 -0.068480
v 0.009898 0.014397 -0.068660
v 0.009898 0.014116 -0.068735
v 0.011407 0.013934 -0.068225
v 0.011407 0.014124 -0.068300
v 0.011407 0.014198 -0.068480
v 0.011407 0.014124 -0.068660
v 0.011407 0.013843 -0.068735
v 0.005452 0.014677 -0.068225
v 0.005452 0.014870 -0.068300
v 0.005452 0.014945 -0.068480
v 0.005452 0.014870 -0.068660
v 0.005452 0.014591 -0.068735
v 0.011987 0.013814 -0.068225
v 0.011987 0.014003 -0.068300
v 0.011987 0.014078 -0.068480
v 0.011987 0.014003 -0.068660
v 0.011987 0.013723 -0.068735
v 0.004292 0.014734 -0.068225
v 0.004292 0.014928 -0.068300
v 0.004292 0.015003 -0.068480
v 0.004292 0.014928 -0.068660
v 0.004292 0.014648 -0.068735
v 0.003712 0.014740 -0.068225
v 0.003712 0.014921 -0.068300
v 0.003712 0.015013 -0.068480
v 0.003712 0.014939 -0.068660
v 0.003712 0.014671 -0.068735
v 0.012277 0.013751 -0.068225
v 0.012277 0.013940 -0.068300
v 0.012277 0.014015 -0.068480
v 0.012277 0.013940 -0.068660
v 0.012277 0.013660 -0.068735
v 0.012755 0.013588 -0.068558
v 0.012712 0.013582 -0.068622
v 0.012757 0.013617 -0.068406
v 0.012712 0.013640 -0.068340
v 0.012646 0.013589 -0.068666
v 0.012644 0.013659 -0.068294
v 0.012563 0.013603 -0.068682
v 0.012562 0.013658 -0.068279
v 0.012278 0.013665 -0.068681
v 0.012278 0.013751 -0.068279
v 0.003137 0.014695 -0.068682
v 0.003055 0.014697 -0.068666
v 0.003137 0.014758 -0.068279
v 0.003055 0.014760 -0.068294
v 0.002989 0.014708 -0.068623
v 0.002988 0.014760 -0.068339
v 0.002945 0.014725 -0.068559
v 0.002944 0.014753 -0.068405
v 0.012771 0.013601 -0.068483
v 0.002928 0.014746 -0.068483
v 0.007771 0.014511 -0.068279
v 0.005452 0.014678 -0.068279
v 0.007772 0.014425 -0.068682
v 0.005452 0.014597 -0.068682
v 0.009898 0.014207 -0.068279
v 0.009899 0.014122 -0.068682
v 0.011407 0.013934 -0.068279
v 0.011408 0.013849 -0.068682
v 0.004292 0.014735 -0.068279
v 0.004292 0.014654 -0.068682
v 0.011987 0.013814 -0.068279
v 0.011988 0.013729 -0.068681
v 0.003712 0.014740 -0.068279
v 0.003712 0.014677 -0.068681
v 0.012996 0.014241 -0.065901
v 0.012996 0.014088 -0.065929
v 0.012996 0.014119 -0.065734
v 0.012996 0.014241 -0.065763
v 0.012996 0.014270 -0.065832
v 0.012941 0.014299 -0.065959
v 0.012941 0.014087 -0.066012
v 0.012941 0.014149 -0.065652
v 0.012941 0.014299 -0.065704
v 0.012941 0.014352 -0.065832
v 0.012858 0.014338 -0.065998
v 0.012858 0.014099 -0.066067
v 0.012858 0.014172 -0.065596
v 0.012858 0.014357 -0.065665
v 0.012858 0.014407 -0.065832
v 0.012760 0.014374 -0.066012
v 0.012760 0.014114 -0.066087
v 0.012760 0.014172 -0.065577
v 0.012760 0.014392 -0.065652
v 0.012760 0.014448 -0.065832
v 0.003132 0.015462 -0.066012
v 0.003132 0.015195 -0.066087
v 0.003132 0.015263 -0.065577
v 0.003132 0.015462 -0.065652
v 0.003132 0.015536 -0.065832
v 0.003035 0.015448 -0.065998
v 0.003035 0.015196 -0.066067
v 0.003035 0.015263 -0.065596
v 0.003035 0.015448 -0.065665
v 0.003035 0.015517 -0.065832
v 0.002952 0.015409 -0.065959
v 0.002952 0.015204 -0.066012
v 0.002952 0.015259 -0.065652
v 0.002952 0.015409 -0.065704
v 0.002952 0.015462 -0.065832
v 0.002897 0.015350 -0.065901
v 0.002897 0.015217 -0.065929
v 0.002897 0.015246 -0.065734
v 0.002897 0.015350 -0.065763
v 0.002897 0.015379 -0.065832
v 0.013015 0.014100 -0.065832
v 0.002877 0.015235 -0.065832
v 0.007771 0.015017 -0.065577
v 0.007771 0.015206 -0.065652
v 0.007771 0.015280 -0.065832
v 0.007771 0.015206 -0.066012
v 0.007771 0.014925 -0.066087
v 0.010091 0.014702 -0.065577
v 0.010091 0.014892 -0.065652
v 0.010091 0.014965 -0.065832
v 0.010091 0.014892 -0.066012
v 0.010091 0.014610 -0.066087
v 0.011601 0.014439 -0.065577
v 0.011601 0.014628 -0.065652
v 0.011601 0.014703 -0.065832
v 0.011601 0.014628 -0.066012
v 0.011601 0.014347 -0.066087
v 0.005452 0.015183 -0.065577
v 0.005452 0.015376 -0.065652
v 0.005452 0.015451 -0.065832
v 0.005452 0.015376 -0.066012
v 0.005452 0.015097 -0.066087
v 0.012181 0.014331 -0.065577
v 0.012181 0.014519 -0.065652
v 0.012181 0.014594 -0.065832
v 0.012181 0.014519 -0.066012
v 0.012181 0.014239 -0.066087
v 0.004292 0.015241 -0.065577
v 0.004292 0.015434 -0.065652
v 0.004292 0.015509 -0.065832
v 0.004292 0.015434 -0.066012
v 0.004292 0.015155 -0.066087
v 0.003712 0.015247 -0.065577
v 0.003712 0.015427 -0.065652
v 0.003712 0.015520 -0.065832
v 0.003712 0.015445 -0.066012
v 0.003712 0.015177 -0.066087
v 0.012471 0.014267 -0.065577
v 0.012471 0.014456 -0.065652
v 0.012471 0.014531 -0.065832
v 0.012471 0.014456 -0.066012
v 0.012471 0.014176 -0.066087
v 0.012949 0.014104 -0.065910
v 0.012905 0.014098 -0.065973
v 0.012950 0.014133 -0.065758
v 0.012906 0.014156 -0.065692
v 0.012839 0.014105 -0.066017
v 0.012838 0.014175 -0.065646
v 0.012756 0.014120 -0.066033
v 0.012755 0.014174 -0.065630
v 0.012472 0.014182 -0.066033
v 0.012471 0.014268 -0.065631
v 0.003137 0.015201 -0.066033
v 0.003055 0.015204 -0.066018
v 0.003137 0.015264 -0.065630
v 0.003055 0.015266 -0.065646
v 0.002989 0.015215 -0.065975
v 0.002988 0.015266 -0.065691
v 0.002945 0.015232 -0.065911
v 0.002944 0.015260 -0.065756
v 0.012965 0.014118 -0.065834
v 0.002928 0.015252 -0.065834
v 0.007771 0.015017 -0.065631
v 0.005452 0.015184 -0.065631
v 0.007772 0.014932 -0.066033
v 0.005452 0.015104 -0.066033
v 0.010091 0.014702 -0.065631
v 0.010092 0.014617 -0.066033
v 0.011601 0.014439 -0.065631
v 0.011602 0.014354 -0.066033
v 0.004292 0.015241 -0.065631
v 0.004292 0.015161 -0.066033
v 0.012181 0.014330 -0.065631
v 0.012182 0.014245 -0.066033
v 0.003712 0.015247 -0.065631
v 0.003712 0.015183 -0.066033
f 1126 1125 1124
f 1126 1124 1123
f 1130 1129 1128
f 1130 1128 1127
f 1134 1133 1132
f 1134 1132 1131
f 1138 1137 1136
f 1138 1136 1135
f 1142 1141 1140
f 1142 1140 1139
f 1146 1145 1144
f 1146 1144 1143
f 1150 1149 1148
f 1150 1148 1147
f 1154 1153 1152
f 1154 1152 1151
f 1158 1157 1156
f 1158 1156 1155
f 1164 1163 1162
f 1164 1162 1161
f 1167 1164 1161
f 1167 1161 1166
f 1183 1182 1129
f 1183 1129 1130
f 1125 1126 1185
f 1125 1185 1184
f 1188 1187 1133
f 1188 1133 1134
f 1190 1189 1153
f 1190 1153 1154
f 1194 1193 1192
f 1194 1192 1191
f 1137 1196 1195
f 1137 1195 1136
f 1195 1196 1200
f 1195 1200 1199
f 1205 1204 1203
f 1205 1203 1202
f 1207 1206 1204
f 1207 1204 1205
f 1211 1210 1209
f 1211 1209 1208
f 1208 1209 1213
f 1208 1213 1212
f 1217 1216 1215
f 1217 1215 1214
f 1221 1220 1219
f 1221 1219 1218
f 1225 1224 1223
f 1225 1223 1222
f 1227 1224 1225
f 1227 1225 1226
f 1218 1219 1149
f 1218 1149 1150
f 1125 1225 1222
f 1125 1222 1124
f 1225 1125 1184
f 1225 1184 1226
f 1130 1224 1227
f 1130 1227 1183
f 1224 1130 1127
f 1224 1127 1223
f 1146 1143 1220
f 1146 1220 1221
f 1229 1228 1182
f 1229 1182 1183
f 1227 1230 1229
f 1227 1229 1183
f 1230 1227 1226
f 1230 1226 1231
f 1184 1232 1231
f 1184 1231 1226
f 1185 1233 1232
f 1185 1232 1184
f 1235 1234 1151
f 1235 1151 1152
f 1237 1236 1210
f 1237 1210 1211
f 1239 1238 1131
f 1239 1131 1132
f 1241 1240 1202
f 1241 1202 1203
f 1245 1244 1228
f 1245 1228 1229
f 1230 1246 1245
f 1230 1245 1229
f 1246 1230 1231
f 1246 1231 1247
f 1232 1248 1247
f 1232 1247 1231
f 1233 1249 1248
f 1233 1248 1232
f 1251 1250 1234
f 1251 1234 1235
f 1253 1252 1236
f 1253 1236 1237
f 1255 1254 1238
f 1255 1238 1239
f 1257 1256 1240
f 1257 1240 1241
f 1263 1262 1261
f 1263 1261 1260
f 1265 1264 1262
f 1265 1262 1263
f 1267 1264 1265
f 1267 1265 1266
f 1269 1267 1266
f 1269 1266 1268
f 1271 1270 1269
f 1271 1269 1268
f 1275 1274 1273
f 1275 1273 1272
f 1279 1278 1277
f 1279 1277 1276
f 1283 1282 1281
f 1283 1281 1280
f 1287 1286 1285
f 1287 1285 1284
f 1127 1128 1145
f 1127 1145 1146
f 1223 1127 1146
f 1223 1146 1221
f 1222 1223 1221
f 1222 1221 1218
f 1124 1222 1218
f 1124 1218 1150
f 1123 1124 1150
f 1123 1150 1147
f 1189 1190 1157
f 1189 1157 1158
f 1212 1213 1217
f 1212 1217 1214
f 1187 1188 1141
f 1187 1141 1142
f 1135 1136 1993
f 1135 1993 1186
f 1195 2451 1993
f 1195 1993 1136
f 2450 2451 1195
f 2450 1195 1199
f 1193 1194 2448
f 1193 2448 2449
f 1161 1947 2446
f 1161 2446 1166
f 1165 1947 1161
f 1165 1161 1162
f 1300 1299 1298
f 1300 1298 1297
f 1297 1298 1206
f 1297 1206 1207
f 1260 1261 1291
f 1260 1291 1290
f 1244 1259 1243
f 1244 1243 1228
f 1228 1243 1160
f 1228 1160 1182
f 1182 1160 1159
f 1182 1159 1129
f 1129 1159 1165
f 1129 1165 1128
f 1128 1165 1162
f 1128 1162 1145
f 1145 1162 1163
f 1145 1163 1144
f 1302 1301 1300
f 1302 1300 1297
f 1303 1302 1297
f 1303 1297 1207
f 1303 1207 1205
f 1303 1205 1304
f 1304 1205 1202
f 1304 1202 1305
f 1240 1306 1305
f 1240 1305 1202
f 1256 1307 1306
f 1256 1306 1240
f 1286 1309 1308
f 1286 1308 1285
f 1282 1279 1276
f 1282 1276 1281
f 1238 1254 1253
f 1238 1253 1237
f 1131 1238 1237
f 1131 1237 1211
f 1134 1131 1211
f 1134 1211 1208
f 1134 1208 1212
f 1134 1212 1188
f 1188 1212 1214
f 1188 1214 1141
f 1215 1140 1141
f 1215 1141 1214
f 1277 1278 1275
f 1277 1275 1272
f 1236 1252 1251
f 1236 1251 1235
f 1210 1236 1235
f 1210 1235 1152
f 1153 1209 1210
f 1153 1210 1152
f 1189 1213 1209
f 1189 1209 1153
f 1217 1213 1189
f 1217 1189 1158
f 1216 1217 1158
f 1216 1158 1155
f 1308 1309 1283
f 1308 1283 1280
f 1306 1307 1255
f 1306 1255 1239
f 1305 1306 1239
f 1305 1239 1132
f 1133 1304 1305
f 1133 1305 1132
f 1187 1303 1304
f 1187 1304 1133
f 1302 1303 1187
f 1302 1187 1142
f 1301 1302 1142
f 1301 1142 1139
f 1312 1166 2446
f 1312 2446 2447
f 1167 1166 1312
f 1167 1312 1313
f 1193 1199 1200
f 1193 1200 1192
f 1199 1193 2449
f 1199 2449 2450
f 1194 1312 2447
f 1194 2447 2448
f 1313 1312 1194
f 1313 1194 1191
f 1289 1287 1284
f 1289 1284 1288
f 1242 1258 1257
f 1242 1257 1241
f 1169 1242 1241
f 1169 1241 1203
f 1204 1168 1169
f 1204 1169 1203
f 1206 1186 1168
f 1206 1168 1204
f 1298 1135 1186
f 1298 1186 1206
f 1299 1138 1135
f 1299 1135 1298
f 1317 1316 1315
f 1317 1315 1314
f 1321 1320 1319
f 1321 1319 1318
f 1325 1324 1323
f 1325 1323 1322
f 1329 1328 1327
f 1329 1327 1326
f 1333 1332 1331
f 1333 1331 1330
f 1337 1336 1335
f 1337 1335 1334
f 1336 1339 1338
f 1336 1338 1335
f 1343 1342 1341
f 1343 1341 1340
f 1345 1317 1314
f 1345 1314 1344
f 1347 1345 1344
f 1347 1344 1346
f 1351 1350 1349
f 1351 1349 1348
f 1355 1354 1353
f 1355 1353 1352
f 1328 1355 1352
f 1328 1352 1327
f 1354 1325 1322
f 1354 1322 1353
f 1359 1358 1357
f 1359 1357 1356
f 1324 1337 1334
f 1324 1334 1323
f 1358 1361 1360
f 1358 1360 1357
f 1320 1351 1348
f 1320 1348 1319
f 1350 1333 1330
f 1350 1330 1349
f 1361 1321 1318
f 1361 1318 1360
f 1339 1363 1362
f 1339 1362 1338
f 1342 1347 1346
f 1342 1346 1341
f 1363 1343 1340
f 1363 1340 1362
f 1316 1359 1356
f 1316 1356 1315
f 1272 1273 1250
f 1272 1250 1251
f 1252 1277 1272
f 1252 1272 1251
f 1276 1277 1252
f 1276 1252 1253
f 1254 1281 1276
f 1254 1276 1253
f 1280 1281 1254
f 1280 1254 1255
f 1307 1308 1280
f 1307 1280 1255
f 1285 1308 1307
f 1285 1307 1256
f 1284 1285 1256
f 1284 1256 1257
f 1258 1288 1284
f 1258 1284 1257
f 1260 1290 1259
f 1260 1259 1244
f 1263 1260 1244
f 1263 1244 1245
f 1246 1265 1263
f 1246 1263 1245
f 1266 1265 1246
f 1266 1246 1247
f 1248 1268 1266
f 1248 1266 1247
f 1249 1271 1268
f 1249 1268 1248
f 1367 1366 1365
f 1367 1365 1364
f 1369 1367 1364
f 1369 1364 1368
f 1371 1369 1368
f 1371 1368 1370
f 1373 1371 1370
f 1373 1370 1372
f 1375 1373 1372
f 1375 1372 1374
f 1377 1375 1374
f 1377 1374 1376
f 1379 1377 1376
f 1379 1376 1378
f 1381 1379 1378
f 1381 1378 1380
f 1383 1381 1380
f 1383 1380 1382
f 1385 1383 1382
f 1385 1382 1384
f 1387 1385 1384
f 1387 1384 1386
f 1389 1387 1386
f 1389 1386 1388
f 1391 1389 1388
f 1391 1388 1390
f 1393 1391 1390
f 1393 1390 1392
f 1395 1393 1392
f 1395 1392 1394
f 1397 1396 1322
f 1397 1322 1323
f 1398 1397 1323
f 1398 1323 1334
f 1399 1398 1334
f 1399 1334 1335
f 1400 1399 1335
f 1400 1335 1338
f 1401 1400 1338
f 1401 1338 1362
f 1402 1401 1362
f 1402 1362 1340
f 1403 1402 1340
f 1403 1340 1341
f 1404 1403 1341
f 1404 1341 1346
f 1405 1404 1346
f 1405 1346 1344
f 1406 1405 1344
f 1406 1344 1314
f 1407 1406 1314
f 1407 1314 1315
f 1408 1407 1315
f 1408 1315 1356
f 1409 1408 1356
f 1409 1356 1357
f 1410 1409 1357
f 1410 1357 1360
f 1318 1411 1410
f 1318 1410 1360
f 1364 1365 1396
f 1364 1396 1397
f 1368 1364 1397
f 1368 1397 1398
f 1370 1368 1398
f 1370 1398 1399
f 1372 1370 1399
f 1372 1399 1400
f 1374 1372 1400
f 1374 1400 1401
f 1376 1374 1401
f 1376 1401 1402
f 1378 1376 1402
f 1378 1402 1403
f 1380 1378 1403
f 1380 1403 1404
f 1382 1380 1404
f 1382 1404 1405
f 1384 1382 1405
f 1384 1405 1406
f 1386 1384 1406
f 1386 1406 1407
f 1388 1386 1407
f 1388 1407 1408
f 1390 1388 1408
f 1390 1408 1409
f 1392 1390 1409
f 1392 1409 1410
f 1394 1392 1410
f 1394 1410 1411
f 1413 1394 1411
f 1413 1411 1412
f 1330 1331 1414
f 1330 1414 1413
f 1349 1330 1413
f 1349 1413 1412
f 1349 1412 1319
f 1349 1319 1348
f 1319 1412 1411
f 1319 1411 1318
f 1395 1394 1413
f 1395 1413 1414
f 1326 1327 1365
f 1326 1365 1366
f 1327 1352 1396
f 1327 1396 1365
f 1352 1353 1322
f 1352 1322 1396
f 1148 1149 1328
f 1148 1328 1329
f 1149 1219 1355
f 1149 1355 1328
f 1219 1220 1354
f 1219 1354 1355
f 1220 1143 1325
f 1220 1325 1354
f 1143 1144 1324
f 1143 1324 1325
f 1144 1163 1337
f 1144 1337 1324
f 1163 1164 1336
f 1163 1336 1337
f 1164 1167 1339
f 1164 1339 1336
f 1167 1313 1363
f 1167 1363 1339
f 1313 1191 1343
f 1313 1343 1363
f 1191 1192 1342
f 1191 1342 1343
f 1192 1200 1347
f 1192 1347 1342
f 1200 1196 1345
f 1200 1345 1347
f 1196 1137 1317
f 1196 1317 1345
f 1137 1138 1316
f 1137 1316 1317
f 1138 1299 1359
f 1138 1359 1316
f 1299 1300 1358
f 1299 1358 1359
f 1300 1301 1361
f 1300 1361 1358
f 1301 1139 1321
f 1301 1321 1361
f 1139 1140 1320
f 1139 1320 1321
f 1140 1215 1351
f 1140 1351 1320
f 1215 1216 1350
f 1215 1350 1351
f 1216 1155 1333
f 1216 1333 1350
f 1155 1156 1332
f 1155 1332 1333
f 1126 1123 1416
f 1126 1416 1415
f 1420 1419 1418
f 1420 1418 1417
f 1424 1423 1422
f 1424 1422 1421
f 1428 1427 1426
f 1428 1426 1425
f 1432 1431 1430
f 1432 1430 1429
f 1436 1435 1434
f 1436 1434 1433
f 1438 1147 1148
f 1438 1148 1437
f 1154 1151 1440
f 1154 1440 1439
f 1442 1441 1156
f 1442 1156 1157
f 1448 1447 1446
f 1448 1446 1445
f 1451 1450 1447
f 1451 1447 1448
f 1467 1420 1417
f 1467 1417 1466
f 1415 1468 1185
f 1415 1185 1126
f 1471 1424 1421
f 1471 1421 1470
f 1190 1154 1439
f 1190 1439 1472
f 1476 1475 1474
f 1476 1474 1473
f 1425 1426 1478
f 1425 1478 1477
f 1478 1482 1481
f 1478 1481 1477
f 1487 1486 1485
f 1487 1485 1484
f 1489 1487 1484
f 1489 1484 1488
f 1493 1492 1491
f 1493 1491 1490
f 1492 1495 1494
f 1492 1494 1491
f 1499 1498 1497
f 1499 1497 1496
f 1503 1502 1501
f 1503 1501 1500
f 1507 1506 1505
f 1507 1505 1504
f 1509 1508 1507
f 1509 1507 1504
f 1502 1438 1437
f 1502 1437 1501
f 1415 1416 1506
f 1415 1506 1507
f 1507 1508 1468
f 1507 1468 1415
f 1420 1467 1509
f 1420 1509 1504
f 1504 1505 1419
f 1504 1419 1420
f 1436 1503 1500
f 1436 1500 1435
f 1511 1467 1466
f 1511 1466 1510
f 1509 1467 1511
f 1509 1511 1512
f 1512 1513 1508
f 1512 1508 1509
f 1468 1508 1513
f 1468 1513 1514
f 1185 1468 1514
f 1185 1514 1233
f 1515 1440 1151
f 1515 1151 1234
f 1517 1493 1490
f 1517 1490 1516
f 1519 1422 1423
f 1519 1423 1518
f 1521 1485 1486
f 1521 1486 1520
f 1525 1511 1510
f 1525 1510 1524
f 1512 1511 1525
f 1512 1525 1526
f 1526 1527 1513
f 1526 1513 1512
f 1514 1513 1527
f 1514 1527 1528
f 1233 1514 1528
f 1233 1528 1249
f 1529 1515 1234
f 1529 1234 1250
f 1531 1517 1516
f 1531 1516 1530
f 1533 1519 1518
f 1533 1518 1532
f 1535 1521 1520
f 1535 1520 1534
f 1541 1540 1539
f 1541 1539 1538
f 1543 1541 1538
f 1543 1538 1542
f 1545 1544 1543
f 1545 1543 1542
f 1547 1546 1544
f 1547 1544 1545
f 1271 1546 1547
f 1271 1547 1270
f 1549 1548 1273
f 1549 1273 1274
f 1553 1552 1551
f 1553 1551 1550
f 1557 1556 1555
f 1557 1555 1554
f 1561 1560 1559
f 1561 1559 1558
f 1419 1436 1433
f 1419 1433 1418
f 1505 1503 1436
f 1505 1436 1419
f 1506 1502 1503
f 1506 1503 1505
f 1416 1438 1502
f 1416 1502 1506
f 1123 1147 1438
f 1123 1438 1416
f 1472 1442 1157
f 1472 1157 1190
f 1495 1498 1499
f 1495 1499 1494
f 1470 1432 1429
f 1470 1429 1471
f 1427 1469 2082
f 1427 2082 1426
f 1566 2445 2082
f 1566 2082 2083
f 1567 2444 2445
f 1567 2445 1566
f 2442 2443 1569
f 2442 1569 1568
f 2038 2440 1570
f 2038 1570 2037
f 1449 1446 1447
f 1449 1447 2038
f 1574 1573 1572
f 1574 1572 1571
f 1573 1489 1488
f 1573 1488 1572
f 1540 1564 1565
f 1540 1565 1539
f 1524 1510 1523
f 1524 1523 1537
f 1510 1466 1444
f 1510 1444 1523
f 1466 1417 1443
f 1466 1443 1444
f 1417 1418 1449
f 1417 1449 1443
f 1418 1433 1446
f 1418 1446 1449
f 1433 1434 1445
f 1433 1445 1446
f 1576 1573 1574
f 1576 1574 1575
f 1577 1489 1573
f 1577 1573 1576
f 1577 1578 1487
f 1577 1487 1489
f 1578 1579 1486
f 1578 1486 1487
f 1520 1486 1579
f 1520 1579 1580
f 1534 1520 1580
f 1534 1580 1581
f 1558 1559 1583
f 1558 1583 1582
f 1554 1555 1552
f 1554 1552 1553
f 1518 1517 1531
f 1518 1531 1532
f 1423 1493 1517
f 1423 1517 1518
f 1424 1492 1493
f 1424 1493 1423
f 1424 1471 1495
f 1424 1495 1492
f 1471 1429 1498
f 1471 1498 1495
f 1497 1498 1429
f 1497 1429 1430
f 1551 1548 1549
f 1551 1549 1550
f 1516 1515 1529
f 1516 1529 1530
f 1490 1440 1515
f 1490 1515 1516
f 1439 1440 1490
f 1439 1490 1491
f 1472 1439 1491
f 1472 1491 1494
f 1499 1442 1472
f 1499 1472 1494
f 1496 1441 1442
f 1496 1442 1499
f 1583 1556 1557
f 1583 1557 1582
f 1580 1519 1533
f 1580 1533 1581
f 1579 1422 1519
f 1579 1519 1580
f 1421 1422 1579
f 1421 1579 1578
f 1470 1421 1578
f 1470 1578 1577
f 1576 1432 1470
f 1576 1470 1577
f 1575 1431 1432
f 1575 1432 1576
f 2440 2441 1585
f 2440 1585 1570
f 1451 1587 1586
f 1451 1586 1450
f 1473 1474 1481
f 1473 1481 1482
f 2443 2444 1567
f 2443 1567 1569
f 2441 2442 1568
f 2441 1568 1585
f 1587 1475 1476
f 1587 1476 1586
f 1562 1563 1560
f 1562 1560 1561
f 1522 1521 1535
f 1522 1535 1536
f 1452 1485 1521
f 1452 1521 1522
f 1484 1485 1452
f 1484 1452 1453
f 1488 1484 1453
f 1488 1453 1469
f 1572 1488 1469
f 1572 1469 1427
f 1571 1572 1427
f 1571 1427 1428
f 1591 1590 1589
f 1591 1589 1588
f 1595 1594 1593
f 1595 1593 1592
f 1599 1598 1597
f 1599 1597 1596
f 1329 1326 1601
f 1329 1601 1600
f 1603 1602 1331
f 1603 1331 1332
f 1607 1606 1605
f 1607 1605 1604
f 1604 1605 1609
f 1604 1609 1608
f 1613 1612 1611
f 1613 1611 1610
f 1615 1614 1590
f 1615 1590 1591
f 1617 1616 1614
f 1617 1614 1615
f 1621 1620 1619
f 1621 1619 1618
f 1625 1624 1623
f 1625 1623 1622
f 1600 1601 1624
f 1600 1624 1625
f 1622 1623 1598
f 1622 1598 1599
f 1629 1628 1627
f 1629 1627 1626
f 1596 1597 1606
f 1596 1606 1607
f 1626 1627 1631
f 1626 1631 1630
f 1592 1593 1620
f 1592 1620 1621
f 1618 1619 1602
f 1618 1602 1603
f 1630 1631 1594
f 1630 1594 1595
f 1608 1609 1633
f 1608 1633 1632
f 1610 1611 1616
f 1610 1616 1617
f 1632 1633 1612
f 1632 1612 1613
f 1588 1589 1628
f 1588 1628 1629
f 1548 1529 1250
f 1548 1250 1273
f 1530 1529 1548
f 1530 1548 1551
f 1552 1531 1530
f 1552 1530 1551
f 1532 1531 1552
f 1532 1552 1555
f 1556 1533 1532
f 1556 1532 1555
f 1581 1533 1556
f 1581 1556 1583
f 1559 1534 1581
f 1559 1581 1583
f 1560 1535 1534
f 1560 1534 1559
f 1536 1535 1560
f 1536 1560 1563
f 1540 1524 1537
f 1540 1537 1564
f 1541 1525 1524
f 1541 1524 1540
f 1526 1525 1541
f 1526 1541 1543
f 1544 1527 1526
f 1544 1526 1543
f 1528 1527 1544
f 1528 1544 1546
f 1249 1528 1546
f 1249 1546 1271
f 1367 1635 1634
f 1367 1634 1366
f 1369 1636 1635
f 1369 1635 1367
f 1371 1637 1636
f 1371 1636 1369
f 1373 1638 1637
f 1373 1637 1371
f 1375 1639 1638
f 1375 1638 1373
f 1377 1640 1639
f 1377 1639 1375
f 1379 1641 1640
f 1379 1640 1377
f 1381 1642 1641
f 1381 1641 1379
f 1383 1643 1642
f 1383 1642 1381
f 1385 1644 1643
f 1385 1643 1383
f 1387 1645 1644
f 1387 1644 1385
f 1389 1646 1645
f 1389 1645 1387
f 1391 1647 1646
f 1391 1646 1389
f 1393 1648 1647
f 1393 1647 1391
f 1395 1649 1648
f 1395 1648 1393
f 1651 1597 1598
f 1651 1598 1650
f 1652 1606 1597
f 1652 1597 1651
f 1653 1605 1606
f 1653 1606 1652
f 1654 1609 1605
f 1654 1605 1653
f 1655 1633 1609
f 1655 1609 1654
f 1656 1612 1633
f 1656 1633 1655
f 1657 1611 1612
f 1657 1612 1656
f 1658 1616 1611
f 1658 1611 1657
f 1659 1614 1616
f 1659 1616 1658
f 1660 1590 1614
f 1660 1614 1659
f 1661 1589 1590
f 1661 1590 1660
f 1662 1628 1589
f 1662 1589 1661
f 1663 1627 1628
f 1663 1628 1662
f 1664 1631 1627
f 1664 1627 1663
f 1594 1631 1664
f 1594 1664 1665
f 1635 1651 1650
f 1635 1650 1634
f 1636 1652 1651
f 1636 1651 1635
f 1637 1653 1652
f 1637 1652 1636
f 1638 1654 1653
f 1638 1653 1637
f 1639 1655 1654
f 1639 1654 1638
f 1640 1656 1655
f 1640 1655 1639
f 1641 1657 1656
f 1641 1656 1640
f 1642 1658 1657
f 1642 1657 1641
f 1643 1659 1658
f 1643 1658 1642
f 1644 1660 1659
f 1644 1659 1643
f 1645 1661 1660
f 1645 1660 1644
f 1646 1662 1661
f 1646 1661 1645
f 1647 1663 1662
f 1647 1662 1646
f 1648 1664 1663
f 1648 1663 1647
f 1649 1665 1664
f 1649 1664 1648
f 1667 1666 1665
f 1667 1665 1649
f 1602 1667 1414
f 1602 1414 1331
f 1619 1666 1667
f 1619 1667 1602
f 1619 1620 1593
f 1619 1593 1666
f 1593 1594 1665
f 1593 1665 1666
f 1395 1414 1667
f 1395 1667 1649
f 1326 1366 1634
f 1326 1634 1601
f 1601 1634 1650
f 1601 1650 1624
f 1624 1650 1598
f 1624 1598 1623
f 1148 1329 1600
f 1148 1600 1437
f 1437 1600 1625
f 1437 1625 1501
f 1501 1625 1622
f 1501 1622 1500
f 1500 1622 1599
f 1500 1599 1435
f 1435 1599 1596
f 1435 1596 1434
f 1434 1596 1607
f 1434 1607 1445
f 1445 1607 1604
f 1445 1604 1448
f 1448 1604 1608
f 1448 1608 1451
f 1451 1608 1632
f 1451 1632 1587
f 1587 1632 1613
f 1587 1613 1475
f 1475 1613 1610
f 1475 1610 1474
f 1474 1610 1617
f 1474 1617 1481
f 1481 1617 1615
f 1481 1615 1477
f 1477 1615 1591
f 1477 1591 1425
f 1425 1591 1588
f 1425 1588 1428
f 1428 1588 1629
f 1428 1629 1571
f 1571 1629 1626
f 1571 1626 1574
f 1574 1626 1630
f 1574 1630 1575
f 1575 1630 1595
f 1575 1595 1431
f 1431 1595 1592
f 1431 1592 1430
f 1430 1592 1621
f 1430 1621 1497
f 1497 1621 1618
f 1497 1618 1496
f 1496 1618 1603
f 1496 1603 1441
f 1441 1603 1332
f 1441 1332 1156
f 2458 2459 1698
f 2458 1698 1697
f 2459 2460 1699
f 2459 1699 1698
f 2460 2461 1700
f 2460 1700 1699
f 2461 2462 1701
f 2461 1701 1700
f 2462 2463 1702
f 2462 1702 1701
f 2463 1946 1703
f 2463 1703 1702
f 2452 2081 1721
f 2452 1721 1733
f 1567 1566 2452
f 1567 2452 2453
f 1568 1569 2454
f 1568 2454 2455
f 1570 1585 2456
f 1570 2456 2457
f 1569 1567 2453
f 1569 2453 2454
f 1585 1568 2455
f 1585 2455 2456
f 1668 1669 1741
f 1668 1741 1740
f 1669 1670 1742
f 1669 1742 1741
f 1670 1671 1743
f 1670 1743 1742
f 1671 1672 1744
f 1671 1744 1743
f 1672 1673 1745
f 1672 1745 1744
f 1673 1674 1746
f 1673 1746 1745
f 1674 1675 1747
f 1674 1747 1746
f 1675 1676 1748
f 1675 1748 1747
f 1676 1677 1749
f 1676 1749 1748
f 1677 1678 1750
f 1677 1750 1749
f 1678 1679 1751
f 1678 1751 1750
f 1679 1680 1752
f 1679 1752 1751
f 1680 1681 1753
f 1680 1753 1752
f 1681 1682 1754
f 1681 1754 1753
f 1682 1683 1755
f 1682 1755 1754
f 1683 1684 1756
f 1683 1756 1755
f 1684 1685 1757
f 1684 1757 1756
f 1685 1686 1758
f 1685 1758 1757
f 1686 1687 1759
f 1686 1759 1758
f 1687 1688 1760
f 1687 1760 1759
f 1688 1689 1761
f 1688 1761 1760
f 1689 1690 1762
f 1689 1762 1761
f 1690 1691 1763
f 1690 1763 1762
f 1691 1692 1764
f 1691 1764 1763
f 1692 1693 1765
f 1692 1765 1764
f 1693 1694 1766
f 1693 1766 1765
f 1694 1695 1767
f 1694 1767 1766
f 1695 1696 1768
f 1695 1768 1767
f 1696 1697 1769
f 1696 1769 1768
f 1697 1698 1770
f 1697 1770 1769
f 1698 1699 1771
f 1698 1771 1770
f 1699 1700 1772
f 1699 1772 1771
f 1700 1701 1773
f 1700 1773 1772
f 1701 1702 1774
f 1701 1774 1773
f 1702 1703 1775
f 1702 1775 1774
f 1703 1668 1740
f 1703 1740 1775
f 1704 1705 1777
f 1704 1777 1776
f 1705 1706 1778
f 1705 1778 1777
f 1707 1708 1780
f 1707 1780 1779
f 1709 1710 1782
f 1709 1782 1781
f 1711 1712 1784
f 1711 1784 1783
f 1712 1713 1785
f 1712 1785 1784
f 1714 1715 1787
f 1714 1787 1786
f 1716 1717 1789
f 1716 1789 1788
f 1718 1719 1791
f 1718 1791 1790
f 1720 1716 1788
f 1720 1788 1792
f 1721 1707 1779
f 1721 1779 1793
f 1710 1722 1794
f 1710 1794 1782
f 1723 1714 1786
f 1723 1786 1795
f 1722 1711 1783
f 1722 1783 1794
f 1717 1723 1795
f 1717 1795 1789
f 1713 1724 1796
f 1713 1796 1785
f 1708 1725 1797
f 1708 1797 1780
f 1726 1704 1776
f 1726 1776 1798
f 1725 1727 1799
f 1725 1799 1797
f 1728 1726 1798
f 1728 1798 1800
f 1729 1730 1802
f 1729 1802 1801
f 1731 1732 1804
f 1731 1804 1803
f 1733 1721 1793
f 1733 1793 1805
f 1734 1733 1805
f 1734 1805 1806
f 1735 1736 1808
f 1735 1808 1807
f 1706 1737 1809
f 1706 1809 1778
f 1730 1709 1781
f 1730 1781 1802
f 1715 1731 1803
f 1715 1803 1787
f 1738 1720 1792
f 1738 1792 1810
f 1737 1739 1811
f 1737 1811 1809
f 1736 1734 1806
f 1736 1806 1808
f 1724 1718 1790
f 1724 1790 1796
f 1719 1738 1810
f 1719 1810 1791
f 1739 1735 1807
f 1739 1807 1811
f 1727 1729 1801
f 1727 1801 1799
f 1732 1728 1800
f 1732 1800 1804
f 1813 1812 2247
f 1813 2247 2184
f 1814 1813 2184
f 1814 2184 2185
f 1815 1814 2185
f 1815 2185 2186
f 1816 1815 2186
f 1816 2186 2187
f 1817 1816 2187
f 1817 2187 2188
f 1818 1817 2188
f 1818 2188 2189
f 1819 1818 2189
f 1819 2189 2190
f 1821 1820 2191
f 1821 2191 2192
f 1823 1822 2194
f 1823 2194 2195
f 1824 1823 2195
f 1824 2195 2196
f 1825 1824 2196
f 1825 2196 2197
f 1826 1825 2197
f 1826 2197 2198
f 1827 1826 2198
f 1827 2198 2199
f 1828 1827 2199
f 1828 2199 2200
f 1829 1828 2200
f 1829 2200 2201
f 1830 1829 2201
f 1830 2201 2202
f 1831 1830 2202
f 1831 2202 2203
f 1832 1831 2203
f 1832 2203 2204
f 1833 1832 2204
f 1833 2204 2205
f 1834 1833 2205
f 1834 2205 2206
f 1836 1835 2238
f 1836 2238 2239
f 1838 1837 2240
f 1838 2240 2241
f 1840 1839 2242
f 1840 2242 2243
f 1842 1841 2245
f 1842 2245 2246
f 1841 1843 2244
f 1841 2244 2245
f 1839 1838 2241
f 1839 2241 2242
f 1837 1836 2239
f 1837 2239 2240
f 1843 1840 2243
f 1843 2243 2244
f 1822 1844 2193
f 1822 2193 2194
f 1820 1819 2190
f 1820 2190 2191
f 1844 1821 2192
f 1844 2192 2193
f 1812 1842 2246
f 1812 2246 2247
f 1846 1845 2228
f 1846 2228 2229
f 1845 1847 2227
f 1845 2227 2228
f 1847 1848 2226
f 1847 2226 2227
f 1848 1849 2225
f 1848 2225 2226
f 1849 1850 2224
f 1849 2224 2225
f 1850 1851 2223
f 1850 2223 2224
f 1851 1852 2222
f 1851 2222 2223
f 1854 1853 2220
f 1854 2220 2221
f 1856 1855 2217
f 1856 2217 2218
f 1855 1857 2216
f 1855 2216 2217
f 1857 1858 2215
f 1857 2215 2216
f 1858 1859 2214
f 1858 2214 2215
f 1859 1860 2213
f 1859 2213 2214
f 1860 1861 2212
f 1860 2212 2213
f 1861 1862 2211
f 1861 2211 2212
f 1862 1863 2210
f 1862 2210 2211
f 1863 1864 2209
f 1863 2209 2210
f 1864 1865 2208
f 1864 2208 2209
f 1865 1866 2207
f 1865 2207 2208
f 1866 1834 2206
f 1866 2206 2207
f 1835 1867 2237
f 1835 2237 2238
f 1869 1868 2235
f 1869 2235 2236
f 1871 1870 2233
f 1871 2233 2234
f 1873 1872 2230
f 1873 2230 2231
f 1874 1873 2231
f 1874 2231 2232
f 1868 1871 2234
f 1868 2234 2235
f 1867 1869 2236
f 1867 2236 2237
f 1870 1874 2232
f 1870 2232 2233
f 1875 1856 2218
f 1875 2218 2219
f 1852 1854 2221
f 1852 2221 2222
f 1853 1875 2219
f 1853 2219 2220
f 1872 1846 2229
f 1872 2229 2230
f 1954 1953 1992
f 1954 1992 1991
f 1953 1952 1993
f 1953 1993 1992
f 2035 2034 2037
f 2035 2037 2036
f 2034 2033 2038
f 2034 2038 2037
f 1160 1943 1940
f 1160 1940 1159
f 1940 1947 1165
f 1940 1165 1159
f 1952 1949 1169
f 1952 1169 1168
f 1171 1958 1955
f 1171 1955 1170
f 1964 1961 1173
f 1964 1173 1172
f 1961 1967 1174
f 1961 1174 1173
f 1176 1973 1970
f 1176 1970 1175
f 1178 1979 1976
f 1178 1976 1177
f 1985 1982 1180
f 1985 1180 1179
f 1181 1988 1979
f 1181 1979 1178
f 1186 1993 1952
f 1186 1952 1168
f 1170 1955 1994
f 1170 1994 1197
f 1198 1997 1973
f 1198 1973 1176
f 1964 1172 1197
f 1964 1197 1994
f 1177 1976 1997
f 1177 1997 1198
f 1174 1967 2000
f 1174 2000 1201
f 1949 2003 1242
f 1949 1242 1169
f 1243 2006 1943
f 1243 1943 1160
f 2003 2009 1258
f 2003 1258 1242
f 1259 2012 2006
f 1259 2006 1243
f 2018 2015 1289
f 2018 1289 1288
f 1291 2024 2021
f 1291 2021 1290
f 1958 1171 1289
f 1958 1289 2015
f 1291 1175 1970
f 1291 1970 2024
f 1988 1181 1310
f 1988 1310 2027
f 1179 1201 2000
f 1179 2000 1985
f 1982 2027 1310
f 1982 1310 1180
f 2009 2018 1288
f 2009 1288 1258
f 1290 2021 2012
f 1290 2012 1259
f 1444 1443 2033
f 1444 2033 2030
f 2038 2033 1443
f 2038 1443 1449
f 2042 1453 1452
f 2042 1452 2039
f 1455 1454 2048
f 1455 2048 2045
f 2054 1457 1456
f 2054 1456 2051
f 2051 1456 1458
f 2051 1458 2057
f 1460 1459 2063
f 1460 2063 2060
f 1462 1461 2069
f 1462 2069 2066
f 2075 1464 1463
f 2075 1463 2072
f 1465 1462 2066
f 1465 2066 2078
f 1469 1453 2042
f 1469 2042 2082
f 1454 1479 2084
f 1454 2084 2048
f 1480 1460 2060
f 1480 2060 2087
f 2054 2084 1479
f 2054 1479 1457
f 1461 1480 2087
f 1461 2087 2069
f 1458 1483 2090
f 1458 2090 2057
f 2039 1452 1522
f 2039 1522 2093
f 1523 1444 2030
f 1523 2030 2096
f 2093 1522 1536
f 2093 1536 2099
f 1537 1523 2096
f 1537 2096 2102
f 2108 1563 1562
f 2108 1562 2105
f 1565 1564 2114
f 1565 2114 2111
f 2045 2105 1562
f 2045 1562 1455
f 1565 2111 2063
f 1565 2063 1459
f 2078 2117 1584
f 2078 1584 1465
f 1464 2075 2090
f 1464 2090 1483
f 2072 1463 1584
f 2072 1584 2117
f 2099 1536 1563
f 2099 1563 2108
f 1564 1537 2102
f 1564 2102 2114
f 1942 1945 1669
f 1942 1669 1668
f 1945 2008 1670
f 1945 1670 1669
f 2008 2014 1671
f 2008 1671 1670
f 2014 2023 1672
f 2014 1672 1671
f 2023 2026 1673
f 2023 1673 1672
f 2026 1972 1674
f 2026 1674 1673
f 1972 1975 1675
f 1972 1675 1674
f 1975 1999 1676
f 1975 1676 1675
f 1999 1978 1677
f 1999 1677 1676
f 1978 1981 1678
f 1978 1678 1677
f 1981 1990 1679
f 1981 1679 1678
f 1990 2029 1680
f 1990 1680 1679
f 2029 1984 1681
f 2029 1681 1680
f 1984 1987 1682
f 1984 1682 1681
f 1987 2002 1683
f 1987 1683 1682
f 2002 1969 1684
f 2002 1684 1683
f 1969 1963 1685
f 1969 1685 1684
f 1963 1966 1686
f 1963 1686 1685
f 1966 1996 1687
f 1966 1687 1686
f 1996 1957 1688
f 1996 1688 1687
f 1957 1960 1689
f 1957 1689 1688
f 1960 2017 1690
f 1960 1690 1689
f 2017 2020 1691
f 2017 1691 1690
f 2020 2011 1692
f 2020 1692 1691
f 2011 2005 1693
f 2011 1693 1692
f 2005 1951 1694
f 2005 1694 1693
f 1951 1954 1695
f 1951 1695 1694
f 1954 1991 1696
f 1954 1696 1695
f 1946 1942 1668
f 1946 1668 1703
f 2032 2035 1705
f 2032 1705 1704
f 2035 2036 1706
f 2035 1706 1705
f 2044 2041 1708
f 2044 1708 1707
f 2047 2050 1710
f 2047 1710 1709
f 2056 2053 1712
f 2056 1712 1711
f 2053 2059 1713
f 2053 1713 1712
f 2062 2065 1715
f 2062 1715 1714
f 2068 2071 1717
f 2068 1717 1716
f 2077 2074 1719
f 2077 1719 1718
f 2080 2068 1716
f 2080 1716 1720
f 2081 2044 1707
f 2081 1707 1721
f 2050 2086 1722
f 2050 1722 1710
f 2089 2062 1714
f 2089 1714 1723
f 2086 2056 1711
f 2086 1711 1722
f 2071 2089 1723
f 2071 1723 1717
f 2059 2092 1724
f 2059 1724 1713
f 2041 2095 1725
f 2041 1725 1708
f 2098 2032 1704
f 2098 1704 1726
f 2095 2101 1727
f 2095 1727 1725
f 2104 2098 1726
f 2104 1726 1728
f 2110 2107 1730
f 2110 1730 1729
f 2113 2116 1732
f 2113 1732 1731
f 2107 2047 1709
f 2107 1709 1730
f 2065 2113 1731
f 2065 1731 1715
f 2119 2080 1720
f 2119 1720 1738
f 2092 2077 1718
f 2092 1718 1724
f 2074 2119 1738
f 2074 1738 1719
f 2101 2110 1729
f 2101 1729 1727
f 2116 2104 1728
f 2116 1728 1732
f 1940 1941 1948
f 1940 1948 1947
f 1941 1942 1946
f 1941 1946 1948
f 1942 1941 1944
f 1942 1944 1945
f 1941 1940 1943
f 1941 1943 1944
f 1949 1950 2004
f 1949 2004 2003
f 1950 1951 2005
f 1950 2005 2004
f 1951 1950 1953
f 1951 1953 1954
f 1950 1949 1952
f 1950 1952 1953
f 1955 1956 1995
f 1955 1995 1994
f 1956 1957 1996
f 1956 1996 1995
f 1957 1956 1959
f 1957 1959 1960
f 1956 1955 1958
f 1956 1958 1959
f 1961 1962 1968
f 1961 1968 1967
f 1962 1963 1969
f 1962 1969 1968
f 1963 1962 1965
f 1963 1965 1966
f 1962 1961 1964
f 1962 1964 1965
f 1967 1968 2001
f 1967 2001 2000
f 1968 1969 2002
f 1968 2002 2001
f 1970 1971 2025
f 1970 2025 2024
f 1971 1972 2026
f 1971 2026 2025
f 1972 1971 1974
f 1972 1974 1975
f 1971 1970 1973
f 1971 1973 1974
f 1976 1977 1998
f 1976 1998 1997
f 1977 1978 1999
f 1977 1999 1998
f 1978 1977 1980
f 1978 1980 1981
f 1977 1976 1979
f 1977 1979 1980
f 1982 1983 2028
f 1982 2028 2027
f 1983 1984 2029
f 1983 2029 2028
f 1984 1983 1986
f 1984 1986 1987
f 1983 1982 1985
f 1983 1985 1986
f 1981 1980 1989
f 1981 1989 1990
f 1980 1979 1988
f 1980 1988 1989
f 1966 1965 1995
f 1966 1995 1996
f 1965 1964 1994
f 1965 1994 1995
f 1975 1974 1998
f 1975 1998 1999
f 1974 1973 1997
f 1974 1997 1998
f 1987 1986 2001
f 1987 2001 2002
f 1986 1985 2000
f 1986 2000 2001
f 2003 2004 2010
f 2003 2010 2009
f 2004 2005 2011
f 2004 2011 2010
f 1945 1944 2007
f 1945 2007 2008
f 1944 1943 2006
f 1944 2006 2007
f 2009 2010 2019
f 2009 2019 2018
f 2010 2011 2020
f 2010 2020 2019
f 2008 2007 2013
f 2008 2013 2014
f 2007 2006 2012
f 2007 2012 2013
f 1960 1959 2016
f 1960 2016 2017
f 1959 1958 2015
f 1959 2015 2016
f 2017 2016 2019
f 2017 2019 2020
f 2016 2015 2018
f 2016 2018 2019
f 2014 2013 2022
f 2014 2022 2023
f 2013 2012 2021
f 2013 2021 2022
f 2023 2022 2025
f 2023 2025 2026
f 2022 2021 2024
f 2022 2024 2025
f 1990 1989 2028
f 1990 2028 2029
f 1989 1988 2027
f 1989 2027 2028
f 2030 2031 2097
f 2030 2097 2096
f 2031 2032 2098
f 2031 2098 2097
f 2032 2031 2034
f 2032 2034 2035
f 2031 2030 2033
f 2031 2033 2034
f 2039 2040 2043
f 2039 2043 2042
f 2040 2041 2044
f 2040 2044 2043
f 2042 2043 2083
f 2042 2083 2082
f 2043 2044 2081
f 2043 2081 2083
f 2045 2046 2106
f 2045 2106 2105
f 2046 2047 2107
f 2046 2107 2106
f 2047 2046 2049
f 2047 2049 2050
f 2046 2045 2048
f 2046 2048 2049
f 2051 2052 2055
f 2051 2055 2054
f 2052 2053 2056
f 2052 2056 2055
f 2054 2055 2085
f 2054 2085 2084
f 2055 2056 2086
f 2055 2086 2085
f 2053 2052 2058
f 2053 2058 2059
f 2052 2051 2057
f 2052 2057 2058
f 2060 2061 2088
f 2060 2088 2087
f 2061 2062 2089
f 2061 2089 2088
f 2062 2061 2064
f 2062 2064 2065
f 2061 2060 2063
f 2061 2063 2064
f 2066 2067 2079
f 2066 2079 2078
f 2067 2068 2080
f 2067 2080 2079
f 2068 2067 2070
f 2068 2070 2071
f 2067 2066 2069
f 2067 2069 2070
f 2072 2073 2076
f 2072 2076 2075
f 2073 2074 2077
f 2073 2077 2076
f 2075 2076 2091
f 2075 2091 2090
f 2076 2077 2092
f 2076 2092 2091
f 2078 2079 2118
f 2078 2118 2117
f 2079 2080 2119
f 2079 2119 2118
f 2050 2049 2085
f 2050 2085 2086
f 2049 2048 2084
f 2049 2084 2085
f 2071 2070 2088
f 2071 2088 2089
f 2070 2069 2087
f 2070 2087 2088
f 2059 2058 2091
f 2059 2091 2092
f 2058 2057 2090
f 2058 2090 2091
f 2041 2040 2094
f 2041 2094 2095
f 2040 2039 2093
f 2040 2093 2094
f 2096 2097 2103
f 2096 2103 2102
f 2097 2098 2104
f 2097 2104 2103
f 2095 2094 2100
f 2095 2100 2101
f 2094 2093 2099
f 2094 2099 2100
f 2102 2103 2115
f 2102 2115 2114
f 2103 2104 2116
f 2103 2116 2115
f 2105 2106 2109
f 2105 2109 2108
f 2106 2107 2110
f 2106 2110 2109
f 2101 2100 2109
f 2101 2109 2110
f 2100 2099 2108
f 2100 2108 2109
f 2065 2064 2112
f 2065 2112 2113
f 2064 2063 2111
f 2064 2111 2112
f 2113 2112 2115
f 2113 2115 2116
f 2112 2111 2114
f 2112 2114 2115
f 2074 2073 2118
f 2074 2118 2119
f 2073 2072 2117
f 2073 2117 2118
f 1991 1992 1292
f 1991 1292 2458
f 2036 2037 1570
f 2036 1570 2457
f 2121 2120 1877
f 2121 1877 1905
f 1906 2122 2121
f 1906 2121 1905
f 2123 2122 1906
f 2123 1906 1907
f 1903 2124 2123
f 1903 2123 1907
f 1904 2125 2124
f 1904 2124 1903
f 1901 2126 2125
f 1901 2125 1904
f 1902 2127 2126
f 1902 2126 1901
f 1899 2128 2127
f 1899 2127 1902
f 1900 2129 2128
f 1900 2128 1899
f 2130 2129 1900
f 2130 1900 1931
f 2131 2130 1931
f 2131 1931 1932
f 2132 2131 1932
f 2132 1932 1933
f 2133 2132 1933
f 2133 1933 1934
f 2134 2133 1934
f 2134 1934 1935
f 2135 2134 1935
f 2135 1935 1938
f 1936 2136 2135
f 1936 2135 1938
f 2137 2136 1936
f 2137 1936 1937
f 1909 2138 2137
f 1909 2137 1937
f 2139 2138 1909
f 2139 1909 1910
f 2140 2139 1910
f 2140 1910 1911
f 2141 2140 1911
f 2141 1911 1912
f 2142 2141 1912
f 2142 1912 1913
f 2143 2142 1913
f 2143 1913 1914
f 2144 2143 1914
f 2144 1914 1915
f 2145 2144 1915
f 2145 1915 1916
f 2146 2145 1916
f 2146 1916 1917
f 2147 2146 1917
f 2147 1917 1918
f 2148 2147 1918
f 2148 1918 1939
f 1919 2149 2148
f 1919 2148 1939
f 2150 2149 1919
f 2150 1919 1920
f 2151 2150 1920
f 2151 1920 1921
f 2152 2151 1921
f 2152 1921 1922
f 2153 2152 1922
f 2153 1922 1923
f 2154 2153 1923
f 2154 1923 1924
f 2155 2154 1924
f 2155 1924 1925
f 2156 2155 1925
f 2156 1925 1926
f 2157 2156 1926
f 2157 1926 1927
f 2158 2157 1927
f 2158 1927 1928
f 2159 2158 1928
f 2159 1928 1929
f 2160 2159 1929
f 2160 1929 1930
f 1898 2161 2160
f 1898 2160 1930
f 1897 2162 2161
f 1897 2161 1898
f 1896 2163 2162
f 1896 2162 1897
f 1895 2164 2163
f 1895 2163 1896
f 1894 2165 2164
f 1894 2164 1895
f 1893 2166 2165
f 1893 2165 1894
f 1892 2167 2166
f 1892 2166 1893
f 1891 2168 2167
f 1891 2167 1892
f 1890 2169 2168
f 1890 2168 1891
f 1889 2170 2169
f 1889 2169 1890
f 1888 2171 2170
f 1888 2170 1889
f 1886 2172 2171
f 1886 2171 1888
f 1887 2173 2172
f 1887 2172 1886
f 2174 2173 1887
f 2174 1887 1908
f 1884 2175 2174
f 1884 2174 1908
f 1885 2176 2175
f 1885 2175 1884
f 1883 2177 2176
f 1883 2176 1885
f 1882 2178 2177
f 1882 2177 1883
f 1881 2179 2178
f 1881 2178 1882
f 1880 2180 2179
f 1880 2179 1881
f 1879 2181 2180
f 1879 2180 1880
f 1878 2182 2181
f 1878 2181 1879
f 1876 2183 2182
f 1876 2182 1878
f 1877 2120 2183
f 1877 2183 1876
f 2185 2184 1876
f 2185 1876 1878
f 2186 2185 1878
f 2186 1878 1879
f 2187 2186 1879
f 2187 1879 1880
f 2188 2187 1880
f 2188 1880 1881
f 2189 2188 1881
f 2189 1881 1882
f 2190 2189 1882
f 2190 1882 1883
f 2191 2190 1883
f 2191 1883 1885
f 2192 2191 1885
f 2192 1885 1884
f 2193 2192 1884
f 2193 1884 1908
f 2194 2193 1908
f 2194 1908 1887
f 2195 2194 1887
f 2195 1887 1886
f 2196 2195 1886
f 2196 1886 1888
f 2197 2196 1888
f 2197 1888 1889
f 2198 2197 1889
f 2198 1889 1890
f 2199 2198 1890
f 2199 1890 1891
f 2200 2199 1891
f 2200 1891 1892
f 2201 2200 1892
f 2201 1892 1893
f 2202 2201 1893
f 2202 1893 1894
f 2203 2202 1894
f 2203 1894 1895
f 2204 2203 1895
f 2204 1895 1896
f 2205 2204 1896
f 2205 1896 1897
f 2206 2205 1897
f 2206 1897 1898
f 2207 2206 1898
f 2207 1898 1930
f 2208 2207 1930
f 2208 1930 1929
f 2209 2208 1929
f 2209 1929 1928
f 2210 2209 1928
f 2210 1928 1927
f 2211 2210 1927
f 2211 1927 1926
f 2212 2211 1926
f 2212 1926 1925
f 2213 2212 1925
f 2213 1925 1924
f 2214 2213 1924
f 2214 1924 1923
f 2215 2214 1923
f 2215 1923 1922
f 2216 2215 1922
f 2216 1922 1921
f 2217 2216 1921
f 2217 1921 1920
f 2218 2217 1920
f 2218 1920 1919
f 2219 2218 1919
f 2219 1919 1939
f 2220 2219 1939
f 2220 1939 1918
f 2221 2220 1918
f 2221 1918 1917
f 2222 2221 1917
f 2222 1917 1916
f 2223 2222 1916
f 2223 1916 1915
f 2224 2223 1915
f 2224 1915 1914
f 2225 2224 1914
f 2225 1914 1913
f 2226 2225 1913
f 2226 1913 1912
f 2227 2226 1912
f 2227 1912 1911
f 2228 2227 1911
f 2228 1911 1910
f 2229 2228 1910
f 2229 1910 1909
f 2230 2229 1909
f 2230 1909 1937
f 2231 2230 1937
f 2231 1937 1936
f 2232 2231 1936
f 2232 1936 1938
f 2233 2232 1938
f 2233 1938 1935
f 2234 2233 1935
f 2234 1935 1934
f 2235 2234 1934
f 2235 1934 1933
f 2236 2235 1933
f 2236 1933 1932
f 2237 2236 1932
f 2237 1932 1931
f 2238 2237 1931
f 2238 1931 1900
f 2239 2238 1900
f 2239 1900 1899
f 2240 2239 1899
f 2240 1899 1902
f 2241 2240 1902
f 2241 1902 1901
f 2242 2241 1901
f 2242 1901 1904
f 2243 2242 1904
f 2243 1904 1903
f 2244 2243 1903
f 2244 1903 1907
f 2245 2244 1907
f 2245 1907 1906
f 2246 2245 1906
f 2246 1906 1905
f 2247 2246 1905
f 2247 1905 1877
f 2184 2247 1877
f 2184 1877 1876
f 2250 2249 2252
f 2250 2252 2251
f 2249 2248 2253
f 2249 2253 2252
f 2283 2282 2285
f 2283 2285 2284
f 2282 2281 2286
f 2282 2286 2285
f 2325 2324 2327
f 2325 2327 2326
f 2324 2323 2328
f 2324 2328 2327
f 2346 2345 2348
f 2346 2348 2347
f 2345 2344 2349
f 2345 2349 2348
f 2352 2351 2354
f 2352 2354 2353
f 2351 2350 2355
f 2351 2355 2354
f 2385 2384 2387
f 2385 2387 2386
f 2384 2383 2388
f 2384 2388 2387
f 2436 2435 2438
f 2436 2438 2437
f 2435 2434 2439
f 2435 2439 2438
f 2256 2253 1289
f 2256 1289 1171
f 2259 2256 1171
f 2259 1171 1170
f 2262 2259 1170
f 2262 1170 1197
f 2265 2262 1197
f 2265 1197 1172
f 2268 2265 1172
f 2268 1172 1173
f 2271 2268 1173
f 2271 1173 1174
f 2274 2271 1174
f 2274 1174 1201
f 2280 2277 1179
f 2280 1179 1180
f 2289 2286 1181
f 2289 1181 1178
f 2292 2289 1178
f 2292 1178 1177
f 2295 2292 1177
f 2295 1177 1198
f 2298 2295 1198
f 2298 1198 1176
f 2301 2298 1176
f 2301 1176 1175
f 2304 2301 1175
f 2304 1175 1291
f 2307 2304 1291
f 2307 1291 1261
f 2310 2307 1261
f 2310 1261 1262
f 2313 2310 1262
f 2313 1262 1264
f 2316 2313 1264
f 2316 1264 1267
f 2319 2316 1267
f 2319 1267 1269
f 2322 2319 1269
f 2322 1269 1270
f 2331 2328 1274
f 2331 1274 1275
f 2337 2334 1278
f 2337 1278 1279
f 2343 2340 1282
f 2343 1282 1283
f 2248 2349 1286
f 2248 1286 1287
f 2349 2344 1309
f 2349 1309 1286
f 2340 2337 1279
f 2340 1279 1282
f 2334 2331 1275
f 2334 1275 1278
f 2344 2343 1283
f 2344 1283 1309
f 2286 2281 1310
f 2286 1310 1181
f 2277 2274 1201
f 2277 1201 1179
f 2281 2280 1180
f 2281 1180 1310
f 1289 2253 2248
f 1289 2248 1287
f 2355 2350 1455
f 2355 1455 1562
f 2350 2356 1454
f 2350 1454 1455
f 2356 2359 1479
f 2356 1479 1454
f 2359 2362 1457
f 2359 1457 1479
f 2362 2365 1456
f 2362 1456 1457
f 2365 2368 1458
f 2365 1458 1456
f 2368 2371 1483
f 2368 1483 1458
f 2374 2377 1463
f 2374 1463 1464
f 2388 2383 1462
f 2388 1462 1465
f 2383 2389 1461
f 2383 1461 1462
f 2389 2392 1480
f 2389 1480 1461
f 2392 2395 1460
f 2392 1460 1480
f 2395 2398 1459
f 2395 1459 1460
f 2398 2401 1565
f 2398 1565 1459
f 2401 2404 1539
f 2401 1539 1565
f 2404 2407 1538
f 2404 1538 1539
f 2407 2410 1542
f 2407 1542 1538
f 2410 2413 1545
f 2410 1545 1542
f 2413 2416 1547
f 2413 1547 1545
f 2416 2322 1270
f 2416 1270 1547
f 2328 2323 1549
f 2328 1549 1274
f 2419 2422 1553
f 2419 1553 1550
f 2425 2428 1557
f 2425 1557 1554
f 2439 2434 1561
f 2439 1561 1558
f 2431 2439 1558
f 2431 1558 1582
f 2422 2425 1554
f 2422 1554 1553
f 2323 2419 1550
f 2323 1550 1549
f 2428 2431 1582
f 2428 1582 1557
f 2380 2388 1465
f 2380 1465 1584
f 2371 2374 1464
f 2371 1464 1483
f 2377 2380 1584
f 2377 1584 1463
f 2434 2355 1562
f 2434 1562 1561
f 2251 2120 2121
f 2251 2121 2250
f 2183 2120 2251
f 2183 2251 2254
f 2182 2183 2254
f 2182 2254 2257
f 2181 2182 2257
f 2181 2257 2260
f 2180 2181 2260
f 2180 2260 2263
f 2179 2180 2263
f 2179 2263 2266
f 2178 2179 2266
f 2178 2266 2269
f 2177 2178 2269
f 2177 2269 2272
f 2176 2177 2272
f 2176 2272 2275
f 2175 2176 2275
f 2175 2275 2278
f 2284 2173 2174
f 2284 2174 2283
f 2172 2173 2284
f 2172 2284 2287
f 2171 2172 2287
f 2171 2287 2290
f 2170 2171 2290
f 2170 2290 2293
f 2169 2170 2293
f 2169 2293 2296
f 2168 2169 2296
f 2168 2296 2299
f 2167 2168 2299
f 2167 2299 2302
f 2166 2167 2302
f 2166 2302 2305
f 2165 2166 2305
f 2165 2305 2308
f 2164 2165 2308
f 2164 2308 2311
f 2163 2164 2311
f 2163 2311 2314
f 2162 2163 2314
f 2162 2314 2317
f 2161 2162 2317
f 2161 2317 2320
f 2326 2129 2130
f 2326 2130 2325
f 2128 2129 2326
f 2128 2326 2329
f 2127 2128 2329
f 2127 2329 2332
f 2126 2127 2332
f 2126 2332 2335
f 2125 2126 2335
f 2125 2335 2338
f 2124 2125 2338
f 2124 2338 2341
f 2347 2122 2123
f 2347 2123 2346
f 2121 2122 2347
f 2121 2347 2250
f 2123 2124 2341
f 2123 2341 2346
f 2174 2175 2278
f 2174 2278 2283
f 2353 2138 2139
f 2353 2139 2352
f 2352 2139 2140
f 2352 2140 2358
f 2358 2140 2141
f 2358 2141 2361
f 2361 2141 2142
f 2361 2142 2364
f 2364 2142 2143
f 2364 2143 2367
f 2367 2143 2144
f 2367 2144 2370
f 2370 2144 2145
f 2370 2145 2373
f 2373 2145 2146
f 2373 2146 2376
f 2376 2146 2147
f 2376 2147 2379
f 2379 2147 2148
f 2379 2148 2382
f 2386 2149 2150
f 2386 2150 2385
f 2385 2150 2151
f 2385 2151 2391
f 2391 2151 2152
f 2391 2152 2394
f 2394 2152 2153
f 2394 2153 2397
f 2397 2153 2154
f 2397 2154 2400
f 2400 2154 2155
f 2400 2155 2403
f 2403 2155 2156
f 2403 2156 2406
f 2406 2156 2157
f 2406 2157 2409
f 2409 2157 2158
f 2409 2158 2412
f 2412 2158 2159
f 2412 2159 2415
f 2415 2159 2160
f 2415 2160 2418
f 2160 2161 2320
f 2160 2320 2418
f 2325 2130 2131
f 2325 2131 2421
f 2421 2131 2132
f 2421 2132 2424
f 2424 2132 2133
f 2424 2133 2427
f 2427 2133 2134
f 2427 2134 2430
f 2430 2134 2135
f 2430 2135 2433
f 2437 2136 2137
f 2437 2137 2436
f 2137 2138 2353
f 2137 2353 2436
f 2135 2136 2437
f 2135 2437 2433
f 2148 2149 2386
f 2148 2386 2382
f 2251 2252 2255
f 2251 2255 2254
f 2252 2253 2256
f 2252 2256 2255
f 2254 2255 2258
f 2254 2258 2257
f 2255 2256 2259
f 2255 2259 2258
f 2257 2258 2261
f 2257 2261 2260
f 2258 2259 2262
f 2258 2262 2261
f 2260 2261 2264
f 2260 2264 2263
f 2261 2262 2265
f 2261 2265 2264
f 2263 2264 2267
f 2263 2267 2266
f 2264 2265 2268
f 2264 2268 2267
f 2266 2267 2270
f 2266 2270 2269
f 2267 2268 2271
f 2267 2271 2270
f 2269 2270 2273
f 2269 2273 2272
f 2270 2271 2274
f 2270 2274 2273
f 2272 2273 2276
f 2272 2276 2275
f 2273 2274 2277
f 2273 2277 2276
f 2275 2276 2279
f 2275 2279 2278
f 2276 2277 2280
f 2276 2280 2279
f 2278 2279 2282
f 2278 2282 2283
f 2279 2280 2281
f 2279 2281 2282
f 2284 2285 2288
f 2284 2288 2287
f 2285 2286 2289
f 2285 2289 2288
f 2287 2288 2291
f 2287 2291 2290
f 2288 2289 2292
f 2288 2292 2291
f 2290 2291 2294
f 2290 2294 2293
f 2291 2292 2295
f 2291 2295 2294
f 2293 2294 2297
f 2293 2297 2296
f 2294 2295 2298
f 2294 2298 2297
f 2296 2297 2300
f 2296 2300 2299
f 2297 2298 2301
f 2297 2301 2300
f 2299 2300 2303
f 2299 2303 2302
f 2300 2301 2304
f 2300 2304 2303
f 2302 2303 2306
f 2302 2306 2305
f 2303 2304 2307
f 2303 2307 2306
f 2305 2306 2309
f 2305 2309 2308
f 2306 2307 2310
f 2306 2310 2309
f 2308 2309 2312
f 2308 2312 2311
f 2309 2310 2313
f 2309 2313 2312
f 2311 2312 2315
f 2311 2315 2314
f 2312 2313 2316
f 2312 2316 2315
f 2314 2315 2318
f 2314 2318 2317
f 2315 2316 2319
f 2315 2319 2318
f 2317 2318 2321
f 2317 2321 2320
f 2318 2319 2322
f 2318 2322 2321
f 2323 2324 2420
f 2323 2420 2419
f 2324 2325 2421
f 2324 2421 2420
f 2326 2327 2330
f 2326 2330 2329
f 2327 2328 2331
f 2327 2331 2330
f 2329 2330 2333
f 2329 2333 2332
f 2330 2331 2334
f 2330 2334 2333
f 2332 2333 2336
f 2332 2336 2335
f 2333 2334 2337
f 2333 2337 2336
f 2335 2336 2339
f 2335 2339 2338
f 2336 2337 2340
f 2336 2340 2339
f 2338 2339 2342
f 2338 2342 2341
f 2339 2340 2343
f 2339 2343 2342
f 2341 2342 2345
f 2341 2345 2346
f 2342 2343 2344
f 2342 2344 2345
f 2248 2249 2348
f 2248 2348 2349
f 2249 2250 2347
f 2249 2347 2348
f 2350 2351 2357
f 2350 2357 2356
f 2351 2352 2358
f 2351 2358 2357
f 2356 2357 2360
f 2356 2360 2359
f 2357 2358 2361
f 2357 2361 2360
f 2359 2360 2363
f 2359 2363 2362
f 2360 2361 2364
f 2360 2364 2363
f 2362 2363 2366
f 2362 2366 2365
f 2363 2364 2367
f 2363 2367 2366
f 2365 2366 2369
f 2365 2369 2368
f 2366 2367 2370
f 2366 2370 2369
f 2368 2369 2372
f 2368 2372 2371
f 2369 2370 2373
f 2369 2373 2372
f 2371 2372 2375
f 2371 2375 2374
f 2372 2373 2376
f 2372 2376 2375
f 2374 2375 2378
f 2374 2378 2377
f 2375 2376 2379
f 2375 2379 2378
f 2377 2378 2381
f 2377 2381 2380
f 2378 2379 2382
f 2378 2382 2381
f 2383 2384 2390
f 2383 2390 2389
f 2384 2385 2391
f 2384 2391 2390
f 2380 2381 2387
f 2380 2387 2388
f 2381 2382 2386
f 2381 2386 2387
f 2389 2390 2393
f 2389 2393 2392
f 2390 2391 2394
f 2390 2394 2393
f 2392 2393 2396
f 2392 2396 2395
f 2393 2394 2397
f 2393 2397 2396
f 2395 2396 2399
f 2395 2399 2398
f 2396 2397 2400
f 2396 2400 2399
f 2398 2399 2402
f 2398 2402 2401
f 2399 2400 2403
f 2399 2403 2402
f 2401 2402 2405
f 2401 2405 2404
f 2402 2403 2406
f 2402 2406 2405
f 2404 2405 2408
f 2404 2408 2407
f 2405 2406 2409
f 2405 2409 2408
f 2407 2408 2411
f 2407 2411 2410
f 2408 2409 2412
f 2408 2412 2411
f 2410 2411 2414
f 2410 2414 2413
f 2411 2412 2415
f 2411 2415 2414
f 2413 2414 2417
f 2413 2417 2416
f 2414 2415 2418
f 2414 2418 2417
f 2320 2321 2417
f 2320 2417 2418
f 2321 2322 2416
f 2321 2416 2417
f 2419 2420 2423
f 2419 2423 2422
f 2420 2421 2424
f 2420 2424 2423
f 2422 2423 2426
f 2422 2426 2425
f 2423 2424 2427
f 2423 2427 2426
f 2425 2426 2429
f 2425 2429 2428
f 2426 2427 2430
f 2426 2430 2429
f 2428 2429 2432
f 2428 2432 2431
f 2429 2430 2433
f 2429 2433 2432
f 2353 2354 2435
f 2353 2435 2436
f 2354 2355 2434
f 2354 2434 2435
f 2431 2432 2438
f 2431 2438 2439
f 2432 2433 2437
f 2432 2437 2438
f 1447 1450 2440
f 1447 2440 2038
f 1586 2441 2440
f 1586 2440 1450
f 1476 2442 2441
f 1476 2441 1586
f 1473 2443 2442
f 1473 2442 1476
f 1482 2444 2443
f 1482 2443 1473
f 2445 2444 1482
f 2445 1482 1478
f 1478 1426 2082
f 1478 2082 2445
f 1296 2446 1947
f 1296 1947 1948
f 2447 2446 1296
f 2447 1296 1311
f 2448 2447 1311
f 2448 1311 1295
f 2449 2448 1295
f 2449 1295 1294
f 2450 2449 1294
f 2450 1294 1293
f 1293 1292 2451
f 1293 2451 2450
f 1993 2451 1292
f 1993 1292 1992
f 2453 2452 1733
f 2453 1733 1734
f 2454 2453 1734
f 2454 1734 1736
f 2455 2454 1736
f 2455 1736 1735
f 2456 2455 1735
f 2456 1735 1739
f 2457 2456 1739
f 2457 1739 1737
f 1292 1293 2459
f 1292 2459 2458
f 1293 1294 2460
f 1293 2460 2459
f 1294 1295 2461
f 1294 2461 2460
f 1295 1311 2462
f 1295 2462 2461
f 1311 1296 2463
f 1311 2463 2462
f 2081 2452 1566
f 2081 1566 2083
f 1991 2458 1697
f 1991 1697 1696
f 2036 2457 1737
f 2036 1737 1706
f 1946 2463 1296
f 1946 1296 1948
f 2586 2587 2588
f 2586 2588 2589
f 2594 2601 2602
f 2594 2602 2595
f 2598 2605 2606
f 2598 2606 2599
f 2608 2609 2601
f 2608 2601 2594
f 2589 2588 2610
f 2589 2610 2611
f 2599 2606 2612
f 2599 2612 2613
f 2616 2615 2602
f 2616 2602 2601
f 2609 2617 2616
f 2609 2616 2601
f 2621 2620 2615
f 2621 2615 2616
f 2617 2622 2621
f 2617 2621 2616
f 2588 2587 2620
f 2588 2620 2621
f 2622 2610 2588
f 2622 2588 2621
f 2606 2605 2586
f 2606 2586 2589
f 2611 2612 2606
f 2611 2606 2589
f 2567 2542 2490
f 2567 2490 2491
f 2556 2557 2492
f 2556 2492 2493
f 2553 2554 2494
f 2553 2494 2495
f 2543 2544 2496
f 2543 2496 2497
f 2561 2562 2498
f 2561 2498 2499
f 2562 2563 2500
f 2562 2500 2498
f 2564 2565 2501
f 2564 2501 2502
f 2560 2582 2583
f 2560 2583 2503
f 2558 2559 2504
f 2558 2504 2505
f 2557 2558 2505
f 2557 2505 2492
f 2544 2545 2506
f 2544 2506 2496
f 2551 2552 2509
f 2551 2509 2510
f 2547 2574 2575
f 2547 2575 2511
f 2555 2556 2493
f 2555 2493 2512
f 2568 2569 2560
f 2568 2560 2503
f 2563 2564 2502
f 2563 2502 2500
f 2554 2555 2512
f 2554 2512 2494
f 2565 2566 2513
f 2565 2513 2501
f 2566 2567 2491
f 2566 2491 2513
f 2552 2553 2495
f 2552 2495 2509
f 2542 2543 2497
f 2542 2497 2490
f 2550 2551 2510
f 2550 2510 2507
f 2508 2548 2549
f 2508 2549 2514
f 2549 2550 2507
f 2549 2507 2514
f 2515 2506 2545
f 2515 2545 2546
f 2576 2577 2547
f 2576 2547 2511
f 2517 2516 2464
f 2517 2464 2480
f 2480 2483 2518
f 2480 2518 2517
f 2485 2519 2518
f 2485 2518 2483
f 2520 2519 2485
f 2520 2485 2487
f 2521 2520 2487
f 2521 2487 2476
f 2522 2521 2476
f 2522 2476 2489
f 2523 2522 2489
f 2523 2489 2473
f 2474 2524 2523
f 2474 2523 2473
f 2475 2525 2524
f 2475 2524 2474
f 2479 2526 2572
f 2479 2572 2573
f 2578 2579 2526
f 2578 2526 2479
f 2528 2527 2472
f 2528 2472 2470
f 2471 2529 2528
f 2471 2528 2470
f 2471 2488 2530
f 2471 2530 2529
f 2531 2530 2488
f 2531 2488 2477
f 2477 2486 2532
f 2477 2532 2531
f 2533 2532 2486
f 2533 2486 2484
f 2482 2534 2533
f 2482 2533 2484
f 2535 2534 2482
f 2535 2482 2481
f 2536 2535 2481
f 2536 2481 2467
f 2537 2536 2467
f 2537 2467 2465
f 2538 2537 2465
f 2538 2465 2466
f 2478 2539 2580
f 2478 2580 2581
f 2570 2571 2539
f 2570 2539 2478
f 2468 2469 2541
f 2468 2541 2540
f 2469 2464 2516
f 2469 2516 2541
f 2477 2488 2543
f 2477 2543 2542
f 2488 2471 2544
f 2488 2544 2543
f 2471 2470 2545
f 2471 2545 2544
f 2546 2545 2470
f 2546 2470 2472
f 2577 2578 2479
f 2577 2479 2547
f 2479 2573 2574
f 2479 2574 2547
f 2549 2548 2475
f 2549 2475 2474
f 2473 2550 2549
f 2473 2549 2474
f 2473 2489 2551
f 2473 2551 2550
f 2489 2476 2552
f 2489 2552 2551
f 2476 2487 2553
f 2476 2553 2552
f 2487 2485 2554
f 2487 2554 2553
f 2485 2483 2555
f 2485 2555 2554
f 2483 2480 2556
f 2483 2556 2555
f 2480 2464 2557
f 2480 2557 2556
f 2464 2469 2558
f 2464 2558 2557
f 2469 2468 2559
f 2469 2559 2558
f 2569 2570 2478
f 2569 2478 2560
f 2478 2581 2582
f 2478 2582 2560
f 2466 2465 2562
f 2466 2562 2561
f 2465 2467 2563
f 2465 2563 2562
f 2467 2481 2564
f 2467 2564 2563
f 2481 2482 2565
f 2481 2565 2564
f 2482 2484 2566
f 2482 2566 2565
f 2484 2486 2567
f 2484 2567 2566
f 2486 2477 2542
f 2486 2542 2567
f 2559 2569 2568
f 2559 2568 2504
f 2468 2570 2569
f 2468 2569 2559
f 2468 2540 2571
f 2468 2571 2570
f 2603 2609 2608
f 2603 2608 2593
f 2603 2618 2617
f 2603 2617 2609
f 2623 2622 2617
f 2623 2617 2618
f 2590 2610 2622
f 2590 2622 2623
f 2611 2610 2590
f 2611 2590 2591
f 2604 2612 2611
f 2604 2611 2591
f 2613 2612 2604
f 2613 2604 2597
f 2573 2572 2525
f 2573 2525 2475
f 2574 2573 2475
f 2574 2475 2548
f 2575 2574 2548
f 2575 2548 2508
f 2546 2577 2576
f 2546 2576 2515
f 2472 2578 2577
f 2472 2577 2546
f 2527 2579 2578
f 2527 2578 2472
f 2596 2607 2605
f 2596 2605 2598
f 2586 2605 2607
f 2586 2607 2585
f 2585 2584 2587
f 2585 2587 2586
f 2620 2587 2584
f 2620 2584 2619
f 2615 2620 2619
f 2615 2619 2614
f 2602 2615 2614
f 2602 2614 2600
f 2595 2602 2600
f 2595 2600 2592
f 2581 2580 2538
f 2581 2538 2466
f 2582 2581 2466
f 2582 2466 2561
f 2583 2582 2561
f 2583 2561 2499
f 2624 2625 2680
f 2624 2680 2681
f 2625 2624 2627
f 2625 2627 2626
f 2626 2627 2670
f 2626 2670 2671
f 2628 2629 2682
f 2628 2682 2683
f 2629 2628 2631
f 2629 2631 2630
f 2630 2631 2668
f 2630 2668 2669
f 2632 2633 2665
f 2632 2665 2664
f 2633 2632 2635
f 2633 2635 2634
f 2634 2635 2637
f 2634 2637 2636
f 2636 2637 2646
f 2636 2646 2647
f 2638 2639 2667
f 2638 2667 2666
f 2639 2638 2641
f 2639 2641 2640
f 2640 2641 2643
f 2640 2643 2642
f 2642 2643 2672
f 2642 2672 2673
f 2644 2645 2673
f 2644 2673 2672
f 2645 2644 2647
f 2645 2647 2646
f 2648 2649 2660
f 2648 2660 2661
f 2649 2648 2651
f 2649 2651 2650
f 2650 2651 2653
f 2650 2653 2652
f 2652 2653 2671
f 2652 2671 2670
f 2654 2655 2669
f 2654 2669 2668
f 2655 2654 2657
f 2655 2657 2656
f 2656 2657 2659
f 2656 2659 2658
f 2658 2659 2674
f 2658 2674 2675
f 2661 2660 2663
f 2661 2663 2662
f 2662 2663 2675
f 2662 2675 2674
f 2664 2665 2677
f 2664 2677 2676
f 2666 2667 2679
f 2666 2679 2678
f 2676 2677 2681
f 2676 2681 2680
f 2678 2679 2683
f 2678 2683 2682
f 2627 2624 2584
f 2627 2584 2585
f 2591 2590 2629
f 2591 2629 2630
f 2636 2592 2633
f 2636 2633 2634
f 2641 2638 2593
f 2641 2593 2643
f 2644 2594 2595
f 2644 2595 2647
f 2652 2596 2649
f 2652 2649 2650
f 2597 2655 2656
f 2597 2656 2658
f 2660 2598 2599
f 2660 2599 2663
f 2600 2665 2633
f 2600 2633 2592
f 2638 2666 2603
f 2638 2603 2593
f 2597 2604 2669
f 2597 2669 2655
f 2652 2670 2607
f 2652 2607 2596
f 2672 2608 2594
f 2672 2594 2644
f 2663 2599 2613
f 2663 2613 2675
f 2614 2677 2665
f 2614 2665 2600
f 2666 2678 2618
f 2666 2618 2603
f 2677 2614 2619
f 2677 2619 2681
f 2682 2623 2618
f 2682 2618 2678
f 2584 2624 2681
f 2584 2681 2619
f 2629 2590 2623
f 2629 2623 2682
f 2607 2670 2627
f 2607 2627 2585
f 2669 2604 2591
f 2669 2591 2630
f 2593 2608 2672
f 2593 2672 2643
f 2675 2613 2597
f 2675 2597 2658
f 2596 2598 2660
f 2596 2660 2649
f 2647 2595 2592
f 2647 2592 2636
f 2735 2520 2521
f 2735 2521 2732
f 2531 2532 2768
f 2531 2768 2738
f 2705 2516 2517
f 2705 2517 2756
f 2687 2537 2538
f 2687 2538 2684
f 2690 2536 2537
f 2690 2537 2687
f 2693 2535 2536
f 2693 2536 2690
f 2747 2580 2539
f 2747 2539 2744
f 2540 2541 2702
f 2540 2702 2696
f 2541 2516 2705
f 2541 2705 2702
f 2528 2529 2708
f 2528 2708 2711
f 2714 2527 2528
f 2714 2528 2711
f 2523 2524 2717
f 2523 2717 2720
f 2524 2525 2723
f 2524 2723 2717
f 2579 2729 2750
f 2579 2750 2526
f 2726 2522 2523
f 2726 2523 2720
f 2529 2530 2741
f 2529 2741 2708
f 2539 2571 2699
f 2539 2699 2744
f 2753 2572 2526
f 2753 2526 2750
f 2759 2534 2535
f 2759 2535 2693
f 2517 2518 2765
f 2517 2765 2756
f 2533 2534 2759
f 2533 2759 2762
f 2518 2519 2771
f 2518 2771 2765
f 2768 2532 2533
f 2768 2533 2762
f 2771 2519 2520
f 2771 2520 2735
f 2741 2530 2531
f 2741 2531 2738
f 2732 2521 2522
f 2732 2522 2726
f 2699 2571 2540
f 2699 2540 2696
f 2525 2572 2753
f 2525 2753 2723
f 2714 2729 2579
f 2714 2579 2527
f 2538 2580 2747
f 2538 2747 2684
f 2740 2770 2625
f 2740 2625 2626
f 2737 2734 2631
f 2737 2631 2628
f 2692 2689 2635
f 2692 2635 2632
f 2689 2686 2637
f 2689 2637 2635
f 2704 2707 2639
f 2704 2639 2640
f 2698 2704 2640
f 2698 2640 2642
f 2749 2746 2645
f 2749 2645 2646
f 2716 2713 2651
f 2716 2651 2648
f 2713 2710 2653
f 2713 2653 2651
f 2722 2719 2657
f 2722 2657 2654
f 2719 2725 2659
f 2719 2659 2657
f 2752 2731 2661
f 2752 2661 2662
f 2695 2692 2632
f 2695 2632 2664
f 2707 2758 2667
f 2707 2667 2639
f 2728 2722 2654
f 2728 2654 2668
f 2710 2743 2671
f 2710 2671 2653
f 2746 2701 2673
f 2746 2673 2645
f 2755 2752 2662
f 2755 2662 2674
f 2761 2695 2664
f 2761 2664 2676
f 2758 2767 2679
f 2758 2679 2667
f 2764 2761 2676
f 2764 2676 2680
f 2767 2773 2683
f 2767 2683 2679
f 2770 2764 2680
f 2770 2680 2625
f 2773 2737 2628
f 2773 2628 2683
f 2743 2740 2626
f 2743 2626 2671
f 2734 2728 2668
f 2734 2668 2631
f 2701 2698 2642
f 2701 2642 2673
f 2725 2755 2674
f 2725 2674 2659
f 2731 2716 2648
f 2731 2648 2661
f 2686 2749 2646
f 2686 2646 2637
f 2684 2685 2688
f 2684 2688 2687
f 2685 2686 2689
f 2685 2689 2688
f 2687 2688 2691
f 2687 2691 2690
f 2688 2689 2692
f 2688 2692 2691
f 2690 2691 2694
f 2690 2694 2693
f 2691 2692 2695
f 2691 2695 2694
f 2693 2694 2760
f 2693 2760 2759
f 2694 2695 2761
f 2694 2761 2760
f 2696 2697 2700
f 2696 2700 2699
f 2697 2698 2701
f 2697 2701 2700
f 2699 2700 2745
f 2699 2745 2744
f 2700 2701 2746
f 2700 2746 2745
f 2698 2697 2703
f 2698 2703 2704
f 2697 2696 2702
f 2697 2702 2703
f 2704 2703 2706
f 2704 2706 2707
f 2703 2702 2705
f 2703 2705 2706
f 2708 2709 2712
f 2708 2712 2711
f 2709 2710 2713
f 2709 2713 2712
f 2711 2712 2715
f 2711 2715 2714
f 2712 2713 2716
f 2712 2716 2715
f 2714 2715 2730
f 2714 2730 2729
f 2715 2716 2731
f 2715 2731 2730
f 2717 2718 2721
f 2717 2721 2720
f 2718 2719 2722
f 2718 2722 2721
f 2720 2721 2727
f 2720 2727 2726
f 2721 2722 2728
f 2721 2728 2727
f 2719 2718 2724
f 2719 2724 2725
f 2718 2717 2723
f 2718 2723 2724
f 2726 2727 2733
f 2726 2733 2732
f 2727 2728 2734
f 2727 2734 2733
f 2729 2730 2751
f 2729 2751 2750
f 2730 2731 2752
f 2730 2752 2751
f 2732 2733 2736
f 2732 2736 2735
f 2733 2734 2737
f 2733 2737 2736
f 2735 2736 2772
f 2735 2772 2771
f 2736 2737 2773
f 2736 2773 2772
f 2738 2739 2742
f 2738 2742 2741
f 2739 2740 2743
f 2739 2743 2742
f 2710 2709 2742
f 2710 2742 2743
f 2709 2708 2741
f 2709 2741 2742
f 2744 2745 2748
f 2744 2748 2747
f 2745 2746 2749
f 2745 2749 2748
f 2686 2685 2748
f 2686 2748 2749
f 2685 2684 2747
f 2685 2747 2748
f 2750 2751 2754
f 2750 2754 2753
f 2751 2752 2755
f 2751 2755 2754
f 2725 2724 2754
f 2725 2754 2755
f 2724 2723 2753
f 2724 2753 2754
f 2707 2706 2757
f 2707 2757 2758
f 2706 2705 2756
f 2706 2756 2757
f 2759 2760 2763
f 2759 2763 2762
f 2760 2761 2764
f 2760 2764 2763
f 2762 2763 2769
f 2762 2769 2768
f 2763 2764 2770
f 2763 2770 2769
f 2758 2757 2766
f 2758 2766 2767
f 2757 2756 2765
f 2757 2765 2766
f 2740 2739 2769
f 2740 2769 2770
f 2739 2738 2768
f 2739 2768 2769
f 2767 2766 2772
f 2767 2772 2773
f 2766 2765 2771
f 2766 2771 2772
f 2774 2775 2780
f 2774 2780 2779
f 2776 2777 2782
f 2776 2782 2781
f 2777 2778 2783
f 2777 2783 2782
f 2778 2774 2779
f 2778 2779 2783
f 2779 2780 2785
f 2779 2785 2784
f 2781 2782 2787
f 2781 2787 2786
f 2782 2783 2788
f 2782 2788 2787
f 2783 2779 2784
f 2783 2784 2788
f 2784 2785 2790
f 2784 2790 2789
f 2786 2787 2792
f 2786 2792 2791
f 2787 2788 2793
f 2787 2793 2792
f 2788 2784 2789
f 2788 2789 2793
f 2849 2850 2795
f 2849 2795 2794
f 2846 2847 2797
f 2846 2797 2796
f 2847 2848 2798
f 2847 2798 2797
f 2848 2849 2794
f 2848 2794 2798
f 2794 2795 2800
f 2794 2800 2799
f 2796 2797 2802
f 2796 2802 2801
f 2797 2798 2803
f 2797 2803 2802
f 2798 2794 2799
f 2798 2799 2803
f 2799 2800 2805
f 2799 2805 2804
f 2801 2802 2807
f 2801 2807 2806
f 2802 2803 2808
f 2802 2808 2807
f 2803 2799 2804
f 2803 2804 2808
f 2804 2805 2810
f 2804 2810 2809
f 2806 2807 2812
f 2806 2812 2811
f 2807 2808 2813
f 2807 2813 2812
f 2808 2804 2809
f 2808 2809 2813
f 2775 2774 2814
f 2777 2776 2814
f 2778 2777 2814
f 2774 2778 2814
f 2809 2810 2815
f 2811 2812 2815
f 2812 2813 2815
f 2813 2809 2815
f 2821 2822 2817
f 2821 2817 2816
f 2822 2823 2818
f 2822 2818 2817
f 2823 2824 2819
f 2823 2819 2818
f 2824 2825 2820
f 2824 2820 2819
f 2826 2827 2822
f 2826 2822 2821
f 2827 2828 2823
f 2827 2823 2822
f 2828 2829 2824
f 2828 2824 2823
f 2829 2830 2825
f 2829 2825 2824
f 2836 2837 2827
f 2836 2827 2826
f 2837 2838 2828
f 2837 2828 2827
f 2838 2839 2829
f 2838 2829 2828
f 2839 2840 2830
f 2839 2830 2829
f 2816 2817 2832
f 2816 2832 2831
f 2817 2818 2833
f 2817 2833 2832
f 2818 2819 2834
f 2818 2834 2833
f 2819 2820 2835
f 2819 2835 2834
f 2851 2852 2837
f 2851 2837 2836
f 2852 2853 2838
f 2852 2838 2837
f 2853 2854 2839
f 2853 2839 2838
f 2854 2855 2840
f 2854 2840 2839
f 2831 2832 2842
f 2831 2842 2841
f 2832 2833 2843
f 2832 2843 2842
f 2833 2834 2844
f 2833 2844 2843
f 2834 2835 2845
f 2834 2845 2844
f 2841 2842 2847
f 2841 2847 2846
f 2842 2843 2848
f 2842 2848 2847
f 2843 2844 2849
f 2843 2849 2848
f 2844 2845 2850
f 2844 2850 2849
f 2791 2792 2852
f 2791 2852 2851
f 2792 2793 2853
f 2792 2853 2852
f 2793 2789 2854
f 2793 2854 2853
f 2789 2790 2855
f 2789 2855 2854
f 2780 2775 2856
f 2780 2856 2857
f 2776 2781 2859
f 2776 2859 2858
f 2785 2780 2857
f 2785 2857 2860
f 2781 2786 2861
f 2781 2861 2859
f 2790 2785 2860
f 2790 2860 2862
f 2786 2791 2863
f 2786 2863 2861
f 2855 2790 2862
f 2855 2862 2864
f 2791 2851 2865
f 2791 2865 2863
f 2800 2795 2866
f 2800 2866 2867
f 2796 2801 2869
f 2796 2869 2868
f 2805 2800 2867
f 2805 2867 2870
f 2801 2806 2871
f 2801 2871 2869
f 2810 2805 2870
f 2810 2870 2872
f 2806 2811 2873
f 2806 2873 2871
f 2775 2814 2874
f 2775 2874 2856
f 2814 2776 2858
f 2814 2858 2874
f 2815 2810 2872
f 2815 2872 2875
f 2811 2815 2875
f 2811 2875 2873
f 2816 2831 2877
f 2816 2877 2876
f 2835 2820 2878
f 2835 2878 2879
f 2821 2816 2876
f 2821 2876 2880
f 2820 2825 2881
f 2820 2881 2878
f 2826 2821 2880
f 2826 2880 2882
f 2825 2830 2883
f 2825 2883 2881
f 2831 2841 2884
f 2831 2884 2877
f 2845 2835 2879
f 2845 2879 2885
f 2836 2826 2882
f 2836 2882 2886
f 2830 2840 2887
f 2830 2887 2883
f 2841 2846 2888
f 2841 2888 2884
f 2850 2845 2885
f 2850 2885 2889
f 2846 2796 2868
f 2846 2868 2888
f 2795 2850 2889
f 2795 2889 2866
f 2851 2836 2886
f 2851 2886 2865
f 2840 2855 2864
f 2840 2864 2887
f 2890 2891 2896
f 2890 2896 2895
f 2892 2893 2898
f 2892 2898 2897
f 2893 2894 2899
f 2893 2899 2898
f 2894 2890 2895
f 2894 2895 2899
f 2895 2896 2901
f 2895 2901 2900
f 2897 2898 2903
f 2897 2903 2902
f 2898 2899 2904
f 2898 2904 2903
f 2899 2895 2900
f 2899 2900 2904
f 2900 2901 2906
f 2900 2906 2905
f 2902 2903 2908
f 2902 2908 2907
f 2903 2904 2909
f 2903 2909 2908
f 2904 2900 2905
f 2904 2905 2909
f 2965 2966 2911
f 2965 2911 2910
f 2962 2963 2913
f 2962 2913 2912
f 2963 2964 2914
f 2963 2914 2913
f 2964 2965 2910
f 2964 2910 2914
f 2910 2911 2916
f 2910 2916 2915
f 2912 2913 2918
f 2912 2918 2917
f 2913 2914 2919
f 2913 2919 2918
f 2914 2910 2915
f 2914 2915 2919
f 2915 2916 2921
f 2915 2921 2920
f 2917 2918 2923
f 2917 2923 2922
f 2918 2919 2924
f 2918 2924 2923
f 2919 2915 2920
f 2919 2920 2924
f 2920 2921 2926
f 2920 2926 2925
f 2922 2923 2928
f 2922 2928 2927
f 2923 2924 2929
f 2923 2929 2928
f 2924 2920 2925
f 2924 2925 2929
f 2891 2890 2930
f 2893 2892 2930
f 2894 2893 2930
f 2890 2894 2930
f 2925 2926 2931
f 2927 2928 2931
f 2928 2929 2931
f 2929 2925 2931
f 2937 2938 2933
f 2937 2933 2932
f 2938 2939 2934
f 2938 2934 2933
f 2939 2940 2935
f 2939 2935 2934
f 2940 2941 2936
f 2940 2936 2935
f 2942 2943 2938
f 2942 2938 2937
f 2943 2944 2939
f 2943 2939 2938
f 2944 2945 2940
f 2944 2940 2939
f 2945 2946 2941
f 2945 2941 2940
f 2952 2953 2943
f 2952 2943 2942
f 2953 2954 2944
f 2953 2944 2943
f 2954 2955 2945
f 2954 2945 2944
f 2955 2956 2946
f 2955 2946 2945
f 2932 2933 2948
f 2932 2948 2947
f 2933 2934 2949
f 2933 2949 2948
f 2934 2935 2950
f 2934 2950 2949
f 2935 2936 2951
f 2935 2951 2950
f 2967 2968 2953
f 2967 2953 2952
f 2968 2969 2954
f 2968 2954 2953
f 2969 2970 2955
f 2969 2955 2954
f 2970 2971 2956
f 2970 2956 2955
f 2947 2948 2958
f 2947 2958 2957
f 2948 2949 2959
f 2948 2959 2958
f 2949 2950 2960
f 2949 2960 2959
f 2950 2951 2961
f 2950 2961 2960
f 2957 2958 2963
f 2957 2963 2962
f 2958 2959 2964
f 2958 2964 2963
f 2959 2960 2965
f 2959 2965 2964
f 2960 2961 2966
f 2960 2966 2965
f 2907 2908 2968
f 2907 2968 2967
f 2908 2909 2969
f 2908 2969 2968
f 2909 2905 2970
f 2909 2970 2969
f 2905 2906 2971
f 2905 2971 2970
f 2896 2891 2972
f 2896 2972 2973
f 2892 2897 2975
f 2892 2975 2974
f 2901 2896 2973
f 2901 2973 2976
f 2897 2902 2977
f 2897 2977 2975
f 2906 2901 2976
f 2906 2976 2978
f 2902 2907 2979
f 2902 2979 2977
f 2971 2906 2978
f 2971 2978 2980
f 2907 2967 2981
f 2907 2981 2979
f 2916 2911 2982
f 2916 2982 2983
f 2912 2917 2985
f 2912 2985 2984
f 2921 2916 2983
f 2921 2983 2986
f 2917 2922 2987
f 2917 2987 2985
f 2926 2921 2986
f 2926 2986 2988
f 2922 2927 2989
f 2922 2989 2987
f 2891 2930 2990
f 2891 2990 2972
f 2930 2892 2974
f 2930 2974 2990
f 2931 2926 2988
f 2931 2988 2991
f 2927 2931 2991
f 2927 2991 2989
f 2932 2947 2993
f 2932 2993 2992
f 2951 2936 2994
f 2951 2994 2995
f 2937 2932 2992
f 2937 2992 2996
f 2936 2941 2997
f 2936 2997 2994
f 2942 2937 2996
f 2942 2996 2998
f 2941 2946 2999
f 2941 2999 2997
f 2947 2957 3000
f 2947 3000 2993
f 2961 2951 2995
f 2961 2995 3001
f 2952 2942 2998
f 2952 2998 3002
f 2946 2956 3003
f 2946 3003 2999
f 2957 2962 3004
f 2957 3004 3000
f 2966 2961 3001
f 2966 3001 3005
f 2962 2912 2984
f 2962 2984 3004
f 2911 2966 3005
f 2911 3005 2982
f 2967 2952 3002
f 2967 3002 2981
f 2956 2971 2980
f 2956 2980 3003
f 3006 3007 3012
f 3006 3012 3011
f 3008 3009 3014
f 3008 3014 3013
f 3009 3010 3015
f 3009 3015 3014
f 3010 3006 3011
f 3010 3011 3015
f 3011 3012 3017
f 3011 3017 3016
f 3013 3014 3019
f 3013 3019 3018
f 3014 3015 3020
f 3014 3020 3019
f 3015 3011 3016
f 3015 3016 3020
f 3016 3017 3022
f 3016 3022 3021
f 3018 3019 3024
f 3018 3024 3023
f 3019 3020 3025
f 3019 3025 3024
f 3020 3016 3021
f 3020 3021 3025
f 3081 3082 3027
f 3081 3027 3026
f 3078 3079 3029
f 3078 3029 3028
f 3079 3080 3030
f 3079 3030 3029
f 3080 3081 3026
f 3080 3026 3030
f 3026 3027 3032
f 3026 3032 3031
f 3028 3029 3034
f 3028 3034 3033
f 3029 3030 3035
f 3029 3035 3034
f 3030 3026 3031
f 3030 3031 3035
f 3031 3032 3037
f 3031 3037 3036
f 3033 3034 3039
f 3033 3039 3038
f 3034 3035 3040
f 3034 3040 3039
f 3035 3031 3036
f 3035 3036 3040
f 3036 3037 3042
f 3036 3042 3041
f 3038 3039 3044
f 3038 3044 3043
f 3039 3040 3045
f 3039 3045 3044
f 3040 3036 3041
f 3040 3041 3045
f 3007 3006 3046
f 3009 3008 3046
f 3010 3009 3046
f 3006 3010 3046
f 3041 3042 3047
f 3043 3044 3047
f 3044 3045 3047
f 3045 3041 3047
f 3053 3054 3049
f 3053 3049 3048
f 3054 3055 3050
f 3054 3050 3049
f 3055 3056 3051
f 3055 3051 3050
f 3056 3057 3052
f 3056 3052 3051
f 3058 3059 3054
f 3058 3054 3053
f 3059 3060 3055
f 3059 3055 3054
f 3060 3061 3056
f 3060 3056 3055
f 3061 3062 3057
f 3061 3057 3056
f 3068 3069 3059
f 3068 3059 3058
f 3069 3070 3060
f 3069 3060 3059
f 3070 3071 3061
f 3070 3061 3060
f 3071 3072 3062
f 3071 3062 3061
f 3048 3049 3064
f 3048 3064 3063
f 3049 3050 3065
f 3049 3065 3064
f 3050 3051 3066
f 3050 3066 3065
f 3051 3052 3067
f 3051 3067 3066
f 3083 3084 3069
f 3083 3069 3068
f 3084 3085 3070
f 3084 3070 3069
f 3085 3086 3071
f 3085 3071 3070
f 3086 3087 3072
f 3086 3072 3071
f 3063 3064 3074
f 3063 3074 3073
f 3064 3065 3075
f 3064 3075 3074
f 3065 3066 3076
f 3065 3076 3075
f 3066 3067 3077
f 3066 3077 3076
f 3073 3074 3079
f 3073 3079 3078
f 3074 3075 3080
f 3074 3080 3079
f 3075 3076 3081
f 3075 3081 3080
f 3076 3077 3082
f 3076 3082 3081
f 3023 3024 3084
f 3023 3084 3083
f 3024 3025 3085
f 3024 3085 3084
f 3025 3021 3086
f 3025 3086 3085
f 3021 3022 3087
f 3021 3087 3086
f 3012 3007 3088
f 3012 3088 3089
f 3008 3013 3091
f 3008 3091 3090
f 3017 3012 3089
f 3017 3089 3092
f 3013 3018 3093
f 3013 3093 3091
f 3022 3017 3092
f 3022 3092 3094
f 3018 3023 3095
f 3018 3095 3093
f 3087 3022 3094
f 3087 3094 3096
f 3023 3083 3097
f 3023 3097 3095
f 3032 3027 3098
f 3032 3098 3099
f 3028 3033 3101
f 3028 3101 3100
f 3037 3032 3099
f 3037 3099 3102
f 3033 3038 3103
f 3033 3103 3101
f 3042 3037 3102
f 3042 3102 3104
f 3038 3043 3105
f 3038 3105 3103
f 3007 3046 3106
f 3007 3106 3088
f 3046 3008 3090
f 3046 3090 3106
f 3047 3042 3104
f 3047 3104 3107
f 3043 3047 3107
f 3043 3107 3105
f 3048 3063 3109
f 3048 3109 3108
f 3067 3052 3110
f 3067 3110 3111
f 3053 3048 3108
f 3053 3108 3112
f 3052 3057 3113
f 3052 3113 3110
f 3058 3053 3112
f 3058 3112 3114
f 3057 3062 3115
f 3057 3115 3113
f 3063 3073 3116
f 3063 3116 3109
f 3077 3067 3111
f 3077 3111 3117
f 3068 3058 3114
f 3068 3114 3118
f 3062 3072 3119
f 3062 3119 3115
f 3073 3078 3120
f 3073 3120 3116
f 3082 3077 3117
f 3082 3117 3121
f 3078 3028 3100
f 3078 3100 3120
f 3027 3082 3121
f 3027 3121 3098
f 3083 3068 3118
f 3083 3118 3097
f 3072 3087 3096
f 3072 3096 3119
f 3122 3123 3128
f 3122 3128 3127
f 3124 3125 3130
f 3124 3130 3129
f 3125 3126 3131
f 3125 3131 3130
f 3126 3122 3127
f 3126 3127 3131
f 3127 3128 3133
f 3127 3133 3132
f 3129 3130 3135
f 3129 3135 3134
f 3130 3131 3136
f 3130 3136 3135
f 3131 3127 3132
f 3131 3132 3136
f 3132 3133 3138
f 3132 3138 3137
f 3134 3135 3140
f 3134 3140 3139
f 3135 3136 3141
f 3135 3141 3140
f 3136 3132 3137
f 3136 3137 3141
f 3197 3198 3143
f 3197 3143 3142
f 3194 3195 3145
f 3194 3145 3144
f 3195 3196 3146
f 3195 3146 3145
f 3196 3197 3142
f 3196 3142 3146
f 3142 3143 3148
f 3142 3148 3147
f 3144 3145 3150
f 3144 3150 3149
f 3145 3146 3151
f 3145 3151 3150
f 3146 3142 3147
f 3146 3147 3151
f 3147 3148 3153
f 3147 3153 3152
f 3149 3150 3155
f 3149 3155 3154
f 3150 3151 3156
f 3150 3156 3155
f 3151 3147 3152
f 3151 3152 3156
f 3152 3153 3158
f 3152 3158 3157
f 3154 3155 3160
f 3154 3160 3159
f 3155 3156 3161
f 3155 3161 3160
f 3156 3152 3157
f 3156 3157 3161
f 3123 3122 3162
f 3125 3124 3162
f 3126 3125 3162
f 3122 3126 3162
f 3157 3158 3163
f 3159 3160 3163
f 3160 3161 3163
f 3161 3157 3163
f 3169 3170 3165
f 3169 3165 3164
f 3170 3171 3166
f 3170 3166 3165
f 3171 3172 3167
f 3171 3167 3166
f 3172 3173 3168
f 3172 3168 3167
f 3174 3175 3170
f 3174 3170 3169
f 3175 3176 3171
f 3175 3171 3170
f 3176 3177 3172
f 3176 3172 3171
f 3177 3178 3173
f 3177 3173 3172
f 3184 3185 3175
f 3184 3175 3174
f 3185 3186 3176
f 3185 3176 3175
f 3186 3187 3177
f 3186 3177 3176
f 3187 3188 3178
f 3187 3178 3177
f 3164 3165 3180
f 3164 3180 3179
f 3165 3166 3181
f 3165 3181 3180
f 3166 3167 3182
f 3166 3182 3181
f 3167 3168 3183
f 3167 3183 3182
f 3199 3200 3185
f 3199 3185 3184
f 3200 3201 3186
f 3200 3186 3185
f 3201 3202 3187
f 3201 3187 3186
f 3202 3203 3188
f 3202 3188 3187
f 3179 3180 3190
f 3179 3190 3189
f 3180 3181 3191
f 3180 3191 3190
f 3181 3182 3192
f 3181 3192 3191
f 3182 3183 3193
f 3182 3193 3192
f 3189 3190 3195
f 3189 3195 3194
f 3190 3191 3196
f 3190 3196 3195
f 3191 3192 3197
f 3191 3197 3196
f 3192 3193 3198
f 3192 3198 3197
f 3139 3140 3200
f 3139 3200 3199
f 3140 3141 3201
f 3140 3201 3200
f 3141 3137 3202
f 3141 3202 3201
f 3137 3138 3203
f 3137 3203 3202
f 3128 3123 3204
f 3128 3204 3205
f 3124 3129 3207
f 3124 3207 3206
f 3133 3128 3205
f 3133 3205 3208
f 3129 3134 3209
f 3129 3209 3207
f 3138 3133 3208
f 3138 3208 3210
f 3134 3139 3211
f 3134 3211 3209
f 3203 3138 3210
f 3203 3210 3212
f 3139 3199 3213
f 3139 3213 3211
f 3148 3143 3214
f 3148 3214 3215
f 3144 3149 3217
f 3144 3217 3216
f 3153 3148 3215
f 3153 3215 3218
f 3149 3154 3219
f 3149 3219 3217
f 3158 3153 3218
f 3158 3218 3220
f 3154 3159 3221
f 3154 3221 3219
f 3123 3162 3222
f 3123 3222 3204
f 3162 3124 3206
f 3162 3206 3222
f 3163 3158 3220
f 3163 3220 3223
f 3159 3163 3223
f 3159 3223 3221
f 3164 3179 3225
f 3164 3225 3224
f 3183 3168 3226
f 3183 3226 3227
f 3169 3164 3224
f 3169 3224 3228
f 3168 3173 3229
f 3168 3229 3226
f 3174 3169 3228
f 3174 3228 3230
f 3173 3178 3231
f 3173 3231 3229
f 3179 3189 3232
f 3179 3232 3225
f 3193 3183 3227
f 3193 3227 3233
f 3184 3174 3230
f 3184 3230 3234
f 3178 3188 3235
f 3178 3235 3231
f 3189 3194 3236
f 3189 3236 3232
f 3198 3193 3233
f 3198 3233 3237
f 3194 3144 3216
f 3194 3216 3236
f 3143 3198 3237
f 3143 3237 3214
f 3199 3184 3234
f 3199 3234 3213
f 3188 3203 3212
f 3188 3212 3235
f 3238 3239 3244
f 3238 3244 3243
f 3240 3241 3246
f 3240 3246 3245
f 3241 3242 3247
f 3241 3247 3246
f 3242 3238 3243
f 3242 3243 3247
f 3243 3244 3249
f 3243 3249 3248
f 3245 3246 3251
f 3245 3251 3250
f 3246 3247 3252
f 3246 3252 3251
f 3247 3243 3248
f 3247 3248 3252
f 3248 3249 3254
f 3248 3254 3253
f 3250 3251 3256
f 3250 3256 3255
f 3251 3252 3257
f 3251 3257 3256
f 3252 3248 3253
f 3252 3253 3257
f 3313 3314 3259
f 3313 3259 3258
f 3310 3311 3261
f 3310 3261 3260
f 3311 3312 3262
f 3311 3262 3261
f 3312 3313 3258
f 3312 3258 3262
f 3258 3259 3264
f 3258 3264 3263
f 3260 3261 3266
f 3260 3266 3265
f 3261 3262 3267
f 3261 3267 3266
f 3262 3258 3263
f 3262 3263 3267
f 3263 3264 3269
f 3263 3269 3268
f 3265 3266 3271
f 3265 3271 3270
f 3266 3267 3272
f 3266 3272 3271
f 3267 3263 3268
f 3267 3268 3272
f 3268 3269 3274
f 3268 3274 3273
f 3270 3271 3276
f 3270 3276 3275
f 3271 3272 3277
f 3271 3277 3276
f 3272 3268 3273
f 3272 3273 3277
f 3239 3238 3278
f 3241 3240 3278
f 3242 3241 3278
f 3238 3242 3278
f 3273 3274 3279
f 3275 3276 3279
f 3276 3277 3279
f 3277 3273 3279
f 3285 3286 3281
f 3285 3281 3280
f 3286 3287 3282
f 3286 3282 3281
f 3287 3288 3283
f 3287 3283 3282
f 3288 3289 3284
f 3288 3284 3283
f 3290 3291 3286
f 3290 3286 3285
f 3291 3292 3287
f 3291 3287 3286
f 3292 3293 3288
f 3292 3288 3287
f 3293 3294 3289
f 3293 3289 3288
f 3300 3301 3291
f 3300 3291 3290
f 3301 3302 3292
f 3301 3292 3291
f 3302 3303 3293
f 3302 3293 3292
f 3303 3304 3294
f 3303 3294 3293
f 3280 3281 3296
f 3280 3296 3295
f 3281 3282 3297
f 3281 3297 3296
f 3282 3283 3298
f 3282 3298 3297
f 3283 3284 3299
f 3283 3299 3298
f 3315 3316 3301
f 3315 3301 3300
f 3316 3317 3302
f 3316 3302 3301
f 3317 3318 3303
f 3317 3303 3302
f 3318 3319 3304
f 3318 3304 3303
f 3295 3296 3306
f 3295 3306 3305
f 3296 3297 3307
f 3296 3307 3306
f 3297 3298 3308
f 3297 3308 3307
f 3298 3299 3309
f 3298 3309 3308
f 3305 3306 3311
f 3305 3311 3310
f 3306 3307 3312
f 3306 3312 3311
f 3307 3308 3313
f 3307 3313 3312
f 3308 3309 3314
f 3308 3314 3313
f 3255 3256 3316
f 3255 3316 3315
f 3256 3257 3317
f 3256 3317 3316
f 3257 3253 3318
f 3257 3318 3317
f 3253 3254 3319
f 3253 3319 3318
f 3244 3239 3320
f 3244 3320 3321
f 3240 3245 3323
f 3240 3323 3322
f 3249 3244 3321
f 3249 3321 3324
f 3245 3250 3325
f 3245 3325 3323
f 3254 3249 3324
f 3254 3324 3326
f 3250 3255 3327
f 3250 3327 3325
f 3319 3254 3326
f 3319 3326 3328
f 3255 3315 3329
f 3255 3329 3327
f 3264 3259 3330
f 3264 3330 3331
f 3260 3265 3333
f 3260 3333 3332
f 3269 3264 3331
f 3269 3331 3334
f 3265 3270 3335
f 3265 3335 3333
f 3274 3269 3334
f 3274 3334 3336
f 3270 3275 3337
f 3270 3337 3335
f 3239 3278 3338
f 3239 3338 3320
f 3278 3240 3322
f 3278 3322 3338
f 3279 3274 3336
f 3279 3336 3339
f 3275 3279 3339
f 3275 3339 3337
f 3280 3295 3341
f 3280 3341 3340
f 3299 3284 3342
f 3299 3342 3343
f 3285 3280 3340
f 3285 3340 3344
f 3284 3289 3345
f 3284 3345 3342
f 3290 3285 3344
f 3290 3344 3346
f 3289 3294 3347
f 3289 3347 3345
f 3295 3305 3348
f 3295 3348 3341
f 3309 3299 3343
f 3309 3343 3349
f 3300 3290 3346
f 3300 3346 3350
f 3294 3304 3351
f 3294 3351 3347
f 3305 3310 3352
f 3305 3352 3348
f 3314 3309 3349
f 3314 3349 3353
f 3310 3260 3332
f 3310 3332 3352
f 3259 3314 3353
f 3259 3353 3330
f 3315 3300 3350
f 3315 3350 3329
f 3304 3319 3328
f 3304 3328 3351
f 3354 3355 3360
f 3354 3360 3359
f 3356 3357 3362
f 3356 3362 3361
f 3357 3358 3363
f 3357 3363 3362
f 3358 3354 3359
f 3358 3359 3363
f 3359 3360 3365
f 3359 3365 3364
f 3361 3362 3367
f 3361 3367 3366
f 3362 3363 3368
f 3362 3368 3367
f 3363 3359 3364
f 3363 3364 3368
f 3364 3365 3370
f 3364 3370 3369
f 3366 3367 3372
f 3366 3372 3371
f 3367 3368 3373
f 3367 3373 3372
f 3368 3364 3369
f 3368 3369 3373
f 3429 3430 3375
f 3429 3375 3374
f 3426 3427 3377
f 3426 3377 3376
f 3427 3428 3378
f 3427 3378 3377
f 3428 3429 3374
f 3428 3374 3378
f 3374 3375 3380
f 3374 3380 3379
f 3376 3377 3382
f 3376 3382 3381
f 3377 3378 3383
f 3377 3383 3382
f 3378 3374 3379
f 3378 3379 3383
f 3379 3380 3385
f 3379 3385 3384
f 3381 3382 3387
f 3381 3387 3386
f 3382 3383 3388
f 3382 3388 3387
f 3383 3379 3384
f 3383 3384 3388
f 3384 3385 3390
f 3384 3390 3389
f 3386 3387 3392
f 3386 3392 3391
f 3387 3388 3393
f 3387 3393 3392
f 3388 3384 3389
f 3388 3389 3393
f 3355 3354 3394
f 3357 3356 3394
f 3358 3357 3394
f 3354 3358 3394
f 3389 3390 3395
f 3391 3392 3395
f 3392 3393 3395
f 3393 3389 3395
f 3401 3402 3397
f 3401 3397 3396
f 3402 3403 3398
f 3402 3398 3397
f 3403 3404 3399
f 3403 3399 3398
f 3404 3405 3400
f 3404 3400 3399
f 3406 3407 3402
f 3406 3402 3401
f 3407 3408 3403
f 3407 3403 3402
f 3408 3409 3404
f 3408 3404 3403
f 3409 3410 3405
f 3409 3405 3404
f 3416 3417 3407
f 3416 3407 3406
f 3417 3418 3408
f 3417 3408 3407
f 3418 3419 3409
f 3418 3409 3408
f 3419 3420 3410
f 3419 3410 3409
f 3396 3397 3412
f 3396 3412 3411
f 3397 3398 3413
f 3397 3413 3412
f 3398 3399 3414
f 3398 3414 3413
f 3399 3400 3415
f 3399 3415 3414
f 3431 3432 3417
f 3431 3417 3416
f 3432 3433 3418
f 3432 3418 3417
f 3433 3434 3419
f 3433 3419 3418
f 3434 3435 3420
f 3434 3420 3419
f 3411 3412 3422
f 3411 3422 3421
f 3412 3413 3423
f 3412 3423 3422
f 3413 3414 3424
f 3413 3424 3423
f 3414 3415 3425
f 3414 3425 3424
f 3421 3422 3427
f 3421 3427 3426
f 3422 3423 3428
f 3422 3428 3427
f 3423 3424 3429
f 3423 3429 3428
f 3424 3425 3430
f 3424 3430 3429
f 3371 3372 3432
f 3371 3432 3431
f 3372 3373 3433
f 3372 3433 3432
f 3373 3369 3434
f 3373 3434 3433
f 3369 3370 3435
f 3369 3435 3434
f 3360 3355 3436
f 3360 3436 3437
f 3356 3361 3439
f 3356 3439 3438
f 3365 3360 3437
f 3365 3437 3440
f 3361 3366 3441
f 3361 3441 3439
f 3370 3365 3440
f 3370 3440 3442
f 3366 3371 3443
f 3366 3443 3441
f 3435 3370 3442
f 3435 3442 3444
f 3371 3431 3445
f 3371 3445 3443
f 3380 3375 3446
f 3380 3446 3447
f 3376 3381 3449
f 3376 3449 3448
f 3385 3380 3447
f 3385 3447 3450
f 3381 3386 3451
f 3381 3451 3449
f 3390 3385 3450
f 3390 3450 3452
f 3386 3391 3453
f 3386 3453 3451
f 3355 3394 3454
f 3355 3454 3436
f 3394 3356 3438
f 3394 3438 3454
f 3395 3390 3452
f 3395 3452 3455
f 3391 3395 3455
f 3391 3455 3453
f 3396 3411 3457
f 3396 3457 3456
f 3415 3400 3458
f 3415 3458 3459
f 3401 3396 3456
f 3401 3456 3460
f 3400 3405 3461
f 3400 3461 3458
f 3406 3401 3460
f 3406 3460 3462
f 3405 3410 3463
f 3405 3463 3461
f 3411 3421 3464
f 3411 3464 3457
f 3425 3415 3459
f 3425 3459 3465
f 3416 3406 3462
f 3416 3462 3466
f 3410 3420 3467
f 3410 3467 3463
f 3421 3426 3468
f 3421 3468 3464
f 3430 3425 3465
f 3430 3465 3469
f 3426 3376 3448
f 3426 3448 3468
f 3375 3430 3469
f 3375 3469 3446
f 3431 3416 3466
f 3431 3466 3445
f 3420 3435 3444
f 3420 3444 3467
f 3470 3471 3476
f 3470 3476 3475
f 3472 3473 3478
f 3472 3478 3477
f 3473 3474 3479
f 3473 3479 3478
f 3474 3470 3475
f 3474 3475 3479
f 3475 3476 3481
f 3475 3481 3480
f 3477 3478 3483
f 3477 3483 3482
f 3478 3479 3484
f 3478 3484 3483
f 3479 3475 3480
f 3479 3480 3484
f 3480 3481 3486
f 3480 3486 3485
f 3482 3483 3488
f 3482 3488 3487
f 3483 3484 3489
f 3483 3489 3488
f 3484 3480 3485
f 3484 3485 3489
f 3545 3546 3491
f 3545 3491 3490
f 3542 3543 3493
f 3542 3493 3492
f 3543 3544 3494
f 3543 3494 3493
f 3544 3545 3490
f 3544 3490 3494
f 3490 3491 3496
f 3490 3496 3495
f 3492 3493 3498
f 3492 3498 3497
f 3493 3494 3499
f 3493 3499 3498
f 3494 3490 3495
f 3494 3495 3499
f 3495 3496 3501
f 3495 3501 3500
f 3497 3498 3503
f 3497 3503 3502
f 3498 3499 3504
f 3498 3504 3503
f 3499 3495 3500
f 3499 3500 3504
f 3500 3501 3506
f 3500 3506 3505
f 3502 3503 3508
f 3502 3508 3507
f 3503 3504 3509
f 3503 3509 3508
f 3504 3500 3505
f 3504 3505 3509
f 3471 3470 3510
f 3473 3472 3510
f 3474 3473 3510
f 3470 3474 3510
f 3505 3506 3511
f 3507 3508 3511
f 3508 3509 3511
f 3509 3505 3511
f 3517 3518 3513
f 3517 3513 3512
f 3518 3519 3514
f 3518 3514 3513
f 3519 3520 3515
f 3519 3515 3514
f 3520 3521 3516
f 3520 3516 3515
f 3522 3523 3518
f 3522 3518 3517
f 3523 3524 3519
f 3523 3519 3518
f 3524 3525 3520
f 3524 3520 3519
f 3525 3526 3521
f 3525 3521 3520
f 3532 3533 3523
f 3532 3523 3522
f 3533 3534 3524
f 3533 3524 3523
f 3534 3535 3525
f 3534 3525 3524
f 3535 3536 3526
f 3535 3526 3525
f 3512 3513 3528
f 3512 3528 3527
f 3513 3514 3529
f 3513 3529 3528
f 3514 3515 3530
f 3514 3530 3529
f 3515 3516 3531
f 3515 3531 3530
f 3547 3548 3533
f 3547 3533 3532
f 3548 3549 3534
f 3548 3534 3533
f 3549 3550 3535
f 3549 3535 3534
f 3550 3551 3536
f 3550 3536 3535
f 3527 3528 3538
f 3527 3538 3537
f 3528 3529 3539
f 3528 3539 3538
f 3529 3530 3540
f 3529 3540 3539
f 3530 3531 3541
f 3530 3541 3540
f 3537 3538 3543
f 3537 3543 3542
f 3538 3539 3544
f 3538 3544 3543
f 3539 3540 3545
f 3539 3545 3544
f 3540 3541 3546
f 3540 3546 3545
f 3487 3488 3548
f 3487 3548 3547
f 3488 3489 3549
f 3488 3549 3548
f 3489 3485 3550
f 3489 3550 3549
f 3485 3486 3551
f 3485 3551 3550
f 3476 3471 3552
f 3476 3552 3553
f 3472 3477 3555
f 3472 3555 3554
f 3481 3476 3553
f 3481 3553 3556
f 3477 3482 3557
f 3477 3557 3555
f 3486 3481 3556
f 3486 3556 3558
f 3482 3487 3559
f 3482 3559 3557
f 3551 3486 3558
f 3551 3558 3560
f 3487 3547 3561
f 3487 3561 3559
f 3496 3491 3562
f 3496 3562 3563
f 3492 3497 3565
f 3492 3565 3564
f 3501 3496 3563
f 3501 3563 3566
f 3497 3502 3567
f 3497 3567 3565
f 3506 3501 3566
f 3506 3566 3568
f 3502 3507 3569
f 3502 3569 3567
f 3471 3510 3570
f 3471 3570 3552
f 3510 3472 3554
f 3510 3554 3570
f 3511 3506 3568
f 3511 3568 3571
f 3507 3511 3571
f 3507 3571 3569
f 3512 3527 3573
f 3512 3573 3572
f 3531 3516 3574
f 3531 3574 3575
f 3517 3512 3572
f 3517 3572 3576
f 3516 3521 3577
f 3516 3577 3574
f 3522 3517 3576
f 3522 3576 3578
f 3521 3526 3579
f 3521 3579 3577
f 3527 3537 3580
f 3527 3580 3573
f 3541 3531 3575
f 3541 3575 3581
f 3532 3522 3578
f 3532 3578 3582
f 3526 3536 3583
f 3526 3583 3579
f 3537 3542 3584
f 3537 3584 3580
f 3546 3541 3581
f 3546 3581 3585
f 3542 3492 3564
f 3542 3564 3584
f 3491 3546 3585
f 3491 3585 3562
f 3547 3532 3582
f 3547 3582 3561
f 3536 3551 3560
f 3536 3560 3583
f 123 126 125
f 123 125 124
f 131 132 139
f 131 139 138
f 135 136 143
f 135 143 142
f 145 131 138
f 145 138 146
f 126 148 147
f 126 147 125
f 136 150 149
f 136 149 143
f 153 138 139
f 153 139 152
f 146 138 153
f 146 153 154
f 158 153 152
f 158 152 157
f 154 153 158
f 154 158 159
f 125 158 157
f 125 157 124
f 159 158 125
f 159 125 147
f 143 126 123
f 143 123 142
f 148 126 143
f 148 143 149
f 104 28 27
f 104 27 79
f 93 30 29
f 93 29 94
f 90 32 31
f 90 31 91
f 80 34 33
f 80 33 81
f 98 36 35
f 98 35 99
f 99 35 37
f 99 37 100
f 101 39 38
f 101 38 102
f 97 40 120
f 97 120 119
f 95 42 41
f 95 41 96
f 94 29 42
f 94 42 95
f 81 33 43
f 81 43 82
f 88 47 46
f 88 46 89
f 84 48 112
f 84 112 111
f 92 49 30
f 92 30 93
f 105 40 97
f 105 97 106
f 100 37 39
f 100 39 101
f 91 31 49
f 91 49 92
f 102 38 50
f 102 50 103
f 103 50 28
f 103 28 104
f 89 46 32
f 89 32 90
f 79 27 34
f 79 34 80
f 87 44 47
f 87 47 88
f 45 51 86
f 45 86 85
f 86 51 44
f 86 44 87
f 52 83 82
f 52 82 43
f 113 48 84
f 113 84 114
f 54 17 1
f 54 1 53
f 17 54 55
f 17 55 20
f 22 20 55
f 22 55 56
f 57 24 22
f 57 22 56
f 58 13 24
f 58 24 57
f 59 26 13
f 59 13 58
f 60 10 26
f 60 26 59
f 11 10 60
f 11 60 61
f 12 11 61
f 12 61 62
f 16 110 109
f 16 109 63
f 115 16 63
f 115 63 116
f 65 7 9
f 65 9 64
f 8 7 65
f 8 65 66
f 8 66 67
f 8 67 25
f 68 14 25
f 68 25 67
f 14 68 69
f 14 69 23
f 70 21 23
f 70 23 69
f 19 21 70
f 19 70 71
f 72 18 19
f 72 19 71
f 73 4 18
f 73 18 72
f 74 2 4
f 74 4 73
f 75 3 2
f 75 2 74
f 15 118 117
f 15 117 76
f 107 15 76
f 107 76 108
f 5 77 78
f 5 78 6
f 6 78 53
f 6 53 1
f 14 79 80
f 14 80 25
f 25 80 81
f 25 81 8
f 8 81 82
f 8 82 7
f 83 9 7
f 83 7 82
f 114 84 16
f 114 16 115
f 16 84 111
f 16 111 110
f 86 11 12
f 86 12 85
f 10 11 86
f 10 86 87
f 10 87 88
f 10 88 26
f 26 88 89
f 26 89 13
f 13 89 90
f 13 90 24
f 24 90 91
f 24 91 22
f 22 91 92
f 22 92 20
f 20 92 93
f 20 93 17
f 17 93 94
f 17 94 1
f 1 94 95
f 1 95 6
f 6 95 96
f 6 96 5
f 106 97 15
f 106 15 107
f 15 97 119
f 15 119 118
f 3 98 99
f 3 99 2
f 2 99 100
f 2 100 4
f 4 100 101
f 4 101 18
f 18 101 102
f 18 102 19
f 19 102 103
f 19 103 21
f 21 103 104
f 21 104 23
f 23 104 79
f 23 79 14
f 96 41 105
f 96 105 106
f 5 96 106
f 5 106 107
f 5 107 108
f 5 108 77
f 140 130 145
f 140 145 146
f 140 146 154
f 140 154 155
f 160 155 154
f 160 154 159
f 127 160 159
f 127 159 147
f 148 128 127
f 148 127 147
f 141 128 148
f 141 148 149
f 150 134 141
f 150 141 149
f 110 12 62
f 110 62 109
f 111 85 12
f 111 12 110
f 112 45 85
f 112 85 111
f 83 52 113
f 83 113 114
f 9 83 114
f 9 114 115
f 64 9 115
f 64 115 116
f 133 135 142
f 133 142 144
f 123 122 144
f 123 144 142
f 122 123 124
f 122 124 121
f 157 156 121
f 157 121 124
f 152 151 156
f 152 156 157
f 139 137 151
f 139 151 152
f 132 129 137
f 132 137 139
f 118 3 75
f 118 75 117
f 119 98 3
f 119 3 118
f 120 36 98
f 120 98 119
f 161 218 217
f 161 217 162
f 162 163 164
f 162 164 161
f 163 208 207
f 163 207 164
f 165 220 219
f 165 219 166
f 166 167 168
f 166 168 165
f 167 206 205
f 167 205 168
f 169 201 202
f 169 202 170
f 170 171 172
f 170 172 169
f 171 173 174
f 171 174 172
f 173 184 183
f 173 183 174
f 175 203 204
f 175 204 176
f 176 177 178
f 176 178 175
f 177 179 180
f 177 180 178
f 179 210 209
f 179 209 180
f 181 209 210
f 181 210 182
f 182 183 184
f 182 184 181
f 185 198 197
f 185 197 186
f 186 187 188
f 186 188 185
f 187 189 190
f 187 190 188
f 189 207 208
f 189 208 190
f 191 205 206
f 191 206 192
f 192 193 194
f 192 194 191
f 193 195 196
f 193 196 194
f 195 212 211
f 195 211 196
f 198 199 200
f 198 200 197
f 199 211 212
f 199 212 200
f 201 213 214
f 201 214 202
f 203 215 216
f 203 216 204
f 213 217 218
f 213 218 214
f 215 219 220
f 215 220 216
f 164 122 121
f 164 121 161
f 128 167 166
f 128 166 127
f 173 171 170
f 173 170 129
f 178 180 130
f 178 130 175
f 181 184 132
f 181 132 131
f 189 187 186
f 189 186 133
f 134 195 193
f 134 193 192
f 197 200 136
f 197 136 135
f 137 129 170
f 137 170 202
f 175 130 140
f 175 140 203
f 134 192 206
f 134 206 141
f 189 133 144
f 189 144 207
f 209 181 131
f 209 131 145
f 200 212 150
f 200 150 136
f 151 137 202
f 151 202 214
f 203 140 155
f 203 155 215
f 214 218 156
f 214 156 151
f 219 215 155
f 219 155 160
f 121 156 218
f 121 218 161
f 166 219 160
f 166 160 127
f 144 122 164
f 144 164 207
f 206 167 128
f 206 128 141
f 130 180 209
f 130 209 145
f 212 195 134
f 212 134 150
f 133 186 197
f 133 197 135
f 184 173 129
f 184 129 132
f 272 269 58
f 272 58 57
f 68 275 305
f 68 305 69
f 242 293 54
f 242 54 53
f 224 221 75
f 224 75 74
f 227 224 74
f 227 74 73
f 230 227 73
f 230 73 72
f 284 281 76
f 284 76 117
f 77 233 239
f 77 239 78
f 78 239 242
f 78 242 53
f 65 248 245
f 65 245 66
f 251 248 65
f 251 65 64
f 60 257 254
f 60 254 61
f 61 254 260
f 61 260 62
f 116 63 287
f 116 287 266
f 263 257 60
f 263 60 59
f 66 245 278
f 66 278 67
f 76 281 236
f 76 236 108
f 290 287 63
f 290 63 109
f 296 230 72
f 296 72 71
f 54 293 302
f 54 302 55
f 70 299 296
f 70 296 71
f 55 302 308
f 55 308 56
f 305 299 70
f 305 70 69
f 308 272 57
f 308 57 56
f 278 275 68
f 278 68 67
f 269 263 59
f 269 59 58
f 236 233 77
f 236 77 108
f 62 260 290
f 62 290 109
f 251 64 116
f 251 116 266
f 75 221 284
f 75 284 117
f 277 163 162
f 277 162 307
f 274 165 168
f 274 168 271
f 229 169 172
f 229 172 226
f 226 172 174
f 226 174 223
f 241 177 176
f 241 176 244
f 235 179 177
f 235 177 241
f 286 183 182
f 286 182 283
f 253 185 188
f 253 188 250
f 250 188 190
f 250 190 247
f 259 191 194
f 259 194 256
f 256 194 196
f 256 196 262
f 289 199 198
f 289 198 268
f 232 201 169
f 232 169 229
f 244 176 204
f 244 204 295
f 265 205 191
f 265 191 259
f 247 190 208
f 247 208 280
f 283 182 210
f 283 210 238
f 292 211 199
f 292 199 289
f 298 213 201
f 298 201 232
f 295 204 216
f 295 216 304
f 301 217 213
f 301 213 298
f 304 216 220
f 304 220 310
f 307 162 217
f 307 217 301
f 310 220 165
f 310 165 274
f 280 208 163
f 280 163 277
f 271 168 205
f 271 205 265
f 238 210 179
f 238 179 235
f 262 196 211
f 262 211 292
f 268 198 185
f 268 185 253
f 223 174 183
f 223 183 286
f 221 224 225
f 221 225 222
f 222 225 226
f 222 226 223
f 224 227 228
f 224 228 225
f 225 228 229
f 225 229 226
f 227 230 231
f 227 231 228
f 228 231 232
f 228 232 229
f 230 296 297
f 230 297 231
f 231 297 298
f 231 298 232
f 233 236 237
f 233 237 234
f 234 237 238
f 234 238 235
f 236 281 282
f 236 282 237
f 237 282 283
f 237 283 238
f 235 241 240
f 235 240 234
f 234 240 239
f 234 239 233
f 241 244 243
f 241 243 240
f 240 243 242
f 240 242 239
f 245 248 249
f 245 249 246
f 246 249 250
f 246 250 247
f 248 251 252
f 248 252 249
f 249 252 253
f 249 253 250
f 251 266 267
f 251 267 252
f 252 267 268
f 252 268 253
f 254 257 258
f 254 258 255
f 255 258 259
f 255 259 256
f 257 263 264
f 257 264 258
f 258 264 265
f 258 265 259
f 256 262 261
f 256 261 255
f 255 261 260
f 255 260 254
f 263 269 270
f 263 270 264
f 264 270 271
f 264 271 265
f 266 287 288
f 266 288 267
f 267 288 289
f 267 289 268
f 269 272 273
f 269 273 270
f 270 273 274
f 270 274 271
f 272 308 309
f 272 309 273
f 273 309 310
f 273 310 274
f 275 278 279
f 275 279 276
f 276 279 280
f 276 280 277
f 247 280 279
f 247 279 246
f 246 279 278
f 246 278 245
f 281 284 285
f 281 285 282
f 282 285 286
f 282 286 283
f 223 286 285
f 223 285 222
f 222 285 284
f 222 284 221
f 287 290 291
f 287 291 288
f 288 291 292
f 288 292 289
f 262 292 291
f 262 291 261
f 261 291 290
f 261 290 260
f 244 295 294
f 244 294 243
f 243 294 293
f 243 293 242
f 296 299 300
f 296 300 297
f 297 300 301
f 297 301 298
f 299 305 306
f 299 306 300
f 300 306 307
f 300 307 301
f 295 304 303
f 295 303 294
f 294 303 302
f 294 302 293
f 277 307 306
f 277 306 276
f 276 306 305
f 276 305 275
f 304 310 309
f 304 309 303
f 303 309 308
f 303 308 302
f 311 316 317
f 311 317 312
f 313 318 319
f 313 319 314
f 314 319 320
f 314 320 315
f 315 320 316
f 315 316 311
f 316 321 322
f 316 322 317
f 318 323 324
f 318 324 319
f 319 324 325
f 319 325 320
f 320 325 321
f 320 321 316
f 321 326 327
f 321 327 322
f 323 328 329
f 323 329 324
f 324 329 330
f 324 330 325
f 325 330 326
f 325 326 321
f 386 331 332
f 386 332 387
f 383 333 334
f 383 334 384
f 384 334 335
f 384 335 385
f 385 335 331
f 385 331 386
f 331 336 337
f 331 337 332
f 333 338 339
f 333 339 334
f 334 339 340
f 334 340 335
f 335 340 336
f 335 336 331
f 336 341 342
f 336 342 337
f 338 343 344
f 338 344 339
f 339 344 345
f 339 345 340
f 340 345 341
f 340 341 336
f 341 346 347
f 341 347 342
f 343 348 349
f 343 349 344
f 344 349 350
f 344 350 345
f 345 350 346
f 345 346 341
f 312 351 311
f 314 351 313
f 315 351 314
f 311 351 315
f 346 352 347
f 348 352 349
f 349 352 350
f 350 352 346
f 358 353 354
f 358 354 359
f 359 354 355
f 359 355 360
f 360 355 356
f 360 356 361
f 361 356 357
f 361 357 362
f 363 358 359
f 363 359 364
f 364 359 360
f 364 360 365
f 365 360 361
f 365 361 366
f 366 361 362
f 366 362 367
f 373 363 364
f 373 364 374
f 374 364 365
f 374 365 375
f 375 365 366
f 375 366 376
f 376 366 367
f 376 367 377
f 353 368 369
f 353 369 354
f 354 369 370
f 354 370 355
f 355 370 371
f 355 371 356
f 356 371 372
f 356 372 357
f 388 373 374
f 388 374 389
f 389 374 375
f 389 375 390
f 390 375 376
f 390 376 391
f 391 376 377
f 391 377 392
f 368 378 379
f 368 379 369
f 369 379 380
f 369 380 370
f 370 380 381
f 370 381 371
f 371 381 382
f 371 382 372
f 378 383 384
f 378 384 379
f 379 384 385
f 379 385 380
f 380 385 386
f 380 386 381
f 381 386 387
f 381 387 382
f 328 388 389
f 328 389 329
f 329 389 390
f 329 390 330
f 330 390 391
f 330 391 326
f 326 391 392
f 326 392 327
f 317 394 393
f 317 393 312
f 313 395 396
f 313 396 318
f 322 397 394
f 322 394 317
f 318 396 398
f 318 398 323
f 327 399 397
f 327 397 322
f 323 398 400
f 323 400 328
f 392 401 399
f 392 399 327
f 328 400 402
f 328 402 388
f 337 404 403
f 337 403 332
f 333 405 406
f 333 406 338
f 342 407 404
f 342 404 337
f 338 406 408
f 338 408 343
f 347 409 407
f 347 407 342
f 343 408 410
f 343 410 348
f 312 393 411
f 312 411 351
f 351 411 395
f 351 395 313
f 352 412 409
f 352 409 347
f 348 410 412
f 348 412 352
f 353 413 414
f 353 414 368
f 372 416 415
f 372 415 357
f 358 417 413
f 358 413 353
f 357 415 418
f 357 418 362
f 363 419 417
f 363 417 358
f 362 418 420
f 362 420 367
f 368 414 421
f 368 421 378
f 382 422 416
f 382 416 372
f 373 423 419
f 373 419 363
f 367 420 424
f 367 424 377
f 378 421 425
f 378 425 383
f 387 426 422
f 387 422 382
f 383 425 405
f 383 405 333
f 332 403 426
f 332 426 387
f 388 402 423
f 388 423 373
f 377 424 401
f 377 401 392
f 427 432 433
f 427 433 428
f 429 434 435
f 429 435 430
f 430 435 436
f 430 436 431
f 431 436 432
f 431 432 427
f 432 437 438
f 432 438 433
f 434 439 440
f 434 440 435
f 435 440 441
f 435 441 436
f 436 441 437
f 436 437 432
f 437 442 443
f 437 443 438
f 439 444 445
f 439 445 440
f 440 445 446
f 440 446 441
f 441 446 442
f 441 442 437
f 502 447 448
f 502 448 503
f 499 449 450
f 499 450 500
f 500 450 451
f 500 451 501
f 501 451 447
f 501 447 502
f 447 452 453
f 447 453 448
f 449 454 455
f 449 455 450
f 450 455 456
f 450 456 451
f 451 456 452
f 451 452 447
f 452 457 458
f 452 458 453
f 454 459 460
f 454 460 455
f 455 460 461
f 455 461 456
f 456 461 457
f 456 457 452
f 457 462 463
f 457 463 458
f 459 464 465
f 459 465 460
f 460 465 466
f 460 466 461
f 461 466 462
f 461 462 457
f 428 467 427
f 430 467 429
f 431 467 430
f 427 467 431
f 462 468 463
f 464 468 465
f 465 468 466
f 466 468 462
f 474 469 470
f 474 470 475
f 475 470 471
f 475 471 476
f 476 471 472
f 476 472 477
f 477 472 473
f 477 473 478
f 479 474 475
f 479 475 480
f 480 475 476
f 480 476 481
f 481 476 477
f 481 477 482
f 482 477 478
f 482 478 483
f 489 479 480
f 489 480 490
f 490 480 481
f 490 481 491
f 491 481 482
f 491 482 492
f 492 482 483
f 492 483 493
f 469 484 485
f 469 485 470
f 470 485 486
f 470 486 471
f 471 486 487
f 471 487 472
f 472 487 488
f 472 488 473
f 504 489 490
f 504 490 505
f 505 490 491
f 505 491 506
f 506 491 492
f 506 492 507
f 507 492 493
f 507 493 508
f 484 494 495
f 484 495 485
f 485 495 496
f 485 496 486
f 486 496 497
f 486 497 487
f 487 497 498
f 487 498 488
f 494 499 500
f 494 500 495
f 495 500 501
f 495 501 496
f 496 501 502
f 496 502 497
f 497 502 503
f 497 503 498
f 444 504 505
f 444 505 445
f 445 505 506
f 445 506 446
f 446 506 507
f 446 507 442
f 442 507 508
f 442 508 443
f 433 510 509
f 433 509 428
f 429 511 512
f 429 512 434
f 438 513 510
f 438 510 433
f 434 512 514
f 434 514 439
f 443 515 513
f 443 513 438
f 439 514 516
f 439 516 444
f 508 517 515
f 508 515 443
f 444 516 518
f 444 518 504
f 453 520 519
f 453 519 448
f 449 521 522
f 449 522 454
f 458 523 520
f 458 520 453
f 454 522 524
f 454 524 459
f 463 525 523
f 463 523 458
f 459 524 526
f 459 526 464
f 428 509 527
f 428 527 467
f 467 527 511
f 467 511 429
f 468 528 525
f 468 525 463
f 464 526 528
f 464 528 468
f 469 529 530
f 469 530 484
f 488 532 531
f 488 531 473
f 474 533 529
f 474 529 469
f 473 531 534
f 473 534 478
f 479 535 533
f 479 533 474
f 478 534 536
f 478 536 483
f 484 530 537
f 484 537 494
f 498 538 532
f 498 532 488
f 489 539 535
f 489 535 479
f 483 536 540
f 483 540 493
f 494 537 541
f 494 541 499
f 503 542 538
f 503 538 498
f 499 541 521
f 499 521 449
f 448 519 542
f 448 542 503
f 504 518 539
f 504 539 489
f 493 540 517
f 493 517 508
f 543 548 549
f 543 549 544
f 545 550 551
f 545 551 546
f 546 551 552
f 546 552 547
f 547 552 548
f 547 548 543
f 548 553 554
f 548 554 549
f 550 555 556
f 550 556 551
f 551 556 557
f 551 557 552
f 552 557 553
f 552 553 548
f 553 558 559
f 553 559 554
f 555 560 561
f 555 561 556
f 556 561 562
f 556 562 557
f 557 562 558
f 557 558 553
f 618 563 564
f 618 564 619
f 615 565 566
f 615 566 616
f 616 566 567
f 616 567 617
f 617 567 563
f 617 563 618
f 563 568 569
f 563 569 564
f 565 570 571
f 565 571 566
f 566 571 572
f 566 572 567
f 567 572 568
f 567 568 563
f 568 573 574
f 568 574 569
f 570 575 576
f 570 576 571
f 571 576 577
f 571 577 572
f 572 577 573
f 572 573 568
f 573 578 579
f 573 579 574
f 575 580 581
f 575 581 576
f 576 581 582
f 576 582 577
f 577 582 578
f 577 578 573
f 544 583 543
f 546 583 545
f 547 583 546
f 543 583 547
f 578 584 579
f 580 584 581
f 581 584 582
f 582 584 578
f 590 585 586
f 590 586 591
f 591 586 587
f 591 587 592
f 592 587 588
f 592 588 593
f 593 588 589
f 593 589 594
f 595 590 591
f 595 591 596
f 596 591 592
f 596 592 597
f 597 592 593
f 597 593 598
f 598 593 594
f 598 594 599
f 605 595 596
f 605 596 606
f 606 596 597
f 606 597 607
f 607 597 598
f 607 598 608
f 608 598 599
f 608 599 609
f 585 600 601
f 585 601 586
f 586 601 602
f 586 602 587
f 587 602 603
f 587 603 588
f 588 603 604
f 588 604 589
f 620 605 606
f 620 606 621
f 621 606 607
f 621 607 622
f 622 607 608
f 622 608 623
f 623 608 609
f 623 609 624
f 600 610 611
f 600 611 601
f 601 611 612
f 601 612 602
f 602 612 613
f 602 613 603
f 603 613 614
f 603 614 604
f 610 615 616
f 610 616 611
f 611 616 617
f 611 617 612
f 612 617 618
f 612 618 613
f 613 618 619
f 613 619 614
f 560 620 621
f 560 621 561
f 561 621 622
f 561 622 562
f 562 622 623
f 562 623 558
f 558 623 624
f 558 624 559
f 549 626 625
f 549 625 544
f 545 627 628
f 545 628 550
f 554 629 626
f 554 626 549
f 550 628 630
f 550 630 555
f 559 631 629
f 559 629 554
f 555 630 632
f 555 632 560
f 624 633 631
f 624 631 559
f 560 632 634
f 560 634 620
f 569 636 635
f 569 635 564
f 565 637 638
f 565 638 570
f 574 639 636
f 574 636 569
f 570 638 640
f 570 640 575
f 579 641 639
f 579 639 574
f 575 640 642
f 575 642 580
f 544 625 643
f 544 643 583
f 583 643 627
f 583 627 545
f 584 644 641
f 584 641 579
f 580 642 644
f 580 644 584
f 585 645 646
f 585 646 600
f 604 648 647
f 604 647 589
f 590 649 645
f 590 645 585
f 589 647 650
f 589 650 594
f 595 651 649
f 595 649 590
f 594 650 652
f 594 652 599
f 600 646 653
f 600 653 610
f 614 654 648
f 614 648 604
f 605 655 651
f 605 651 595
f 599 652 656
f 599 656 609
f 610 653 657
f 610 657 615
f 619 658 654
f 619 654 614
f 615 657 637
f 615 637 565
f 564 635 658
f 564 658 619
f 620 634 655
f 620 655 605
f 609 656 633
f 609 633 624
f 659 664 665
f 659 665 660
f 661 666 667
f 661 667 662
f 662 667 668
f 662 668 663
f 663 668 664
f 663 664 659
f 664 669 670
f 664 670 665
f 666 671 672
f 666 672 667
f 667 672 673
f 667 673 668
f 668 673 669
f 668 669 664
f 669 674 675
f 669 675 670
f 671 676 677
f 671 677 672
f 672 677 678
f 672 678 673
f 673 678 674
f 673 674 669
f 734 679 680
f 734 680 735
f 731 681 682
f 731 682 732
f 732 682 683
f 732 683 733
f 733 683 679
f 733 679 734
f 679 684 685
f 679 685 680
f 681 686 687
f 681 687 682
f 682 687 688
f 682 688 683
f 683 688 684
f 683 684 679
f 684 689 690
f 684 690 685
f 686 691 692
f 686 692 687
f 687 692 693
f 687 693 688
f 688 693 689
f 688 689 684
f 689 694 695
f 689 695 690
f 691 696 697
f 691 697 692
f 692 697 698
f 692 698 693
f 693 698 694
f 693 694 689
f 660 699 659
f 662 699 661
f 663 699 662
f 659 699 663
f 694 700 695
f 696 700 697
f 697 700 698
f 698 700 694
f 706 701 702
f 706 702 707
f 707 702 703
f 707 703 708
f 708 703 704
f 708 704 709
f 709 704 705
f 709 705 710
f 711 706 707
f 711 707 712
f 712 707 708
f 712 708 713
f 713 708 709
f 713 709 714
f 714 709 710
f 714 710 715
f 721 711 712
f 721 712 722
f 722 712 713
f 722 713 723
f 723 713 714
f 723 714 724
f 724 714 715
f 724 715 725
f 701 716 717
f 701 717 702
f 702 717 718
f 702 718 703
f 703 718 719
f 703 719 704
f 704 719 720
f 704 720 705
f 736 721 722
f 736 722 737
f 737 722 723
f 737 723 738
f 738 723 724
f 738 724 739
f 739 724 725
f 739 725 740
f 716 726 727
f 716 727 717
f 717 727 728
f 717 728 718
f 718 728 729
f 718 729 719
f 719 729 730
f 719 730 720
f 726 731 732
f 726 732 727
f 727 732 733
f 727 733 728
f 728 733 734
f 728 734 729
f 729 734 735
f 729 735 730
f 676 736 737
f 676 737 677
f 677 737 738
f 677 738 678
f 678 738 739
f 678 739 674
f 674 739 740
f 674 740 675
f 665 742 741
f 665 741 660
f 661 743 744
f 661 744 666
f 670 745 742
f 670 742 665
f 666 744 746
f 666 746 671
f 675 747 745
f 675 745 670
f 671 746 748
f 671 748 676
f 740 749 747
f 740 747 675
f 676 748 750
f 676 750 736
f 685 752 751
f 685 751 680
f 681 753 754
f 681 754 686
f 690 755 752
f 690 752 685
f 686 754 756
f 686 756 691
f 695 757 755
f 695 755 690
f 691 756 758
f 691 758 696
f 660 741 759
f 660 759 699
f 699 759 743
f 699 743 661
f 700 760 757
f 700 757 695
f 696 758 760
f 696 760 700
f 701 761 762
f 701 762 716
f 720 764 763
f 720 763 705
f 706 765 761
f 706 761 701
f 705 763 766
f 705 766 710
f 711 767 765
f 711 765 706
f 710 766 768
f 710 768 715
f 716 762 769
f 716 769 726
f 730 770 764
f 730 764 720
f 721 771 767
f 721 767 711
f 715 768 772
f 715 772 725
f 726 769 773
f 726 773 731
f 735 774 770
f 735 770 730
f 731 773 753
f 731 753 681
f 680 751 774
f 680 774 735
f 736 750 771
f 736 771 721
f 725 772 749
f 725 749 740
f 775 780 781
f 775 781 776
f 777 782 783
f 777 783 778
f 778 783 784
f 778 784 779
f 779 784 780
f 779 780 775
f 780 785 786
f 780 786 781
f 782 787 788
f 782 788 783
f 783 788 789
f 783 789 784
f 784 789 785
f 784 785 780
f 785 790 791
f 785 791 786
f 787 792 793
f 787 793 788
f 788 793 794
f 788 794 789
f 789 794 790
f 789 790 785
f 850 795 796
f 850 796 851
f 847 797 798
f 847 798 848
f 848 798 799
f 848 799 849
f 849 799 795
f 849 795 850
f 795 800 801
f 795 801 796
f 797 802 803
f 797 803 798
f 798 803 804
f 798 804 799
f 799 804 800
f 799 800 795
f 800 805 806
f 800 806 801
f 802 807 808
f 802 808 803
f 803 808 809
f 803 809 804
f 804 809 805
f 804 805 800
f 805 810 811
f 805 811 806
f 807 812 813
f 807 813 808
f 808 813 814
f 808 814 809
f 809 814 810
f 809 810 805
f 776 815 775
f 778 815 777
f 779 815 778
f 775 815 779
f 810 816 811
f 812 816 813
f 813 816 814
f 814 816 810
f 822 817 818
f 822 818 823
f 823 818 819
f 823 819 824
f 824 819 820
f 824 820 825
f 825 820 821
f 825 821 826
f 827 822 823
f 827 823 828
f 828 823 824
f 828 824 829
f 829 824 825
f 829 825 830
f 830 825 826
f 830 826 831
f 837 827 828
f 837 828 838
f 838 828 829
f 838 829 839
f 839 829 830
f 839 830 840
f 840 830 831
f 840 831 841
f 817 832 833
f 817 833 818
f 818 833 834
f 818 834 819
f 819 834 835
f 819 835 820
f 820 835 836
f 820 836 821
f 852 837 838
f 852 838 853
f 853 838 839
f 853 839 854
f 854 839 840
f 854 840 855
f 855 840 841
f 855 841 856
f 832 842 843
f 832 843 833
f 833 843 844
f 833 844 834
f 834 844 845
f 834 845 835
f 835 845 846
f 835 846 836
f 842 847 848
f 842 848 843
f 843 848 849
f 843 849 844
f 844 849 850
f 844 850 845
f 845 850 851
f 845 851 846
f 792 852 853
f 792 853 793
f 793 853 854
f 793 854 794
f 794 854 855
f 794 855 790
f 790 855 856
f 790 856 791
f 781 858 857
f 781 857 776
f 777 859 860
f 777 860 782
f 786 861 858
f 786 858 781
f 782 860 862
f 782 862 787
f 791 863 861
f 791 861 786
f 787 862 864
f 787 864 792
f 856 865 863
f 856 863 791
f 792 864 866
f 792 866 852
f 801 868 867
f 801 867 796
f 797 869 870
f 797 870 802
f 806 871 868
f 806 868 801
f 802 870 872
f 802 872 807
f 811 873 871
f 811 871 806
f 807 872 874
f 807 874 812
f 776 857 875
f 776 875 815
f 815 875 859
f 815 859 777
f 816 876 873
f 816 873 811
f 812 874 876
f 812 876 816
f 817 877 878
f 817 878 832
f 836 880 879
f 836 879 821
f 822 881 877
f 822 877 817
f 821 879 882
f 821 882 826
f 827 883 881
f 827 881 822
f 826 882 884
f 826 884 831
f 832 878 885
f 832 885 842
f 846 886 880
f 846 880 836
f 837 887 883
f 837 883 827
f 831 884 888
f 831 888 841
f 842 885 889
f 842 889 847
f 851 890 886
f 851 886 846
f 847 889 869
f 847 869 797
f 796 867 890
f 796 890 851
f 852 866 887
f 852 887 837
f 841 888 865
f 841 865 856
f 891 896 897
f 891 897 892
f 893 898 899
f 893 899 894
f 894 899 900
f 894 900 895
f 895 900 896
f 895 896 891
f 896 901 902
f 896 902 897
f 898 903 904
f 898 904 899
f 899 904 905
f 899 905 900
f 900 905 901
f 900 901 896
f 901 906 907
f 901 907 902
f 903 908 909
f 903 909 904
f 904 909 910
f 904 910 905
f 905 910 906
f 905 906 901
f 966 911 912
f 966 912 967
f 963 913 914
f 963 914 964
f 964 914 915
f 964 915 965
f 965 915 911
f 965 911 966
f 911 916 917
f 911 917 912
f 913 918 919
f 913 919 914
f 914 919 920
f 914 920 915
f 915 920 916
f 915 916 911
f 916 921 922
f 916 922 917
f 918 923 924
f 918 924 919
f 919 924 925
f 919 925 920
f 920 925 921
f 920 921 916
f 921 926 927
f 921 927 922
f 923 928 929
f 923 929 924
f 924 929 930
f 924 930 925
f 925 930 926
f 925 926 921
f 892 931 891
f 894 931 893
f 895 931 894
f 891 931 895
f 926 932 927
f 928 932 929
f 929 932 930
f 930 932 926
f 938 933 934
f 938 934 939
f 939 934 935
f 939 935 940
f 940 935 936
f 940 936 941
f 941 936 937
f 941 937 942
f 943 938 939
f 943 939 944
f 944 939 940
f 944 940 945
f 945 940 941
f 945 941 946
f 946 941 942
f 946 942 947
f 953 943 944
f 953 944 954
f 954 944 945
f 954 945 955
f 955 945 946
f 955 946 956
f 956 946 947
f 956 947 957
f 933 948 949
f 933 949 934
f 934 949 950
f 934 950 935
f 935 950 951
f 935 951 936
f 936 951 952
f 936 952 937
f 968 953 954
f 968 954 969
f 969 954 955
f 969 955 970
f 970 955 956
f 970 956 971
f 971 956 957
f 971 957 972
f 948 958 959
f 948 959 949
f 949 959 960
f 949 960 950
f 950 960 961
f 950 961 951
f 951 961 962
f 951 962 952
f 958 963 964
f 958 964 959
f 959 964 965
f 959 965 960
f 960 965 966
f 960 966 961
f 961 966 967
f 961 967 962
f 908 968 969
f 908 969 909
f 909 969 970
f 909 970 910
f 910 970 971
f 910 971 906
f 906 971 972
f 906 972 907
f 897 974 973
f 897 973 892
f 893 975 976
f 893 976 898
f 902 977 974
f 902 974 897
f 898 976 978
f 898 978 903
f 907 979 977
f 907 977 902
f 903 978 980
f 903 980 908
f 972 981 979
f 972 979 907
f 908 980 982
f 908 982 968
f 917 984 983
f 917 983 912
f 913 985 986
f 913 986 918
f 922 987 984
f 922 984 917
f 918 986 988
f 918 988 923
f 927 989 987
f 927 987 922
f 923 988 990
f 923 990 928
f 892 973 991
f 892 991 931
f 931 991 975
f 931 975 893
f 932 992 989
f 932 989 927
f 928 990 992
f 928 992 932
f 933 993 994
f 933 994 948
f 952 996 995
f 952 995 937
f 938 997 993
f 938 993 933
f 937 995 998
f 937 998 942
f 943 999 997
f 943 997 938
f 942 998 1000
f 942 1000 947
f 948 994 1001
f 948 1001 958
f 962 1002 996
f 962 996 952
f 953 1003 999
f 953 999 943
f 947 1000 1004
f 947 1004 957
f 958 1001 1005
f 958 1005 963
f 967 1006 1002
f 967 1002 962
f 963 1005 985
f 963 985 913
f 912 983 1006
f 912 1006 967
f 968 982 1003
f 968 1003 953
f 957 1004 981
f 957 981 972
f 1007 1012 1013
f 1007 1013 1008
f 1009 1014 1015
f 1009 1015 1010
f 1010 1015 1016
f 1010 1016 1011
f 1011 1016 1012
f 1011 1012 1007
f 1012 1017 1018
f 1012 1018 1013
f 1014 1019 1020
f 1014 1020 1015
f 1015 1020 1021
f 1015 1021 1016
f 1016 1021 1017
f 1016 1017 1012
f 1017 1022 1023
f 1017 1023 1018
f 1019 1024 1025
f 1019 1025 1020
f 1020 1025 1026
f 1020 1026 1021
f 1021 1026 1022
f 1021 1022 1017
f 1082 1027 1028
f 1082 1028 1083
f 1079 1029 1030
f 1079 1030 1080
f 1080 1030 1031
f 1080 1031 1081
f 1081 1031 1027
f 1081 1027 1082
f 1027 1032 1033
f 1027 1033 1028
f 1029 1034 1035
f 1029 1035 1030
f 1030 1035 1036
f 1030 1036 1031
f 1031 1036 1032
f 1031 1032 1027
f 1032 1037 1038
f 1032 1038 1033
f 1034 1039 1040
f 1034 1040 1035
f 1035 1040 1041
f 1035 1041 1036
f 1036 1041 1037
f 1036 1037 1032
f 1037 1042 1043
f 1037 1043 1038
f 1039 1044 1045
f 1039 1045 1040
f 1040 1045 1046
f 1040 1046 1041
f 1041 1046 1042
f 1041 1042 1037
f 1008 1047 1007
f 1010 1047 1009
f 1011 1047 1010
f 1007 1047 1011
f 1042 1048 1043
f 1044 1048 1045
f 1045 1048 1046
f 1046 1048 1042
f 1054 1049 1050
f 1054 1050 1055
f 1055 1050 1051
f 1055 1051 1056
f 1056 1051 1052
f 1056 1052 1057
f 1057 1052 1053
f 1057 1053 1058
f 1059 1054 1055
f 1059 1055 1060
f 1060 1055 1056
f 1060 1056 1061
f 1061 1056 1057
f 1061 1057 1062
f 1062 1057 1058
f 1062 1058 1063
f 1069 1059 1060
f 1069 1060 1070
f 1070 1060 1061
f 1070 1061 1071
f 1071 1061 1062
f 1071 1062 1072
f 1072 1062 1063
f 1072 1063 1073
f 1049 1064 1065
f 1049 1065 1050
f 1050 1065 1066
f 1050 1066 1051
f 1051 1066 1067
f 1051 1067 1052
f 1052 1067 1068
f 1052 1068 1053
f 1084 1069 1070
f 1084 1070 1085
f 1085 1070 1071
f 1085 1071 1086
f 1086 1071 1072
f 1086 1072 1087
f 1087 1072 1073
f 1087 1073 1088
f 1064 1074 1075
f 1064 1075 1065
f 1065 1075 1076
f 1065 1076 1066
f 1066 1076 1077
f 1066 1077 1067
f 1067 1077 1078
f 1067 1078 1068
f 1074 1079 1080
f 1074 1080 1075
f 1075 1080 1081
f 1075 1081 1076
f 1076 1081 1082
f 1076 1082 1077
f 1077 1082 1083
f 1077 1083 1078
f 1024 1084 1085
f 1024 1085 1025
f 1025 1085 1086
f 1025 1086 1026
f 1026 1086 1087
f 1026 1087 1022
f 1022 1087 1088
f 1022 1088 1023
f 1013 1090 1089
f 1013 1089 1008
f 1009 1091 1092
f 1009 1092 1014
f 1018 1093 1090
f 1018 1090 1013
f 1014 1092 1094
f 1014 1094 1019
f 1023 1095 1093
f 1023 1093 1018
f 1019 1094 1096
f 1019 1096 1024
f 1088 1097 1095
f 1088 1095 1023
f 1024 1096 1098
f 1024 1098 1084
f 1033 1100 1099
f 1033 1099 1028
f 1029 1101 1102
f 1029 1102 1034
f 1038 1103 1100
f 1038 1100 1033
f 1034 1102 1104
f 1034 1104 1039
f 1043 1105 1103
f 1043 1103 1038
f 1039 1104 1106
f 1039 1106 1044
f 1008 1089 1107
f 1008 1107 1047
f 1047 1107 1091
f 1047 1091 1009
f 1048 1108 1105
f 1048 1105 1043
f 1044 1106 1108
f 1044 1108 1048
f 1049 1109 1110
f 1049 1110 1064
f 1068 1112 1111
f 1068 1111 1053
f 1054 1113 1109
f 1054 1109 1049
f 1053 1111 1114
f 1053 1114 1058
f 1059 1115 1113
f 1059 1113 1054
f 1058 1114 1116
f 1058 1116 1063
f 1064 1110 1117
f 1064 1117 1074
f 1078 1118 1112
f 1078 1112 1068
f 1069 1119 1115
f 1069 1115 1059
f 1063 1116 1120
f 1063 1120 1073
f 1074 1117 1121
f 1074 1121 1079
f 1083 1122 1118
f 1083 1118 1078
f 1079 1121 1101
f 1079 1101 1029
f 1028 1099 1122
f 1028 1122 1083
f 1084 1098 1119
f 1084 1119 1069
f 1073 1120 1097
f 1073 1097 1088
