# Pieza del taladro — metros, ejes MuJoCo (generado por preparar_taladro.py)
v 0.032154 0.006871 0.012370
v 0.032154 0.007947 0.029534
v 0.032217 0.007947 0.031837
v 0.032154 0.007947 0.026920
v 0.032154 0.007947 0.024479
v 0.032154 0.007947 0.019190
v 0.032154 0.007947 0.016456
v 0.032154 0.007947 0.021874
v 0.032154 0.005583 0.012154
v 0.032154 0.003448 0.012111
v 0.032154 0.000142 0.012044
v 0.045033 0.000142 0.021557
v 0.045069 0.000142 0.024068
v 0.045069 0.003753 0.024068
v 0.045033 0.003766 0.021557
v 0.045443 0.000142 0.026201
v 0.045443 0.003755 0.026201
v 0.046269 0.000142 0.028262
v 0.046269 0.003777 0.028262
v 0.047380 0.000142 0.029881
v 0.047380 0.003792 0.029881
v 0.048544 0.000142 0.030923
v 0.048544 0.003774 0.030865
v 0.045295 0.000142 0.019166
v 0.045295 0.003779 0.019166
v 0.046193 0.000142 0.016492
v 0.046193 0.003765 0.016492
v 0.049563 0.000142 0.031345
v 0.049563 0.003780 0.031286
v 0.050882 0.000142 0.031638
v 0.050882 0.003728 0.031640
v 0.045960 0.006755 0.016492
v 0.045125 0.006779 0.019166
v 0.044847 0.006755 0.021557
v 0.044868 0.006733 0.024068
v 0.045225 0.006736 0.026294
v 0.046051 0.006775 0.028433
v 0.047209 0.006733 0.030145
v 0.048327 0.006669 0.031034
v 0.049547 0.006681 0.031457
v 0.050851 0.006589 0.031767
v 0.032154 0.007752 0.013599
v 0.046825 0.006329 0.013799
v 0.047038 0.003678 0.013679
v 0.047038 0.000142 0.013679
v 0.045763 0.007910 0.030787
v 0.044499 0.007947 0.028786
v 0.043657 0.007947 0.026575
v 0.043268 0.007947 0.024156
v 0.043229 0.007947 0.021600
v 0.043491 0.007947 0.019169
v 0.044388 0.007947 0.016487
v 0.044819 0.007710 0.013695
v 0.044772 0.007009 0.012446
v 0.044829 0.005865 0.012201
v 0.044899 0.003677 0.012106
v 0.044899 0.000142 0.012057
v 0.052082 0.000142 0.032918
v 0.052074 0.003367 0.032905
v 0.051903 0.006299 0.032897
v 0.051569 0.007198 0.032932
v 0.050904 0.007825 0.032922
v 0.049769 0.007825 0.032881
v 0.047511 0.007825 0.032618
v 0.038582 0.007947 0.031847
v 0.037905 0.007947 0.029539
v 0.037481 0.007947 0.027042
v 0.037285 0.007947 0.024330
v 0.037266 0.007947 0.021747
v 0.037397 0.007947 0.019181
v 0.037845 0.007947 0.016470
v 0.038133 0.007758 0.013594
v 0.038080 0.006953 0.012351
v 0.037935 0.005760 0.012146
v 0.037934 0.003555 0.012109
v 0.037934 0.000142 0.012050
v 0.041781 0.007947 0.031854
v 0.040781 0.007947 0.029349
v 0.040144 0.007947 0.026840
v 0.039851 0.007947 0.024255
v 0.039822 0.007947 0.021684
v 0.040018 0.007947 0.019176
v 0.040691 0.007947 0.016478
v 0.041075 0.007761 0.013591
v 0.041042 0.006994 0.012341
v 0.040807 0.005848 0.012143
v 0.040806 0.003609 0.012107
v 0.040806 0.000142 0.012053
v 0.035422 0.007947 0.031819
v 0.035030 0.007947 0.029694
v 0.034817 0.007947 0.027000
v 0.034720 0.007947 0.024405
v 0.034710 0.007947 0.021811
v 0.034775 0.007947 0.019186
v 0.035000 0.007947 0.016463
v 0.035283 0.007755 0.013596
v 0.035117 0.006912 0.012360
v 0.034870 0.005671 0.012150
v 0.034870 0.003502 0.012110
v 0.034870 0.000142 0.012047
v 0.043893 0.007947 0.031295
v 0.042707 0.007947 0.029058
v 0.041928 0.007947 0.026706
v 0.041570 0.007947 0.024205
v 0.041534 0.007947 0.021642
v 0.041774 0.007947 0.019173
v 0.042597 0.007947 0.016483
v 0.043078 0.007763 0.013589
v 0.043027 0.007022 0.012335
v 0.042804 0.005907 0.012140
v 0.042803 0.003645 0.012107
v 0.042803 0.000142 0.012055
v 0.032154 -0.006587 0.012370
v 0.032154 -0.007664 0.029534
v 0.032217 -0.007664 0.031837
v 0.032154 -0.007664 0.026920
v 0.032154 -0.007664 0.024479
v 0.032154 -0.007664 0.019190
v 0.032154 -0.007664 0.016456
v 0.032154 -0.007664 0.021874
v 0.032154 -0.005299 0.012154
v 0.032154 -0.003165 0.012111
v 0.045069 -0.003470 0.024068
v 0.045033 -0.003482 0.021557
v 0.045443 -0.003472 0.026201
v 0.046269 -0.003494 0.028262
v 0.047380 -0.003508 0.029881
v 0.048544 -0.003490 0.030865
v 0.045295 -0.003495 0.019166
v 0.046193 -0.003482 0.016492
v 0.049563 -0.003496 0.031286
v 0.050882 -0.003445 0.031640
v 0.045960 -0.006471 0.016492
v 0.045125 -0.006495 0.019166
v 0.044847 -0.006472 0.021557
v 0.044868 -0.006449 0.024068
v 0.045225 -0.006453 0.026294
v 0.046051 -0.006492 0.028433
v 0.047209 -0.006450 0.030145
v 0.048327 -0.006386 0.031034
v 0.049547 -0.006397 0.031457
v 0.050851 -0.006305 0.031767
v 0.032154 -0.007468 0.013599
v 0.046796 -0.006037 0.013820
v 0.047038 -0.003395 0.013679
v 0.045763 -0.007627 0.030787
v 0.044499 -0.007664 0.028786
v 0.043657 -0.007664 0.026575
v 0.043268 -0.007663 0.024156
v 0.043229 -0.007664 0.021600
v 0.043491 -0.007664 0.019169
v 0.044388 -0.007664 0.016487
v 0.044835 -0.007433 0.013683
v 0.044772 -0.006726 0.012446
v 0.044829 -0.005582 0.012201
v 0.044899 -0.003394 0.012106
v 0.052074 -0.003083 0.032905
v 0.051903 -0.006015 0.032897
v 0.051569 -0.006914 0.032932
v 0.050904 -0.007542 0.032922
v 0.049769 -0.007542 0.032881
v 0.047511 -0.007542 0.032618
v 0.038582 -0.007664 0.031847
v 0.037905 -0.007664 0.029539
v 0.037481 -0.007664 0.027042
v 0.037285 -0.007664 0.024330
v 0.037266 -0.007664 0.021747
v 0.037397 -0.007664 0.019181
v 0.037845 -0.007664 0.016470
v 0.038133 -0.007474 0.013594
v 0.038080 -0.006670 0.012351
v 0.037935 -0.005476 0.012146
v 0.037934 -0.003272 0.012109
v 0.041781 -0.007664 0.031854
v 0.040781 -0.007664 0.029349
v 0.040144 -0.007664 0.026840
v 0.039851 -0.007663 0.024255
v 0.039822 -0.007664 0.021684
v 0.040018 -0.007664 0.019176
v 0.040691 -0.007664 0.016478
v 0.041075 -0.007477 0.013591
v 0.041042 -0.006711 0.012341
v 0.040807 -0.005565 0.012143
v 0.040806 -0.003325 0.012107
v 0.035422 -0.007664 0.031819
v 0.035030 -0.007664 0.029694
v 0.034817 -0.007664 0.027000
v 0.034720 -0.007664 0.024405
v 0.034710 -0.007664 0.021811
v 0.034775 -0.007664 0.019186
v 0.035000 -0.007664 0.016463
v 0.035283 -0.007471 0.013596
v 0.035117 -0.006628 0.012360
v 0.034870 -0.005388 0.012150
v 0.034870 -0.003218 0.012110
v 0.043893 -0.007664 0.031295
v 0.042707 -0.007664 0.029058
v 0.041928 -0.007664 0.026706
v 0.041570 -0.007663 0.024205
v 0.041534 -0.007664 0.021642
v 0.041774 -0.007664 0.019173
v 0.042597 -0.007664 0.016483
v 0.043078 -0.007479 0.013589
v 0.043027 -0.006738 0.012335
v 0.042804 -0.005624 0.012140
v 0.042803 -0.003361 0.012107
v 0.051457 0.006006 0.034313
v 0.051639 0.003204 0.034329
v 0.049721 0.007325 0.034299
v 0.050720 0.007366 0.034296
v 0.051647 0.000142 0.034334
v 0.051190 0.006829 0.034298
v 0.047199 0.007326 0.034254
v 0.043023 0.007447 0.034218
v 0.039392 0.007447 0.034219
v 0.035825 0.007447 0.034219
v 0.032154 0.007447 0.034219
v 0.051457 -0.005723 0.034313
v 0.051639 -0.002920 0.034329
v 0.049721 -0.007042 0.034299
v 0.050720 -0.007082 0.034296
v 0.051190 -0.006545 0.034298
v 0.047199 -0.007042 0.034254
v 0.043023 -0.007164 0.034218
v 0.035825 -0.007164 0.034219
v 0.032154 -0.007164 0.034219
v 0.039392 -0.007164 0.034219
v 0.052134 0.003227 0.034189
v 0.052105 0.003221 0.034268
v 0.052028 0.003217 0.034305
v 0.051944 0.006112 0.034188
v 0.051914 0.006100 0.034267
v 0.051837 0.006082 0.034302
v 0.050916 0.007825 0.034186
v 0.050902 0.007793 0.034265
v 0.050868 0.007713 0.034298
v 0.049723 0.007825 0.034187
v 0.049721 0.007793 0.034266
v 0.049721 0.007714 0.034299
v 0.052142 0.000142 0.034189
v 0.052113 0.000142 0.034269
v 0.052036 0.000142 0.034306
v 0.051615 0.007093 0.034187
v 0.051588 0.007072 0.034266
v 0.051519 0.007029 0.034298
v 0.047206 0.007826 0.034144
v 0.047204 0.007793 0.034223
v 0.047203 0.007714 0.034255
v 0.043029 0.007947 0.034108
v 0.043028 0.007914 0.034186
v 0.043026 0.007835 0.034219
v 0.039358 0.007947 0.034110
v 0.039382 0.007914 0.034187
v 0.039392 0.007833 0.034219
v 0.035808 0.007947 0.034108
v 0.035820 0.007914 0.034187
v 0.035825 0.007835 0.034219
v 0.032154 0.007835 0.034219
v 0.032155 0.007914 0.034187
v 0.032157 0.007947 0.034108
v 0.052134 -0.002944 0.034189
v 0.052105 -0.002938 0.034269
v 0.052028 -0.002934 0.034305
v 0.051944 -0.005829 0.034188
v 0.051915 -0.005816 0.034267
v 0.051838 -0.005798 0.034302
v 0.050916 -0.007542 0.034186
v 0.050902 -0.007509 0.034265
v 0.050869 -0.007430 0.034298
v 0.049723 -0.007542 0.034187
v 0.049721 -0.007509 0.034266
v 0.049721 -0.007430 0.034299
v 0.051615 -0.006809 0.034187
v 0.051588 -0.006789 0.034266
v 0.051520 -0.006746 0.034298
v 0.047206 -0.007543 0.034144
v 0.047204 -0.007510 0.034223
v 0.047203 -0.007431 0.034255
v 0.043029 -0.007664 0.034108
v 0.043028 -0.007631 0.034186
v 0.043026 -0.007552 0.034219
v 0.032157 -0.007664 0.034108
v 0.032155 -0.007631 0.034187
v 0.032154 -0.007552 0.034219
v 0.035808 -0.007664 0.034108
v 0.035820 -0.007631 0.034187
v 0.035825 -0.007552 0.034219
v 0.039358 -0.007664 0.034110
v 0.039382 -0.007630 0.034187
v 0.039392 -0.007549 0.034219
v 0.046431 0.007339 0.013809
v 0.045689 0.007618 0.016489
v 0.044791 0.007629 0.019168
v 0.044529 0.007618 0.021580
v 0.044567 0.007608 0.024115
v 0.044949 0.007610 0.026402
v 0.045784 0.007628 0.028544
v 0.046978 0.007589 0.030368
v 0.048095 0.007514 0.031398
v 0.049591 0.007519 0.031792
v 0.050812 0.007476 0.031990
v 0.046439 -0.007076 0.013797
v 0.045689 -0.007335 0.016489
v 0.044791 -0.007346 0.019168
v 0.044529 -0.007335 0.021580
v 0.044567 -0.007325 0.024115
v 0.044949 -0.007326 0.026402
v 0.045784 -0.007344 0.028544
v 0.046978 -0.007305 0.030368
v 0.048095 -0.007230 0.031398
v 0.049591 -0.007235 0.031792
v 0.050812 -0.007193 0.031990
v 0.046109 0.006943 0.012861
v 0.046390 0.005918 0.012694
v 0.046561 0.003678 0.012605
v 0.046561 0.000142 0.012580
v 0.046561 -0.003394 0.012605
v 0.046390 -0.005635 0.012694
v 0.046109 -0.006660 0.012861
v 0.051484 0.006434 0.032219
v 0.051684 0.003535 0.032072
v 0.051689 0.000142 0.032078
v 0.051684 -0.003252 0.032072
v 0.051484 -0.006151 0.032219
v 0.051229 0.007017 0.032319
v 0.051217 -0.006719 0.032331
v 0.030859 0.004713 0.002373
v 0.030483 0.004506 0.001289
v 0.030844 0.002399 0.001070
v 0.031206 0.002527 0.002113
v 0.022613 0.012482 0.005909
v 0.024476 0.011678 0.004815
v 0.024915 0.011701 0.006119
v 0.023061 0.012458 0.007269
v -0.015421 0.005104 -0.039820
v -0.015525 0.005213 -0.041622
v -0.014551 0.007491 -0.041622
v -0.014432 0.007355 -0.039822
v -0.014677 0.007793 -0.049886
v -0.014654 0.007735 -0.047821
v -0.015672 0.005418 -0.047825
v -0.015712 0.005467 -0.049899
v -0.009521 0.012831 -0.049948
v -0.007348 0.013977 -0.050149
v -0.007110 0.014029 -0.048053
v -0.009423 0.012846 -0.047878
v -0.009477 0.012254 -0.039335
v -0.009365 0.012575 -0.041277
v -0.006722 0.013918 -0.040861
v -0.006896 0.013594 -0.038713
v 0.024956 0.009580 -0.038650
v 0.024650 0.009620 -0.041397
v 0.026509 0.007503 -0.041593
v 0.026850 0.007472 -0.038881
v 0.027950 0.005202 -0.041759
v 0.028871 0.002725 -0.041877
v 0.029244 0.002712 -0.039176
v 0.028318 0.005179 -0.039058
v 0.024020 0.008511 -0.054304
v 0.025323 0.006895 -0.054292
v 0.025495 0.007021 -0.052774
v 0.024153 0.008695 -0.052764
v 0.026484 0.004955 -0.054326
v 0.027318 0.002641 -0.054354
v 0.027545 0.002675 -0.052897
v 0.026695 0.005018 -0.052838
v 0.029620 0.004675 -0.018017
v 0.029617 0.004759 -0.020012
v 0.030498 0.002497 -0.020164
v 0.030474 0.002458 -0.018169
v 0.029717 0.004227 -0.002758
v 0.029618 0.004229 -0.004453
v 0.030158 0.002243 -0.004614
v 0.030188 0.002238 -0.002934
v 0.028949 0.005062 -0.033655
v 0.028664 0.005130 -0.036326
v 0.029597 0.002686 -0.036440
v 0.029886 0.002649 -0.033768
v 0.019741 0.013333 -0.015956
v 0.017155 0.014408 -0.015346
v 0.016751 0.014587 -0.017475
v 0.019396 0.013523 -0.018020
v 0.017705 0.014291 -0.032163
v 0.014720 0.015335 -0.031664
v 0.014366 0.015429 -0.034162
v 0.017406 0.014411 -0.034714
v 0.026247 0.010634 0.003786
v 0.026698 0.010698 0.004999
v 0.022024 0.012163 -0.018566
v 0.022307 0.011965 -0.016551
v 0.020588 0.012920 -0.032594
v 0.020305 0.013045 -0.035200
v 0.014041 0.015517 -0.036693
v 0.013776 0.015582 -0.039141
v 0.016856 0.014646 -0.039787
v 0.017113 0.014534 -0.037295
v 0.028954 0.006041 -0.002467
v 0.027894 0.007679 -0.002053
v 0.027636 0.007688 -0.003811
v 0.028771 0.006040 -0.004187
v 0.026536 0.008796 -0.019461
v 0.028266 0.006862 -0.019776
v 0.028323 0.006736 -0.017787
v 0.026665 0.008636 -0.017478
v 0.027473 0.007317 -0.033476
v 0.025567 0.009394 -0.033241
v 0.025276 0.009493 -0.035909
v 0.027186 0.007404 -0.036148
v 0.019775 0.013281 -0.040572
v 0.020018 0.013172 -0.037871
v 0.028986 0.007969 0.002175
v 0.029874 0.006363 0.001654
v 0.030260 0.006575 0.002777
v 0.029401 0.008136 0.003302
v 0.019779 0.013249 0.009447
v 0.018723 0.013348 0.010470
v 0.017741 0.013460 0.009368
v 0.019090 0.013342 0.008216
v 0.016648 0.013858 0.003348
v 0.014748 0.013988 0.004450
v 0.014126 0.014202 0.002350
v 0.016039 0.014071 0.001319
v 0.012316 0.015535 -0.014210
v 0.010250 0.015730 -0.013705
v 0.009717 0.015916 -0.016063
v 0.011819 0.015714 -0.016492
v 0.008831 0.016364 -0.030473
v 0.006286 0.016445 -0.029830
v 0.005347 0.016405 -0.031931
v 0.008162 0.016381 -0.032810
v 0.007511 0.016421 -0.038387
v 0.007620 0.016395 -0.035448
v 0.004049 0.016326 -0.034702
v 0.004473 0.016410 -0.038341
v 0.022731 0.009786 -0.054446
v 0.022830 0.010006 -0.052912
v 0.022665 0.011493 -0.038331
v 0.022398 0.011558 -0.041110
v 0.023257 0.011275 -0.032951
v 0.022968 0.011387 -0.035599
v 0.024659 0.010383 -0.017070
v 0.024447 0.010569 -0.019059
v 0.026538 0.009200 -0.001493
v 0.026210 0.009233 -0.003298
v 0.028223 0.009491 0.004027
v 0.027779 0.009383 0.002885
v 0.014413 0.014699 -0.005237
v 0.012442 0.014860 -0.004424
v 0.011870 0.015094 -0.006727
v 0.013864 0.014929 -0.007466
v 0.021272 0.012505 -0.007851
v 0.018979 0.013593 -0.007008
v 0.018483 0.013804 -0.009100
v 0.020862 0.012700 -0.009899
v 0.023172 0.011311 -0.010602
v 0.023473 0.011126 -0.008580
v 0.027081 0.007964 -0.009575
v 0.025428 0.009593 -0.009152
v 0.025233 0.009765 -0.011157
v 0.026979 0.008113 -0.011565
v 0.028421 0.006342 -0.011857
v 0.028444 0.006222 -0.009879
v 0.029513 0.004341 -0.010091
v 0.029558 0.004424 -0.012064
v 0.030319 0.002349 -0.012202
v 0.030221 0.002304 -0.010228
v -0.011527 0.010837 -0.039679
v -0.011518 0.011099 -0.041507
v -0.011507 0.011416 -0.047824
v -0.011526 0.011429 -0.049881
v 0.029557 0.004896 -0.024095
v 0.030471 0.002561 -0.024219
v 0.030505 0.002536 -0.022162
v 0.029603 0.004838 -0.022021
v 0.026285 0.009050 -0.023603
v 0.028126 0.007062 -0.023886
v 0.028203 0.006974 -0.021794
v 0.026409 0.008936 -0.021488
v 0.024247 0.010725 -0.021107
v 0.024065 0.010854 -0.023259
v 0.019084 0.013679 -0.020162
v 0.018802 0.013807 -0.022413
v 0.021524 0.012453 -0.022857
v 0.021762 0.012323 -0.020656
v 0.016383 0.014736 -0.019672
v 0.016049 0.014860 -0.021964
v 0.011341 0.015878 -0.018798
v 0.009196 0.016082 -0.018431
v 0.008694 0.016217 -0.020833
v 0.010888 0.016019 -0.021154
v -0.009615 0.012835 -0.051915
v -0.007505 0.013935 -0.052106
v -0.011567 0.011459 -0.051862
v -0.015742 0.005511 -0.051918
v -0.014684 0.007846 -0.051898
v 0.027105 0.005144 -0.048982
v 0.027991 0.002727 -0.049077
v 0.028241 0.002734 -0.046858
v 0.027342 0.005186 -0.046753
v 0.024233 0.009211 -0.048806
v 0.025798 0.007305 -0.048875
v 0.025983 0.007422 -0.046629
v 0.024296 0.009439 -0.046534
v 0.022389 0.011219 -0.046486
v 0.022552 0.010846 -0.048808
v -0.016346 0.002878 -0.049910
v -0.016365 0.002895 -0.051935
v -0.016311 0.002852 -0.047828
v -0.016046 0.002686 -0.039820
v -0.016141 0.002736 -0.041622
v 0.001185 0.016027 -0.035909
v 0.001710 0.016181 -0.038606
v -0.001299 0.015538 -0.036853
v -0.004029 0.014733 -0.037836
v -0.003763 0.015015 -0.040185
v -0.000924 0.015751 -0.039287
v 0.012824 0.015345 -0.011945
v 0.010789 0.015527 -0.011360
v 0.020104 0.013123 -0.013933
v 0.017578 0.014213 -0.013255
v 0.022595 0.011744 -0.014571
v 0.026782 0.008462 -0.015510
v 0.024860 0.010174 -0.015105
v 0.028369 0.006605 -0.015809
v 0.029615 0.004593 -0.016028
v 0.030445 0.002424 -0.016173
v 0.014962 0.014478 -0.003018
v 0.013016 0.014630 -0.002134
v 0.021693 0.012330 -0.005790
v 0.019481 0.013400 -0.004913
v 0.023785 0.010969 -0.006548
v 0.027215 0.007843 -0.007599
v 0.025643 0.009450 -0.007150
v 0.028501 0.006129 -0.007923
v 0.029499 0.004276 -0.008148
v 0.030153 0.002269 -0.008287
v 0.029338 0.004953 -0.028640
v 0.030269 0.002585 -0.028756
v 0.030389 0.002572 -0.026414
v 0.029466 0.004926 -0.026299
v 0.026001 0.009218 -0.028212
v 0.027882 0.007173 -0.028454
v 0.028022 0.007123 -0.026105
v 0.026154 0.009139 -0.025846
v 0.023892 0.010964 -0.025538
v 0.023711 0.011062 -0.027928
v 0.018531 0.013926 -0.024770
v 0.018264 0.014046 -0.027197
v 0.021079 0.012681 -0.027590
v 0.021301 0.012569 -0.025178
v 0.015728 0.014983 -0.024344
v 0.015405 0.015107 -0.026769
v 0.010437 0.016138 -0.023560
v 0.008194 0.016326 -0.023279
v 0.007663 0.016408 -0.025630
v 0.009969 0.016240 -0.025934
v 0.027622 0.005206 -0.044342
v 0.028533 0.002733 -0.044456
v 0.024424 0.009583 -0.044058
v 0.026216 0.007490 -0.044198
v 0.022277 0.011501 -0.043879
v 0.016618 0.014753 -0.041876
v 0.019611 0.013373 -0.043513
v 0.013577 0.015605 -0.041219
v 0.007496 0.016404 -0.040874
v 0.004662 0.016447 -0.040881
v 0.002053 0.016286 -0.040992
v -0.000413 0.015936 -0.041632
v -0.003296 0.015268 -0.043181
v -0.009290 0.012753 -0.043480
v -0.006648 0.014088 -0.043333
v -0.011468 0.011252 -0.043584
v -0.014582 0.007574 -0.043657
v -0.015580 0.005289 -0.043660
v -0.016194 0.002776 -0.043661
v 0.010495 0.016142 -0.040984
v 0.010634 0.016165 -0.038694
v 0.010872 0.016133 -0.036094
v 0.011727 0.016018 -0.031100
v 0.011261 0.016077 -0.033542
v 0.012614 0.015826 -0.026335
v 0.013009 0.015704 -0.023933
v 0.013789 0.015464 -0.019221
v 0.013394 0.015587 -0.021544
v 0.014215 0.015314 -0.016968
v 0.014669 0.015138 -0.014763
v 0.015141 0.014953 -0.012587
v 0.016136 0.014546 -0.008275
v 0.016669 0.014326 -0.006120
v 0.020779 0.013037 0.007041
v 0.021296 0.012970 0.008381
v 0.018826 0.013512 0.002176
v 0.018259 0.013725 0.000215
v 0.017203 0.014118 -0.003972
v 0.021910 0.010481 -0.054582
v 0.021738 0.010846 -0.053374
v 0.020996 0.012103 -0.048927
v 0.020552 0.012639 -0.046546
v 0.024901 0.010624 -0.000768
v 0.024507 0.010707 -0.002614
v -0.004849 0.014914 -0.048449
v -0.005259 0.014809 -0.050599
v -0.005517 0.014699 -0.052661
v -0.013259 0.009767 -0.049875
v -0.013264 0.009812 -0.051872
v -0.013266 0.009735 -0.047816
v -0.013223 0.009449 -0.041601
v -0.013219 0.009556 -0.043638
v -0.013133 0.009266 -0.039805
v -0.016563 0.000133 -0.049914
v -0.016576 0.000121 -0.051942
v -0.016543 0.000139 -0.047828
v -0.016410 0.000142 -0.043660
v -0.016361 0.000142 -0.041618
v -0.016266 0.000142 -0.039817
v 0.030844 -0.002115 0.001069
v 0.031206 -0.002243 0.002113
v 0.030164 -0.001949 -0.004617
v 0.030189 -0.001948 -0.002935
v 0.030239 -0.002012 -0.010247
v 0.030171 -0.001978 -0.008304
v 0.030331 -0.002054 -0.012221
v 0.030474 -0.002193 -0.018186
v 0.030447 -0.002150 -0.016191
v 0.030499 -0.002230 -0.020175
v 0.030477 -0.002281 -0.024214
v 0.030510 -0.002261 -0.022165
v 0.030273 -0.002310 -0.028753
v 0.030394 -0.002295 -0.026408
v 0.029605 -0.002397 -0.036447
v 0.029893 -0.002362 -0.033774
v 0.028876 -0.002439 -0.041880
v 0.029251 -0.002424 -0.039180
v 0.028535 -0.002449 -0.044457
v 0.027991 -0.002451 -0.049077
v 0.028242 -0.002453 -0.046859
v 0.027317 -0.002394 -0.054354
v 0.027543 -0.002418 -0.052897
v 0.030297 -0.001968 -0.001417
v 0.030528 -0.002023 -0.000088
v 0.030150 0.004356 0.000114
v 0.029885 0.004263 -0.001228
v 0.030297 0.002254 -0.001417
v 0.030528 0.002307 -0.000088
v 0.029514 0.006201 0.000452
v 0.029200 0.006093 -0.000913
v 0.028210 0.007731 -0.000457
v 0.028582 0.007831 0.000945
v 0.027335 0.009290 0.001611
v 0.026913 0.009225 0.000156
v 0.025329 0.010589 0.000930
v 0.025785 0.010594 0.002445
v 0.024000 0.011693 0.003406
v 0.023511 0.011756 0.001839
v 0.021535 0.012668 0.002854
v 0.022089 0.012548 0.004457
v 0.019457 0.013301 0.003981
v 0.020135 0.013139 0.005596
v 0.018232 0.013475 0.006820
v 0.017374 0.013653 0.005198
v 0.016592 0.013607 0.007998
v 0.015528 0.013786 0.006356
v 0.020995 0.012843 0.001085
v 0.023034 0.011868 0.000103
v 0.020210 0.013172 0.010579
v 0.019350 0.013273 0.011115
v 0.021655 0.012912 0.009664
v 0.023410 0.012443 0.008575
v 0.025294 0.011732 0.007361
v 0.027111 0.010760 0.006133
v 0.028637 0.009593 0.005075
v 0.029786 0.008306 0.004339
v 0.030620 0.006809 0.003826
v 0.031221 0.004958 0.003407
v 0.031568 0.002680 0.003093
v 0.031567 -0.002397 0.003093
v 0.030153 -0.001958 -0.006418
v 0.029540 0.004242 -0.006261
v 0.030140 0.002251 -0.006408
v 0.028614 0.006070 -0.006018
v 0.027403 0.007749 -0.005670
v 0.025905 0.009326 -0.005190
v 0.024129 0.010829 -0.004548
v 0.015498 0.014272 -0.000822
v 0.017728 0.013922 -0.001849
v 0.013573 0.014412 0.000135
v 0.030405 -0.002101 -0.014204
v 0.029597 0.004510 -0.014044
v 0.030398 0.002390 -0.014184
v 0.028401 0.006473 -0.013835
v 0.026884 0.008284 -0.013543
v 0.025047 0.009962 -0.013140
v 0.022880 0.011520 -0.012597
v 0.020474 0.012908 -0.011923
v 0.018016 0.014012 -0.011179
v 0.015626 0.014757 -0.010430
v 0.013336 0.015147 -0.009704
v 0.011320 0.015318 -0.009041
v 0.030112 -0.002332 -0.031209
v 0.029170 0.004998 -0.031092
v 0.030108 0.002612 -0.031206
v 0.027701 0.007235 -0.030911
v 0.025809 0.009300 -0.030677
v 0.023506 0.011166 -0.030398
v 0.020846 0.012798 -0.030062
v 0.017991 0.014171 -0.029662
v 0.015070 0.015229 -0.029208
v 0.012188 0.015936 -0.028718
v 0.009442 0.016319 -0.028226
v 0.007049 0.016448 -0.027800
v 0.021396 0.011483 -0.051210
v 0.022722 0.010414 -0.050960
v 0.024203 0.008946 -0.050897
v 0.025644 0.007163 -0.050939
v 0.026896 0.005085 -0.051027
v 0.027766 0.002707 -0.051110
v 0.027765 -0.002439 -0.051109
v -0.007466 0.013884 -0.053918
v -0.005776 0.014525 -0.054142
v -0.009647 0.012813 -0.053734
v -0.011603 0.011478 -0.053701
v -0.013295 0.009880 -0.053737
v -0.014705 0.007913 -0.053778
v -0.015753 0.005554 -0.053804
v -0.016374 0.002911 -0.053820
v -0.016582 0.000107 -0.053827
v -0.016256 0.002816 -0.045748
v -0.016481 0.000141 -0.045749
v -0.015620 0.005355 -0.045746
v -0.014606 0.007653 -0.045742
v -0.013229 0.009650 -0.045732
v -0.011474 0.011359 -0.045717
v -0.009328 0.012836 -0.045716
v -0.006847 0.014088 -0.045796
v -0.004330 0.015038 -0.046117
v 0.030481 -0.004223 0.001288
v 0.030859 -0.004430 0.002372
v 0.024915 -0.011420 0.006087
v 0.024474 -0.011403 0.004758
v 0.022625 -0.012201 0.005858
v 0.023064 -0.012176 0.007245
v -0.014551 -0.007207 -0.041622
v -0.015525 -0.004929 -0.041622
v -0.015421 -0.004820 -0.039820
v -0.014432 -0.007072 -0.039822
v -0.015672 -0.005140 -0.047825
v -0.014653 -0.007457 -0.047821
v -0.014675 -0.007527 -0.049886
v -0.015710 -0.005201 -0.049899
v -0.007108 -0.013751 -0.048054
v -0.007342 -0.013707 -0.050151
v -0.009516 -0.012560 -0.049948
v -0.009421 -0.012567 -0.047878
v -0.006723 -0.013635 -0.040861
v -0.009365 -0.012292 -0.041277
v -0.009477 -0.011970 -0.039334
v -0.006896 -0.013310 -0.038712
v 0.026525 -0.007211 -0.041599
v 0.024665 -0.009330 -0.041402
v 0.024981 -0.009283 -0.038655
v 0.026874 -0.007175 -0.038888
v 0.027961 -0.004913 -0.041764
v 0.028335 -0.004887 -0.039065
v 0.025491 -0.006764 -0.052772
v 0.025321 -0.006649 -0.054290
v 0.024016 -0.008268 -0.054302
v 0.024148 -0.008440 -0.052758
v 0.026482 -0.004709 -0.054325
v 0.026692 -0.004761 -0.052837
v 0.029620 -0.004498 -0.020028
v 0.029613 -0.004425 -0.018036
v 0.029615 -0.003940 -0.004459
v 0.029708 -0.003939 -0.002764
v 0.028682 -0.004839 -0.036335
v 0.028963 -0.004777 -0.033663
v 0.016967 -0.014229 -0.017560
v 0.017379 -0.014039 -0.015401
v 0.019910 -0.012975 -0.015989
v 0.019571 -0.013173 -0.018095
v 0.014429 -0.015128 -0.034151
v 0.014791 -0.015030 -0.031653
v 0.017776 -0.013983 -0.032152
v 0.017466 -0.014108 -0.034703
v 0.026697 -0.010418 0.004970
v 0.026238 -0.010368 0.003731
v 0.022111 -0.011843 -0.018608
v 0.022368 -0.011646 -0.016551
v 0.020640 -0.012618 -0.032588
v 0.020349 -0.012746 -0.035194
v 0.016877 -0.014356 -0.039783
v 0.013799 -0.015293 -0.039136
v 0.014088 -0.015221 -0.036684
v 0.017156 -0.014237 -0.037287
v 0.027532 -0.007417 -0.003825
v 0.027781 -0.007431 -0.002099
v 0.028897 -0.005755 -0.002492
v 0.028717 -0.005750 -0.004199
v 0.028308 -0.006487 -0.017795
v 0.028272 -0.006596 -0.019789
v 0.026546 -0.008520 -0.019471
v 0.026646 -0.008378 -0.017470
v 0.025306 -0.009196 -0.035914
v 0.025593 -0.009100 -0.033247
v 0.027495 -0.007026 -0.033485
v 0.027212 -0.007108 -0.036156
v 0.019790 -0.012993 -0.040570
v 0.020050 -0.012877 -0.037866
v 0.030257 -0.006291 0.002774
v 0.029862 -0.006079 0.001647
v 0.028955 -0.007689 0.002156
v 0.029392 -0.007851 0.003295
v 0.017745 -0.013176 0.009362
v 0.018723 -0.013065 0.010466
v 0.019781 -0.012966 0.009442
v 0.019100 -0.013057 0.008198
v 0.014130 -0.013919 0.002317
v 0.014769 -0.013704 0.004401
v 0.016718 -0.013573 0.003170
v 0.016014 -0.013803 0.001209
v 0.009733 -0.015629 -0.016068
v 0.010271 -0.015442 -0.013711
v 0.012397 -0.015234 -0.014230
v 0.011888 -0.015415 -0.016515
v 0.005350 -0.016121 -0.031931
v 0.006288 -0.016161 -0.029830
v 0.008844 -0.016078 -0.030470
v 0.008179 -0.016095 -0.032807
v 0.004052 -0.016042 -0.034702
v 0.007634 -0.016110 -0.035445
v 0.007517 -0.016137 -0.038385
v 0.004475 -0.016126 -0.038341
v 0.022728 -0.009545 -0.054442
v 0.022823 -0.009757 -0.052892
v 0.022411 -0.011271 -0.041113
v 0.022690 -0.011200 -0.038332
v 0.023000 -0.011091 -0.035599
v 0.023290 -0.010979 -0.032951
v 0.024476 -0.010277 -0.019076
v 0.024654 -0.010104 -0.017055
v 0.026162 -0.008947 -0.003351
v 0.026396 -0.008996 -0.001570
v 0.027762 -0.009125 0.002844
v 0.028220 -0.009214 0.004008
v 0.011891 -0.014804 -0.006729
v 0.012469 -0.014567 -0.004426
v 0.014521 -0.014373 -0.005241
v 0.013943 -0.014617 -0.007475
v 0.018615 -0.013404 -0.009106
v 0.019046 -0.013231 -0.007122
v 0.021177 -0.012203 -0.007853
v 0.020874 -0.012312 -0.009824
v 0.023267 -0.010882 -0.008388
v 0.023042 -0.010994 -0.010437
v 0.025074 -0.009492 -0.011000
v 0.025221 -0.009342 -0.008966
v 0.026962 -0.007699 -0.009479
v 0.026895 -0.007855 -0.011480
v 0.028393 -0.006082 -0.011828
v 0.028419 -0.005957 -0.009857
v 0.029558 -0.004151 -0.012072
v 0.029524 -0.004067 -0.010104
v -0.011518 -0.010816 -0.041507
v -0.011527 -0.010553 -0.039679
v -0.011521 -0.011160 -0.049881
v -0.011504 -0.011137 -0.047824
v 0.029575 -0.004608 -0.024086
v 0.029616 -0.004561 -0.022025
v 0.028225 -0.006688 -0.021799
v 0.028155 -0.006765 -0.023878
v 0.026317 -0.008749 -0.023605
v 0.026436 -0.008643 -0.021499
v 0.024109 -0.010550 -0.023283
v 0.024290 -0.010424 -0.021136
v 0.021608 -0.012134 -0.022914
v 0.018939 -0.013472 -0.022499
v 0.019245 -0.013335 -0.020257
v 0.021853 -0.012002 -0.020718
v 0.016207 -0.014525 -0.022051
v 0.016574 -0.014387 -0.019771
v 0.008702 -0.015931 -0.020837
v 0.009207 -0.015796 -0.018435
v 0.011395 -0.015581 -0.018821
v 0.010929 -0.015724 -0.021173
v -0.007495 -0.013677 -0.052108
v -0.009605 -0.012576 -0.051916
v -0.011559 -0.011205 -0.051862
v -0.014682 -0.007601 -0.051898
v -0.015740 -0.005267 -0.051918
v 0.027104 -0.004869 -0.048982
v 0.027343 -0.004906 -0.046754
v 0.025983 -0.007144 -0.046630
v 0.025795 -0.007032 -0.048874
v 0.024229 -0.008942 -0.048800
v 0.024294 -0.009165 -0.046534
v 0.022544 -0.010580 -0.048789
v 0.022384 -0.010947 -0.046481
v -0.016365 -0.002652 -0.051935
v -0.016345 -0.002612 -0.049910
v -0.016310 -0.002574 -0.047828
v -0.016046 -0.002402 -0.039820
v -0.016141 -0.002453 -0.041622
v 0.001185 -0.015743 -0.035909
v 0.001711 -0.015898 -0.038606
v -0.003763 -0.014731 -0.040185
v -0.004029 -0.014449 -0.037834
v -0.001299 -0.015255 -0.036852
v -0.000924 -0.015467 -0.039287
v 0.010810 -0.015240 -0.011364
v 0.012904 -0.015044 -0.011959
v 0.017791 -0.013811 -0.013275
v 0.020240 -0.012729 -0.013912
v 0.022606 -0.011417 -0.014509
v 0.026734 -0.008214 -0.015469
v 0.024803 -0.009899 -0.015038
v 0.028339 -0.006362 -0.015798
v 0.029604 -0.004340 -0.016041
v 0.013045 -0.014335 -0.002134
v 0.015075 -0.014152 -0.003003
v 0.019485 -0.013077 -0.005425
v 0.021334 -0.012174 -0.006064
v 0.023438 -0.010859 -0.006140
v 0.025444 -0.009202 -0.006957
v 0.027081 -0.007569 -0.007509
v 0.028466 -0.005854 -0.007909
v 0.029511 -0.004001 -0.008164
v 0.029348 -0.004675 -0.028635
v 0.029482 -0.004642 -0.026287
v 0.028046 -0.006827 -0.026094
v 0.027900 -0.006885 -0.028450
v 0.026024 -0.008923 -0.028212
v 0.026182 -0.008839 -0.025843
v 0.023745 -0.010763 -0.027931
v 0.023932 -0.010661 -0.025551
v 0.021144 -0.012371 -0.027601
v 0.018361 -0.013726 -0.027215
v 0.018647 -0.013600 -0.024823
v 0.021375 -0.012255 -0.025213
v 0.015504 -0.014789 -0.026787
v 0.015854 -0.014658 -0.024397
v 0.007666 -0.016124 -0.025631
v 0.008199 -0.016042 -0.023281
v 0.010467 -0.015847 -0.023571
v 0.009988 -0.015951 -0.025938
v 0.027627 -0.004921 -0.044346
v 0.026223 -0.007206 -0.044202
v 0.024428 -0.009302 -0.044062
v 0.022278 -0.011222 -0.043882
v 0.019612 -0.013091 -0.043513
v 0.016623 -0.014468 -0.041875
v 0.013582 -0.015320 -0.041217
v 0.007497 -0.016121 -0.040873
v 0.004662 -0.016164 -0.040882
v 0.002053 -0.016002 -0.040994
v -0.000413 -0.015653 -0.041634
v -0.003296 -0.014984 -0.043182
v -0.006647 -0.013804 -0.043333
v -0.009290 -0.012469 -0.043480
v -0.011468 -0.010969 -0.043584
v -0.014582 -0.007291 -0.043657
v -0.015580 -0.005006 -0.043660
v -0.016194 -0.002493 -0.043661
v 0.010498 -0.015858 -0.040983
v 0.010649 -0.015879 -0.038690
v 0.010906 -0.015842 -0.036087
v 0.011304 -0.015784 -0.033534
v 0.011770 -0.015724 -0.031093
v 0.012673 -0.015525 -0.026346
v 0.013091 -0.015397 -0.023965
v 0.013502 -0.015272 -0.021598
v 0.013926 -0.015141 -0.019284
v 0.014375 -0.014983 -0.017026
v 0.014844 -0.014802 -0.014808
v 0.015312 -0.014610 -0.012613
v 0.016273 -0.014204 -0.008290
v 0.016836 -0.013973 -0.006151
v 0.020796 -0.012752 0.007006
v 0.021300 -0.012686 0.008369
v 0.019163 -0.013184 0.001598
v 0.017952 -0.013566 -0.000005
v 0.017575 -0.013734 -0.003921
v 0.021907 -0.010243 -0.054562
v 0.021726 -0.010612 -0.053316
v 0.020982 -0.011843 -0.048880
v 0.020548 -0.012364 -0.046535
v 0.024741 -0.010229 -0.002896
v 0.024584 -0.010523 -0.000900
v -0.004847 -0.014638 -0.048450
v -0.005254 -0.014545 -0.050604
v -0.005507 -0.014451 -0.052669
v -0.013260 -0.009565 -0.051872
v -0.013255 -0.009500 -0.049875
v -0.013263 -0.009457 -0.047816
v -0.013223 -0.009165 -0.041601
v -0.013219 -0.009272 -0.043638
v -0.013133 -0.008983 -0.039804
v 0.029876 -0.003977 -0.001233
v 0.030143 -0.004071 0.000110
v 0.029480 -0.005913 0.000435
v 0.029147 -0.005805 -0.000938
v 0.028111 -0.007474 -0.000508
v 0.028516 -0.007560 0.000907
v 0.027282 -0.009053 0.001553
v 0.026801 -0.009011 0.000089
v 0.025206 -0.010367 0.000890
v 0.025747 -0.010348 0.002386
v 0.023483 -0.011476 0.001885
v 0.023991 -0.011423 0.003359
v 0.021646 -0.012357 0.002826
v 0.022126 -0.012262 0.004396
v 0.019595 -0.013002 0.003821
v 0.020187 -0.012850 0.005524
v 0.018265 -0.013187 0.006770
v 0.017446 -0.013363 0.005087
v 0.016604 -0.013322 0.007980
v 0.015552 -0.013501 0.006318
v 0.021347 -0.012430 0.001215
v 0.022998 -0.011598 0.000471
v 0.019350 -0.012989 0.011109
v 0.020210 -0.012889 0.010576
v 0.021655 -0.012628 0.009660
v 0.023411 -0.012160 0.008570
v 0.025294 -0.011449 0.007354
v 0.027111 -0.010477 0.006126
v 0.028637 -0.009310 0.005070
v 0.029784 -0.008022 0.004336
v 0.030619 -0.006525 0.003825
v 0.031220 -0.004674 0.003407
v 0.029545 -0.003960 -0.006272
v 0.028566 -0.005782 -0.006014
v 0.027293 -0.007461 -0.005628
v 0.025843 -0.009011 -0.005121
v 0.024391 -0.010306 -0.004510
v 0.015494 -0.013985 -0.000825
v 0.017448 -0.013733 -0.001691
v 0.013581 -0.014124 0.000126
v 0.029588 -0.004245 -0.014052
v 0.028368 -0.006223 -0.013808
v 0.026819 -0.008034 -0.013474
v 0.024940 -0.009684 -0.013021
v 0.022819 -0.011179 -0.012469
v 0.020553 -0.012489 -0.011852
v 0.018197 -0.013590 -0.011172
v 0.015779 -0.014412 -0.010442
v 0.013408 -0.014844 -0.009712
v 0.011338 -0.015030 -0.009044
v 0.029180 -0.004719 -0.031095
v 0.027718 -0.006949 -0.030916
v 0.025831 -0.009008 -0.030681
v 0.023538 -0.010869 -0.030398
v 0.020904 -0.012493 -0.030059
v 0.018074 -0.013857 -0.029657
v 0.015151 -0.014918 -0.029204
v 0.012234 -0.015640 -0.028716
v 0.009455 -0.016032 -0.028225
v 0.007051 -0.016164 -0.027801
v 0.021372 -0.011248 -0.051121
v 0.022711 -0.010158 -0.050929
v 0.024198 -0.008682 -0.050888
v 0.025641 -0.006897 -0.050936
v 0.026894 -0.004817 -0.051026
v -0.007455 -0.013649 -0.053923
v -0.005767 -0.014296 -0.054150
v -0.009638 -0.012579 -0.053736
v -0.011596 -0.011251 -0.053702
v -0.013291 -0.009660 -0.053736
v -0.014704 -0.007698 -0.053777
v -0.015753 -0.005340 -0.053804
v -0.016374 -0.002698 -0.053820
v -0.016256 -0.002534 -0.045748
v -0.015620 -0.005073 -0.045746
v -0.014606 -0.007371 -0.045742
v -0.013229 -0.009368 -0.045732
v -0.011473 -0.011077 -0.045717
v -0.009327 -0.012553 -0.045716
v -0.006846 -0.013806 -0.045796
v -0.004330 -0.014756 -0.046118
v 0.020481 -0.011717 -0.000809
v 0.019750 -0.011931 -0.001413
v 0.019205 -0.013118 -0.000970
v 0.020130 -0.012797 -0.000146
v 0.021410 -0.011380 -0.000629
v 0.021378 -0.012269 0.000003
v 0.018774 -0.013240 -0.002128
v 0.019396 -0.012006 -0.002285
v 0.019540 -0.011942 -0.003257
v 0.018981 -0.013150 -0.003435
v 0.020190 -0.011719 -0.004014
v 0.019924 -0.012765 -0.004465
v 0.022564 -0.011672 -0.000447
v 0.022307 -0.011027 -0.000943
v 0.021236 -0.012145 -0.004867
v 0.021156 -0.011365 -0.004306
v 0.022123 -0.010971 -0.004159
v 0.022519 -0.011419 -0.004717
v 0.022820 -0.010697 -0.003566
v 0.023352 -0.010970 -0.003889
v 0.023672 -0.010923 -0.002713
v 0.023109 -0.010631 -0.002668
v 0.022937 -0.010748 -0.001703
v 0.023434 -0.011153 -0.001442
v 0.019980 0.013222 -0.002841
v 0.020482 0.013041 -0.000828
v 0.022579 0.012018 -0.001776
v 0.022129 0.012172 -0.003752
v 0.020589 -0.009962 -0.001068
v 0.019979 -0.010042 -0.001566
v 0.021375 -0.009845 -0.000948
v 0.019695 -0.010071 -0.002336
v 0.019819 -0.010046 -0.003187
v 0.020352 -0.009961 -0.003826
v 0.022135 -0.009714 -0.001229
v 0.021147 -0.009829 -0.004082
v 0.021957 -0.009685 -0.003955
v 0.022550 -0.009580 -0.003454
v 0.022800 -0.009549 -0.002678
v 0.022660 -0.009600 -0.001857
v 0.020656 -0.009191 -0.001209
v 0.020119 -0.009219 -0.001650
v 0.021355 -0.009150 -0.001113
v 0.019872 -0.009230 -0.002351
v 0.019984 -0.009221 -0.003128
v 0.020456 -0.009189 -0.003710
v 0.022034 -0.009101 -0.001369
v 0.021161 -0.009140 -0.003949
v 0.021880 -0.009086 -0.003839
v 0.022401 -0.009047 -0.003387
v 0.022622 -0.009035 -0.002674
v 0.022500 -0.009056 -0.001929
v 0.018235 0.013311 0.011299
v 0.016971 0.013429 0.010193
v -0.015701 0.005575 -0.055295
v -0.014680 0.007930 -0.055276
v -0.009620 0.012746 -0.055218
v -0.007235 0.013828 -0.055393
v -0.003747 0.015215 -0.051298
v -0.003144 0.015386 -0.049032
v -0.001559 0.015280 -0.034982
v -0.004169 0.014406 -0.036107
v -0.001456 0.015759 -0.044608
v 0.000205 0.016051 -0.043195
v 0.002282 0.016279 -0.042588
v 0.004724 0.016380 -0.042494
v 0.021495 0.010630 -0.055246
v 0.020958 0.011290 -0.053911
v 0.023803 0.008390 -0.055403
v 0.025118 0.006780 -0.055381
v 0.026248 0.004889 -0.055393
v 0.027066 0.002604 -0.055399
v 0.008795 0.015705 -0.013331
v 0.008242 0.015903 -0.015753
v 0.013491 0.013936 0.005231
v 0.012873 0.014145 0.003086
v 0.004558 0.016332 -0.029312
v 0.003495 0.016240 -0.031019
v 0.013415 0.015572 -0.042609
v 0.016218 0.014850 -0.043183
v 0.018307 0.014035 -0.044657
v 0.023644 0.012373 0.009671
v 0.025552 0.011702 0.008411
v 0.027405 0.010768 0.007090
v 0.030064 0.008420 0.005197
v 0.030846 0.006970 0.004697
v 0.031818 0.002817 0.003954
v 0.031449 0.005156 0.004297
v 0.007460 0.016312 -0.042490
v 0.020407 0.013062 0.011540
v 0.019281 0.013207 0.011817
v 0.022458 0.009728 -0.055505
v 0.028949 0.009645 0.005954
v 0.011066 0.014830 -0.003814
v 0.010462 0.015064 -0.006175
v 0.002205 0.016085 -0.032660
v 0.000523 0.015798 -0.033906
v -0.011608 0.011453 -0.055204
v 0.007699 0.016078 -0.018193
v 0.007172 0.016210 -0.020652
v -0.004189 0.015000 -0.053574
v 0.019857 0.012816 -0.049141
v 0.019290 0.013395 -0.046870
v -0.016311 0.002920 -0.055316
v -0.015261 0.004961 -0.038521
v -0.015900 0.002621 -0.038516
v -0.014272 0.007195 -0.038524
v -0.009521 0.011887 -0.037925
v -0.011463 0.010556 -0.038357
v -0.007007 0.013207 -0.037153
v 0.009347 0.015499 -0.010927
v 0.011680 0.014594 -0.001469
v 0.006642 0.016308 -0.023138
v 0.006087 0.016370 -0.025464
v 0.010413 0.016060 -0.042498
v 0.021881 0.012808 0.010730
v -0.005104 0.014609 -0.055185
v -0.013291 0.009897 -0.055245
v -0.012994 0.009078 -0.038504
v -0.016515 0.000094 -0.055326
v -0.016131 0.000142 -0.038511
v 0.031817 -0.002533 0.003954
v 0.027066 -0.002367 -0.055399
v 0.015549 0.013573 0.008805
v 0.014291 0.013742 0.007159
v 0.012280 0.014364 0.000841
v 0.009895 0.015288 -0.008551
v 0.005420 0.016379 -0.027516
v 0.020416 0.012095 -0.051527
v -0.002486 0.015540 -0.046730
v 0.016971 -0.013146 0.010192
v 0.018235 -0.013027 0.011294
v -0.014680 -0.007739 -0.055277
v -0.015701 -0.005386 -0.055295
v -0.007227 -0.013623 -0.055402
v -0.009616 -0.012543 -0.055220
v -0.003142 -0.015112 -0.049034
v -0.003741 -0.014958 -0.051306
v -0.004169 -0.014122 -0.036104
v -0.001559 -0.014997 -0.034980
v -0.001456 -0.015476 -0.044609
v 0.000206 -0.015768 -0.043198
v 0.002283 -0.015996 -0.042592
v 0.004724 -0.016097 -0.042496
v 0.021491 -0.010399 -0.055221
v 0.020937 -0.011075 -0.053807
v 0.025117 -0.006545 -0.055381
v 0.023800 -0.008158 -0.055404
v 0.026248 -0.004653 -0.055393
v 0.008244 -0.015619 -0.015754
v 0.008797 -0.015421 -0.013332
v 0.012874 -0.013862 0.003081
v 0.013494 -0.013653 0.005223
v 0.003495 -0.015956 -0.031019
v 0.004558 -0.016049 -0.029312
v 0.016218 -0.014566 -0.043183
v 0.013415 -0.015289 -0.042609
v 0.018306 -0.013753 -0.044656
v 0.023643 -0.012089 0.009671
v 0.025551 -0.011417 0.008410
v 0.027404 -0.010483 0.007089
v 0.030062 -0.008135 0.005197
v 0.030844 -0.006685 0.004697
v 0.031447 -0.004872 0.004297
v 0.007460 -0.016029 -0.042490
v 0.019280 -0.012924 0.011809
v 0.020407 -0.012779 0.011535
v 0.022455 -0.009497 -0.055506
v 0.028947 -0.009360 0.005953
v 0.010463 -0.014781 -0.006175
v 0.011066 -0.014547 -0.003813
v 0.000523 -0.015514 -0.033905
v 0.002206 -0.015801 -0.032660
v -0.011607 -0.011256 -0.055204
v 0.007173 -0.015926 -0.020652
v 0.007700 -0.015794 -0.018193
v -0.004179 -0.014768 -0.053587
v 0.019834 -0.012569 -0.049061
v 0.019285 -0.013119 -0.046852
v -0.016310 -0.002731 -0.055316
v -0.015900 -0.002338 -0.038516
v -0.015261 -0.004677 -0.038520
v -0.014272 -0.006912 -0.038524
v -0.011463 -0.010273 -0.038357
v -0.009522 -0.011604 -0.037924
v -0.007008 -0.012924 -0.037151
v 0.009349 -0.015215 -0.010928
v 0.011679 -0.014311 -0.001469
v 0.006087 -0.016087 -0.025464
v 0.006642 -0.016024 -0.023138
v 0.010414 -0.015777 -0.042498
v 0.021881 -0.012524 0.010728
v -0.005097 -0.014397 -0.055193
v -0.013291 -0.009704 -0.055245
v -0.012994 -0.008794 -0.038504
v 0.015551 -0.013289 0.008802
v 0.014295 -0.013458 0.007153
v 0.012278 -0.014081 0.000839
v 0.009897 -0.015004 -0.008552
v 0.005420 -0.016096 -0.027516
v 0.020373 -0.011889 -0.051368
v -0.002485 -0.015259 -0.046731
v -0.001524 0.014290 -0.033811
v -0.003994 0.013426 -0.034984
v -0.004095 0.013693 -0.035024
v -0.001606 0.014565 -0.033854
v 0.013523 0.012826 0.007600
v 0.012691 0.013010 0.005652
v 0.012732 0.013297 0.005655
v 0.013556 0.013113 0.007600
v -0.006759 0.012243 -0.036101
v -0.006868 0.012504 -0.036135
v 0.030530 0.006856 0.005844
v 0.029854 0.008047 0.006290
v 0.029996 0.008205 0.006140
v 0.030698 0.006936 0.005681
v 0.028828 0.009050 0.006999
v 0.027309 0.010036 0.008101
v 0.027404 0.010283 0.007988
v 0.028943 0.009266 0.006866
v 0.031355 0.002859 0.005099
v 0.031035 0.005189 0.005460
v 0.031232 0.005217 0.005293
v 0.031577 0.002877 0.004935
v 0.023611 0.011478 0.010609
v 0.021903 0.011873 0.011591
v 0.021947 0.012156 0.011543
v 0.023671 0.011755 0.010544
v -0.011108 0.010776 -0.056371
v -0.009204 0.011975 -0.056364
v -0.009337 0.012220 -0.056314
v -0.011282 0.010997 -0.056314
v -0.006758 0.012999 -0.056417
v -0.004411 0.013818 -0.056074
v -0.004494 0.014089 -0.056063
v -0.006860 0.013262 -0.056391
v 0.007390 0.015385 -0.043483
v 0.010261 0.015162 -0.043470
v 0.010299 0.015445 -0.043427
v 0.007405 0.015672 -0.043447
v 0.013096 0.014752 -0.043582
v 0.015566 0.014155 -0.044067
v 0.015678 0.014412 -0.044015
v 0.013167 0.015024 -0.043526
v 0.018055 0.013043 -0.047193
v 0.018590 0.012538 -0.049296
v 0.018783 0.012752 -0.049310
v 0.018233 0.013270 -0.047185
v 0.019816 0.011012 -0.054148
v 0.020557 0.010161 -0.055755
v 0.020752 0.010366 -0.055766
v 0.020029 0.011198 -0.054200
v 0.021669 0.009100 -0.056226
v 0.021854 0.009312 -0.056217
v 0.019161 0.012293 0.012491
v 0.017888 0.012413 0.011924
v 0.017929 0.012698 0.011909
v 0.019194 0.012578 0.012472
v 0.002524 0.015398 -0.043614
v 0.004762 0.015458 -0.043510
v 0.004756 0.015745 -0.043472
v 0.002489 0.015682 -0.043569
v 0.023025 0.007743 -0.056177
v 0.024283 0.006211 -0.056135
v 0.024509 0.006374 -0.056127
v 0.023227 0.007937 -0.056164
v 0.011417 0.013427 0.001284
v 0.010775 0.013659 -0.001049
v 0.010821 0.013948 -0.001049
v 0.011463 0.013715 0.001281
v 0.008912 0.014360 -0.008302
v 0.008363 0.014577 -0.010704
v 0.008412 0.014864 -0.010694
v 0.008961 0.014648 -0.008290
v 0.004423 0.015430 -0.027270
v 0.003557 0.015352 -0.028897
v 0.003581 0.015641 -0.028919
v 0.004455 0.015718 -0.027285
v 0.001403 0.015057 -0.031681
v 0.000185 0.014782 -0.032769
v 0.000145 0.015066 -0.032805
v 0.001397 0.015346 -0.031713
v -0.000355 0.015102 -0.045386
v 0.000827 0.015265 -0.044155
v 0.000765 0.015544 -0.044114
v -0.000443 0.015378 -0.045359
v -0.012285 0.008397 -0.037635
v -0.013432 0.006633 -0.037670
v -0.013676 0.006781 -0.037691
v -0.012491 0.008588 -0.037658
v -0.009139 0.010986 -0.036949
v -0.010914 0.009759 -0.037450
v -0.011083 0.009982 -0.037474
v -0.009270 0.011235 -0.036977
v 0.006689 0.015181 -0.018073
v 0.006173 0.015304 -0.020564
v 0.006223 0.015591 -0.020560
v 0.006742 0.015467 -0.018067
v -0.013926 0.007507 -0.056385
v -0.012664 0.009327 -0.056377
v -0.012873 0.009512 -0.056318
v -0.014169 0.007645 -0.056325
v -0.001186 0.014925 -0.047310
v -0.001288 0.015199 -0.047290
v -0.003219 0.014270 -0.054417
v -0.002656 0.014514 -0.051996
v -0.002750 0.014787 -0.051973
v -0.003305 0.014543 -0.054399
v -0.015417 0.002798 -0.056407
v -0.014861 0.005326 -0.056398
v -0.015127 0.005414 -0.056340
v -0.015696 0.002841 -0.056353
v -0.014338 0.004538 -0.037661
v -0.014938 0.002399 -0.037645
v -0.015221 0.002454 -0.037672
v -0.014607 0.004642 -0.037684
v 0.007805 0.014791 -0.013129
v 0.007239 0.015001 -0.015590
v 0.007292 0.015287 -0.015582
v 0.007856 0.015078 -0.013120
v 0.010125 0.013897 -0.003451
v 0.009495 0.014133 -0.005880
v 0.009542 0.014420 -0.005869
v 0.010173 0.014186 -0.003447
v 0.005653 0.015386 -0.023053
v 0.005092 0.015438 -0.025329
v 0.005132 0.015726 -0.025335
v 0.005697 0.015673 -0.023052
v 0.025478 0.010877 0.009396
v 0.025556 0.011142 0.009308
v 0.020426 0.012124 0.012300
v 0.020458 0.012410 0.012272
v 0.017246 0.013537 -0.045310
v 0.017398 0.013780 -0.045276
v 0.025323 0.004489 -0.056113
v 0.025569 0.004601 -0.056112
v -0.015603 0.000085 -0.056411
v -0.015887 0.000085 -0.056359
v -0.015155 0.000142 -0.037636
v -0.015442 0.000142 -0.037667
v 0.026084 0.002394 -0.056101
v 0.026340 0.002454 -0.056103
v 0.014897 0.012666 0.009277
v 0.014933 0.012953 0.009271
v 0.012047 0.013211 0.003521
v 0.012092 0.013499 0.003520
v 0.016451 0.012530 0.010735
v 0.016493 0.012816 0.010721
v 0.019173 0.011859 -0.051660
v 0.019382 0.012055 -0.051695
v 0.002515 0.015229 -0.030364
v 0.002527 0.015519 -0.030391
v -0.001922 0.014731 -0.049594
v -0.002020 0.015004 -0.049575
v 0.016451 -0.012247 0.010734
v 0.017888 -0.012129 0.011924
v 0.017928 -0.012414 0.011908
v 0.016493 -0.012532 0.010721
v -0.013926 -0.007335 -0.056393
v -0.014859 -0.005155 -0.056403
v -0.015125 -0.005242 -0.056343
v -0.014168 -0.007472 -0.056331
v -0.006750 -0.012814 -0.056440
v -0.009203 -0.011796 -0.056379
v -0.009337 -0.012040 -0.056325
v -0.006853 -0.013076 -0.056409
v -0.001922 -0.014457 -0.049600
v -0.002655 -0.014259 -0.052007
v -0.002748 -0.014531 -0.051982
v -0.002020 -0.014730 -0.049580
v -0.003995 -0.013144 -0.034984
v -0.001525 -0.014008 -0.033811
v -0.001606 -0.014283 -0.033853
v -0.004096 -0.013410 -0.035023
v 0.000827 -0.014981 -0.044155
v -0.000355 -0.014819 -0.045387
v -0.000443 -0.015094 -0.045360
v 0.000765 -0.015261 -0.044115
v 0.004762 -0.015175 -0.043510
v 0.002524 -0.015115 -0.043614
v 0.002490 -0.015399 -0.043570
v 0.004756 -0.015462 -0.043473
v 0.020551 -0.009938 -0.055741
v 0.019792 -0.010798 -0.054046
v 0.020004 -0.010985 -0.054091
v 0.020747 -0.010142 -0.055748
v 0.024282 -0.005985 -0.056140
v 0.023019 -0.007522 -0.056184
v 0.023222 -0.007715 -0.056169
v 0.024508 -0.006148 -0.056131
v 0.026085 -0.002165 -0.056103
v 0.025324 -0.004261 -0.056117
v 0.025570 -0.004373 -0.056115
v 0.026341 -0.002225 -0.056104
v 0.007239 -0.014717 -0.015590
v 0.007805 -0.014508 -0.013129
v 0.007856 -0.014794 -0.013120
v 0.007292 -0.015003 -0.015582
v 0.012047 -0.012927 0.003521
v 0.012691 -0.012727 0.005652
v 0.012732 -0.013014 0.005655
v 0.012092 -0.013215 0.003520
v 0.002515 -0.014945 -0.030364
v 0.003557 -0.015068 -0.028897
v 0.003581 -0.015358 -0.028919
v 0.002527 -0.015235 -0.030391
v 0.015566 -0.013871 -0.044067
v 0.013096 -0.014468 -0.043582
v 0.013167 -0.014741 -0.043526
v 0.015678 -0.014128 -0.044016
v 0.017246 -0.013255 -0.045308
v 0.017398 -0.013497 -0.045274
v 0.023610 -0.011192 0.010610
v 0.025476 -0.010589 0.009397
v 0.025554 -0.010854 0.009309
v 0.023671 -0.011469 0.010544
v 0.027306 -0.009746 0.008103
v 0.027401 -0.009993 0.007990
v 0.029849 -0.007759 0.006293
v 0.030525 -0.006569 0.005847
v 0.030692 -0.006649 0.005684
v 0.029991 -0.007916 0.006143
v 0.031030 -0.004903 0.005463
v 0.031352 -0.002575 0.005100
v 0.031574 -0.002592 0.004937
v 0.031226 -0.004931 0.005296
v 0.007390 -0.015102 -0.043483
v 0.007405 -0.015388 -0.043447
v 0.019161 -0.012009 0.012490
v 0.020426 -0.011840 0.012300
v 0.020458 -0.012126 0.012271
v 0.019194 -0.012294 0.012470
v 0.021664 -0.008878 -0.056237
v 0.021850 -0.009090 -0.056226
v 0.028825 -0.008761 0.007002
v 0.028939 -0.008976 0.006868
v 0.009495 -0.013849 -0.005880
v 0.010125 -0.013613 -0.003451
v 0.010173 -0.013901 -0.003446
v 0.009542 -0.014137 -0.005869
v 0.000184 -0.014499 -0.032768
v 0.001403 -0.014774 -0.031681
v 0.001397 -0.015063 -0.031713
v 0.000145 -0.014784 -0.032805
v -0.011109 -0.010599 -0.056383
v -0.011282 -0.010820 -0.056323
v 0.006173 -0.015021 -0.020564
v 0.006689 -0.014898 -0.018073
v 0.006742 -0.015184 -0.018067
v 0.006223 -0.015307 -0.020560
v -0.003215 -0.014038 -0.054434
v -0.003300 -0.014311 -0.054412
v 0.018561 -0.012296 -0.049196
v 0.018050 -0.012768 -0.047171
v 0.018227 -0.012996 -0.047163
v 0.018754 -0.012511 -0.049210
v -0.015416 -0.002628 -0.056409
v -0.015695 -0.002670 -0.056355
v -0.014938 -0.002116 -0.037645
v -0.014337 -0.004255 -0.037661
v -0.014607 -0.004358 -0.037684
v -0.015221 -0.002171 -0.037672
v -0.013431 -0.006349 -0.037670
v -0.013674 -0.006497 -0.037691
v -0.010915 -0.009476 -0.037450
v -0.009140 -0.010705 -0.036949
v -0.009271 -0.010953 -0.036977
v -0.011083 -0.009699 -0.037474
v -0.006760 -0.011961 -0.036101
v -0.006869 -0.012222 -0.036135
v 0.008363 -0.014293 -0.010704
v 0.008412 -0.014580 -0.010694
v 0.010774 -0.013373 -0.001050
v 0.010820 -0.013662 -0.001049
v 0.005092 -0.015154 -0.025329
v 0.005653 -0.015102 -0.023053
v 0.005697 -0.015390 -0.023052
v 0.005132 -0.015443 -0.025335
v 0.010261 -0.014879 -0.043470
v 0.010299 -0.015161 -0.043427
v 0.021903 -0.011588 0.011591
v 0.021946 -0.011871 0.011543
v -0.004405 -0.013615 -0.056094
v -0.004488 -0.013886 -0.056078
v -0.012665 -0.009153 -0.056388
v -0.012873 -0.009338 -0.056325
v -0.012284 -0.008113 -0.037635
v -0.012491 -0.008305 -0.037658
v 0.013523 -0.012543 0.007600
v 0.014897 -0.012383 0.009277
v 0.014933 -0.012670 0.009271
v 0.013556 -0.012830 0.007600
v 0.011417 -0.013142 0.001284
v 0.011463 -0.013430 0.001281
v 0.008912 -0.014077 -0.008302
v 0.008961 -0.014364 -0.008290
v 0.004423 -0.015146 -0.027270
v 0.004455 -0.015435 -0.027285
v 0.019122 -0.011659 -0.051477
v 0.019329 -0.011858 -0.051506
v -0.001186 -0.014644 -0.047312
v -0.001288 -0.014917 -0.047292
v 0.000097 0.015627 -0.032967
v -0.001745 0.015106 -0.034017
v -0.004285 0.014212 -0.035179
v 0.015009 0.013488 0.009258
v 0.013638 0.013652 0.007584
v 0.012822 0.013842 0.005625
v -0.007096 0.013000 -0.036277
v 0.031019 0.007041 0.005322
v 0.030286 0.008480 0.005816
v 0.031600 0.005229 0.004935
v 0.029183 0.009658 0.006582
v 0.027610 0.010737 0.007748
v 0.031998 0.002887 0.004599
v 0.023814 0.012274 0.010382
v 0.022051 0.012688 0.011421
v 0.025732 0.011635 0.009107
v -0.011517 0.011308 -0.056034
v -0.009528 0.012564 -0.056041
v -0.013162 0.009775 -0.056041
v -0.007038 0.013635 -0.056161
v -0.004700 0.014463 -0.055858
v 0.007431 0.016082 -0.043218
v 0.010358 0.015845 -0.043195
v 0.004744 0.016155 -0.043237
v 0.013288 0.015399 -0.043282
v 0.015902 0.014748 -0.043792
v 0.018620 0.013523 -0.047107
v 0.019194 0.012976 -0.049284
v 0.017730 0.014073 -0.045118
v 0.020435 0.011391 -0.054181
v 0.021105 0.010611 -0.055656
v 0.019803 0.012251 -0.051690
v 0.022167 0.009599 -0.056052
v 0.020532 0.012943 0.012197
v 0.019240 0.013108 0.012426
v 0.017975 0.013227 0.011864
v 0.002414 0.016082 -0.043329
v 0.000589 0.015921 -0.043889
v 0.023546 0.008218 -0.055982
v 0.024857 0.006619 -0.055955
v 0.012191 0.014047 0.003475
v 0.011570 0.014265 0.001228
v 0.010937 0.014499 -0.001095
v 0.009674 0.014971 -0.005880
v 0.009095 0.015198 -0.008292
v 0.008549 0.015414 -0.010695
v 0.005258 0.016280 -0.025343
v 0.004577 0.016277 -0.027316
v 0.003697 0.016207 -0.028977
v 0.002629 0.016090 -0.030485
v 0.001449 0.015916 -0.031852
v -0.001615 0.015538 -0.047150
v -0.000722 0.015729 -0.045180
v -0.011427 0.010406 -0.037574
v -0.012903 0.008955 -0.037739
v -0.014150 0.007073 -0.037765
v -0.009554 0.011700 -0.037100
v 0.007437 0.015834 -0.015576
v 0.006887 0.016014 -0.018058
v 0.006360 0.016139 -0.020550
v -0.014510 0.007839 -0.056051
v -0.015504 0.005533 -0.056069
v -0.002331 0.015357 -0.049439
v -0.003566 0.014911 -0.054193
v -0.003037 0.015150 -0.051799
v -0.016095 0.002898 -0.056088
v -0.016293 0.000087 -0.056096
v -0.015125 0.004853 -0.037760
v -0.015764 0.002568 -0.037757
v 0.007996 0.015627 -0.013120
v 0.010298 0.014736 -0.003476
v 0.005826 0.016225 -0.023046
v 0.025953 0.004777 -0.055951
v -0.016094 -0.002723 -0.056088
v -0.015994 0.000142 -0.037756
v 0.026750 0.002546 -0.055946
v 0.016560 0.013349 0.010690
v 0.016560 -0.013065 0.010689
v 0.017975 -0.012944 0.011861
v 0.015009 -0.013205 0.009258
v -0.014509 -0.007662 -0.056054
v -0.015503 -0.005357 -0.056070
v -0.013162 -0.009595 -0.056044
v -0.007031 -0.013445 -0.056172
v -0.009527 -0.012379 -0.056046
v -0.004695 -0.014259 -0.055867
v -0.002330 -0.015083 -0.049442
v -0.003032 -0.014895 -0.051807
v -0.001615 -0.015257 -0.047151
v -0.004285 -0.013929 -0.035177
v -0.001746 -0.014824 -0.034015
v -0.007097 -0.012718 -0.036276
v 0.000590 -0.015637 -0.043892
v -0.000722 -0.015445 -0.045182
v 0.002414 -0.015799 -0.043331
v 0.007431 -0.015798 -0.043219
v 0.004745 -0.015872 -0.043238
v 0.022164 -0.009373 -0.056055
v 0.021101 -0.010386 -0.055631
v 0.020410 -0.011181 -0.054063
v 0.024856 -0.006390 -0.055956
v 0.023542 -0.007993 -0.055985
v 0.025954 -0.004546 -0.055952
v 0.026751 -0.002314 -0.055947
v 0.007437 -0.015551 -0.015576
v 0.007996 -0.015344 -0.013120
v 0.006887 -0.015730 -0.018058
v 0.012191 -0.013763 0.003474
v 0.012822 -0.013559 0.005624
v 0.011569 -0.013980 0.001229
v 0.001449 -0.015633 -0.031852
v 0.002629 -0.015806 -0.030485
v 0.003697 -0.015923 -0.028977
v 0.017728 -0.013790 -0.045117
v 0.015902 -0.014465 -0.043793
v 0.013287 -0.015116 -0.043282
v 0.018614 -0.013248 -0.047086
v 0.023813 -0.011989 0.010382
v 0.025731 -0.011347 0.009108
v 0.022051 -0.012404 0.011419
v 0.027608 -0.010449 0.007749
v 0.029180 -0.009370 0.006584
v 0.030282 -0.008193 0.005818
v 0.031015 -0.006755 0.005325
v 0.031596 -0.004944 0.004937
v 0.031996 -0.002603 0.004600
v 0.010358 -0.015561 -0.043195
v 0.019240 -0.012825 0.012421
v 0.020532 -0.012659 0.012193
v 0.009673 -0.014688 -0.005880
v 0.010297 -0.014452 -0.003476
v 0.009095 -0.014915 -0.008292
v 0.000096 -0.015344 -0.032966
v -0.011517 -0.011126 -0.056037
v 0.006360 -0.015856 -0.020550
v 0.005827 -0.015942 -0.023046
v -0.003559 -0.014680 -0.054204
v 0.019751 -0.012055 -0.051501
v 0.019166 -0.012734 -0.049187
v -0.015764 -0.002284 -0.037757
v -0.015125 -0.004569 -0.037760
v -0.014149 -0.006789 -0.037765
v -0.011427 -0.010123 -0.037574
v -0.009554 -0.011418 -0.037099
v -0.012903 -0.008672 -0.037739
v 0.008549 -0.015130 -0.010695
v 0.010936 -0.014213 -0.001095
v 0.005258 -0.015997 -0.025343
v 0.004578 -0.015994 -0.027316
v 0.013638 -0.013369 0.007584
v 0.020477 -0.009307 -0.001897
v 0.020834 -0.009282 -0.001605
v 0.021313 -0.009254 -0.001545
v 0.020308 -0.009322 -0.002394
v 0.020383 -0.009312 -0.002956
v 0.020707 -0.009276 -0.003356
v 0.021792 -0.009221 -0.001723
v 0.021206 -0.009227 -0.003513
v 0.021705 -0.009187 -0.003446
v 0.022049 -0.009173 -0.003151
v 0.022198 -0.009176 -0.002645
v 0.022118 -0.009192 -0.002110
v 0.031297 -0.000277 0.002032
v 0.031307 0.000002 0.002028
v 0.031307 0.000281 0.002028
v 0.031297 0.000560 0.002032
v 0.030946 -0.000277 0.001009
v 0.030956 0.000002 0.001003
v 0.030956 0.000281 0.001003
v 0.030946 0.000560 0.001009
v 0.030318 -0.000273 -0.002982
v 0.030333 0.000006 -0.002987
v 0.030333 0.000285 -0.002987
v 0.030318 0.000564 -0.002982
v 0.030310 -0.000270 -0.004658
v 0.030326 0.000009 -0.004663
v 0.030326 0.000288 -0.004663
v 0.030309 0.000567 -0.004658
v 0.030347 -0.000268 -0.008343
v 0.030366 0.000011 -0.008342
v 0.030364 0.000290 -0.008342
v 0.030343 0.000569 -0.008343
v 0.030431 -0.000267 -0.010278
v 0.030451 0.000011 -0.010281
v 0.030449 0.000291 -0.010279
v 0.030427 0.000569 -0.010274
v 0.030544 -0.000266 -0.012254
v 0.030565 0.000013 -0.012257
v 0.030564 0.000292 -0.012256
v 0.030541 0.000571 -0.012250
v 0.030691 -0.000275 -0.016226
v 0.030715 0.000004 -0.016229
v 0.030715 0.000283 -0.016228
v 0.030690 0.000562 -0.016222
v 0.030725 -0.000281 -0.018222
v 0.030749 -0.000002 -0.018225
v 0.030749 0.000278 -0.018224
v 0.030725 0.000556 -0.018219
v 0.030752 -0.000282 -0.020213
v 0.030777 -0.000004 -0.020216
v 0.030776 0.000276 -0.020215
v 0.030752 0.000555 -0.020211
v 0.030761 -0.000280 -0.022210
v 0.030784 -0.000002 -0.022210
v 0.030784 0.000278 -0.022210
v 0.030760 0.000557 -0.022209
v 0.030727 -0.000279 -0.024256
v 0.030751 -0.000000 -0.024257
v 0.030750 0.000279 -0.024257
v 0.030726 0.000558 -0.024256
v 0.030649 -0.000280 -0.026443
v 0.030672 -0.000001 -0.026446
v 0.030672 0.000278 -0.026447
v 0.030648 0.000557 -0.026444
v 0.030531 -0.000280 -0.028787
v 0.030555 -0.000001 -0.028790
v 0.030554 0.000278 -0.028791
v 0.030530 0.000557 -0.028788
v 0.030146 -0.000274 -0.033804
v 0.030169 0.000005 -0.033807
v 0.030168 0.000284 -0.033806
v 0.030145 0.000563 -0.033804
v 0.029854 -0.000274 -0.036476
v 0.029876 0.000005 -0.036479
v 0.029875 0.000284 -0.036479
v 0.029853 0.000563 -0.036476
v 0.029502 -0.000275 -0.039211
v 0.029524 0.000003 -0.039214
v 0.029523 0.000283 -0.039214
v 0.029501 0.000561 -0.039211
v 0.029136 -0.000276 -0.041915
v 0.029158 0.000002 -0.041918
v 0.029158 0.000282 -0.041918
v 0.029135 0.000561 -0.041914
v 0.028798 -0.000277 -0.044492
v 0.028820 0.000002 -0.044495
v 0.028820 0.000282 -0.044495
v 0.028797 0.000560 -0.044492
v 0.028504 -0.000278 -0.046892
v 0.028526 0.000001 -0.046895
v 0.028526 0.000280 -0.046895
v 0.028504 0.000559 -0.046892
v 0.028248 -0.000280 -0.049107
v 0.028270 -0.000001 -0.049109
v 0.028270 0.000278 -0.049109
v 0.028248 0.000557 -0.049107
v 0.027790 -0.000290 -0.052906
v 0.027811 -0.000011 -0.052910
v 0.027811 0.000268 -0.052911
v 0.027790 0.000547 -0.052909
v 0.027564 0.000541 -0.054361
v 0.027586 0.000263 -0.054361
v 0.027586 -0.000017 -0.054361
v 0.027564 -0.000295 -0.054361
v 0.030634 -0.000276 -0.000143
v 0.030645 0.000003 -0.000149
v 0.030645 0.000282 -0.000149
v 0.030634 0.000561 -0.000143
v 0.030411 -0.000275 -0.001469
v 0.030423 0.000004 -0.001474
v 0.030423 0.000283 -0.001474
v 0.030411 0.000562 -0.001469
v 0.031656 -0.000277 0.002996
v 0.031664 0.000002 0.002988
v 0.031664 0.000281 0.002988
v 0.031656 0.000560 0.002996
v 0.030315 -0.000268 -0.006452
v 0.030332 0.000010 -0.006456
v 0.030332 0.000290 -0.006455
v 0.030312 0.000568 -0.006450
v 0.030637 -0.000268 -0.014247
v 0.030661 0.000010 -0.014246
v 0.030660 0.000290 -0.014247
v 0.030636 0.000569 -0.014249
v 0.030368 -0.000277 -0.031243
v 0.030392 0.000001 -0.031244
v 0.030391 0.000281 -0.031244
v 0.030368 0.000560 -0.031242
v 0.028016 -0.000284 -0.051133
v 0.028038 -0.000005 -0.051135
v 0.028038 0.000274 -0.051135
v 0.028016 0.000553 -0.051133
v 0.031912 -0.000277 0.003840
v 0.031920 0.000002 0.003831
v 0.031920 0.000281 0.003831
v 0.031912 0.000560 0.003840
v 0.027314 0.000537 -0.055401
v 0.027336 0.000258 -0.055402
v 0.027336 -0.000021 -0.055402
v 0.027314 -0.000300 -0.055401
v 0.026309 0.000533 -0.056100
v 0.026331 0.000255 -0.056100
v 0.026331 -0.000025 -0.056100
v 0.026309 -0.000304 -0.056100
v 0.026572 -0.000303 -0.056102
v 0.026595 -0.000025 -0.056102
v 0.026595 0.000255 -0.056102
v 0.026572 0.000533 -0.056102
v 0.031436 -0.000276 0.004978
v 0.031442 0.000002 0.004968
v 0.031443 0.000282 0.004968
v 0.031436 0.000560 0.004978
v 0.031684 0.000560 0.004798
v 0.031684 0.000281 0.004798
v 0.031684 0.000003 0.004798
v 0.031684 -0.000276 0.004798
v 0.032098 0.000560 0.004484
v 0.032106 0.000282 0.004475
v 0.032106 0.000002 0.004475
v 0.032098 -0.000276 0.004484
v 0.026993 0.000534 -0.055947
v 0.027015 0.000256 -0.055947
v 0.027015 -0.000024 -0.055947
v 0.026993 -0.000302 -0.055947
v 0.027414 0.000268 -0.052861
v 0.027416 -0.000011 -0.052849
v 0.027193 -0.000017 -0.054284
v 0.027193 0.000263 -0.054284
v 0.026334 -0.000025 -0.055700
v 0.026334 0.000254 -0.055700
v 0.026525 0.000255 -0.055701
v 0.026525 -0.000025 -0.055701
v 0.031212 0.000282 0.004641
v 0.031212 0.000002 0.004641
v 0.031441 0.000003 0.004480
v 0.031454 0.000282 0.004471
v 0.030933 0.000281 0.002168
v 0.030929 0.000002 0.002158
v 0.031285 0.000281 0.003116
v 0.031285 0.000002 0.003116
v 0.030573 0.000002 0.001120
v 0.030573 0.000281 0.001120
v 0.029933 0.000285 -0.002975
v 0.029933 0.000006 -0.002975
v 0.030025 0.000283 -0.001429
v 0.030025 0.000004 -0.001429
v 0.029926 0.000008 -0.004664
v 0.029926 0.000288 -0.004661
v 0.029964 0.000288 -0.008349
v 0.029966 0.000009 -0.008360
v 0.029932 0.000289 -0.006457
v 0.029933 0.000009 -0.006463
v 0.030051 0.000010 -0.010304
v 0.030050 0.000289 -0.010297
v 0.030166 0.000012 -0.012276
v 0.030165 0.000291 -0.012279
v 0.030315 0.000283 -0.016239
v 0.030315 0.000003 -0.016236
v 0.030261 0.000289 -0.014266
v 0.030261 0.000010 -0.014257
v 0.030349 -0.000002 -0.018231
v 0.030349 0.000277 -0.018231
v 0.030377 -0.000004 -0.020218
v 0.030377 0.000276 -0.020221
v 0.030384 -0.000002 -0.022203
v 0.030384 0.000278 -0.022211
v 0.030351 -0.000001 -0.024242
v 0.030350 0.000279 -0.024250
v 0.030273 -0.000002 -0.026426
v 0.030272 0.000278 -0.026433
v 0.030155 -0.000002 -0.028764
v 0.030155 0.000278 -0.028771
v 0.029770 0.000284 -0.033772
v 0.029771 0.000004 -0.033763
v 0.029992 0.000281 -0.031218
v 0.029993 0.000001 -0.031210
v 0.029479 0.000004 -0.036428
v 0.029477 0.000284 -0.036435
v 0.029127 0.000003 -0.039160
v 0.029127 0.000282 -0.039163
v 0.028762 0.000002 -0.041866
v 0.028762 0.000282 -0.041864
v 0.028423 0.000002 -0.044447
v 0.028423 0.000281 -0.044443
v 0.028129 0.000001 -0.046849
v 0.028129 0.000280 -0.046846
v 0.027873 -0.000001 -0.049063
v 0.027873 0.000278 -0.049063
v 0.027640 0.000274 -0.051089
v 0.027641 -0.000005 -0.051084
v 0.026961 -0.000021 -0.055250
v 0.026961 0.000258 -0.055250
v 0.030254 0.000003 -0.000064
v 0.030254 0.000282 -0.000064
v 0.031536 0.000281 0.003942
v 0.031537 0.000002 0.003947
v 0.026743 -0.000024 -0.055621
v 0.026743 0.000256 -0.055621
v 0.031646 0.000003 0.004323
v 0.031646 0.000282 0.004323
v 0.003722 0.012615 0.006150
v 0.004358 0.012772 0.006150
v 0.004658 0.012923 0.005587
v 0.004322 0.012917 0.005025
v 0.003686 0.012760 0.005025
v 0.003386 0.012609 0.005587
v 0.003717 0.012820 0.006100
v 0.004268 0.012956 0.006100
v 0.004527 0.013087 0.005612
v 0.004236 0.013082 0.005125
v 0.003686 0.012946 0.005125
v 0.003426 0.012815 0.005612
v 0.003793 0.013011 0.005912
v 0.004111 0.013090 0.005912
v 0.004261 0.013165 0.005631
v 0.004093 0.013162 0.005350
v 0.003775 0.013084 0.005350
v 0.003625 0.013008 0.005631
v 0.003931 0.013136 0.005638
v 0.003752 0.012630 0.006094
v 0.004325 0.012771 0.006094
v 0.004595 0.012907 0.005587
v 0.004293 0.012902 0.005081
v 0.003720 0.012761 0.005081
v 0.003450 0.012625 0.005587
v 0.002634 0.012834 0.002545
v 0.003267 0.013004 0.002545
v 0.003561 0.013170 0.001984
v 0.003223 0.013166 0.001423
v 0.002590 0.012996 0.001423
v 0.002296 0.012830 0.001984
v 0.002624 0.013040 0.002499
v 0.003172 0.013187 0.002499
v 0.003427 0.013331 0.002013
v 0.003134 0.013328 0.001527
v 0.002586 0.013180 0.001527
v 0.002331 0.013037 0.002013
v 0.002696 0.013235 0.002314
v 0.003012 0.013320 0.002314
v 0.003160 0.013403 0.002033
v 0.002990 0.013401 0.001753
v 0.002674 0.013316 0.001753
v 0.002527 0.013233 0.002033
v 0.002830 0.013367 0.002041
v 0.002663 0.012850 0.002489
v 0.003233 0.013003 0.002489
v 0.003498 0.013153 0.001984
v 0.003194 0.013150 0.001479
v 0.002624 0.012997 0.001479
v 0.002359 0.012847 0.001984
v 0.001548 0.013094 -0.001041
v 0.002178 0.013274 -0.001041
v 0.002467 0.013453 -0.001601
v 0.002127 0.013452 -0.002160
v 0.001497 0.013271 -0.002160
v 0.001207 0.013092 -0.001601
v 0.001534 0.013300 -0.001084
v 0.002080 0.013457 -0.001084
v 0.002330 0.013612 -0.001569
v 0.002036 0.013610 -0.002054
v 0.001490 0.013454 -0.002054
v 0.001240 0.013299 -0.001569
v 0.001602 0.013499 -0.001266
v 0.001917 0.013590 -0.001266
v 0.002062 0.013679 -0.001546
v 0.001891 0.013678 -0.001826
v 0.001577 0.013588 -0.001826
v 0.001432 0.013498 -0.001546
v 0.001733 0.013638 -0.001538
v 0.001577 0.013112 -0.001096
v 0.002144 0.013274 -0.001096
v 0.002404 0.013435 -0.001601
v 0.002098 0.013434 -0.002105
v 0.001531 0.013272 -0.002105
v 0.001270 0.013110 -0.001601
v 0.000272 0.013304 -0.004513
v 0.000900 0.013491 -0.004513
v 0.001189 0.013669 -0.005074
v 0.000850 0.013661 -0.005634
v 0.000222 0.013474 -0.005634
v -0.000067 0.013296 -0.005074
v 0.000257 0.013510 -0.004558
v 0.000801 0.013672 -0.004558
v 0.001051 0.013826 -0.005044
v 0.000757 0.013819 -0.005529
v 0.000213 0.013657 -0.005529
v -0.000037 0.013503 -0.005044
v 0.000323 0.013709 -0.004741
v 0.000637 0.013802 -0.004741
v 0.000781 0.013891 -0.005022
v 0.000611 0.013887 -0.005302
v 0.000297 0.013794 -0.005302
v 0.000153 0.013704 -0.005022
v 0.000453 0.013847 -0.005014
v 0.000301 0.013322 -0.004569
v 0.000866 0.013490 -0.004569
v 0.001126 0.013651 -0.005074
v 0.000821 0.013643 -0.005578
v 0.000255 0.013475 -0.005578
v -0.000004 0.013314 -0.005074
v -0.000711 0.013545 -0.008066
v -0.000087 0.013745 -0.008066
v 0.000203 0.013912 -0.008629
v -0.000131 0.013881 -0.009192
v -0.000755 0.013682 -0.009192
v -0.001045 0.013514 -0.008629
v -0.000730 0.013750 -0.008118
v -0.000190 0.013922 -0.008118
v 0.000062 0.014067 -0.008605
v -0.000228 0.014040 -0.009093
v -0.000768 0.013868 -0.009093
v -0.001020 0.013722 -0.008605
v -0.000667 0.013944 -0.008306
v -0.000355 0.014044 -0.008306
v -0.000209 0.014128 -0.008587
v -0.000376 0.014112 -0.008869
v -0.000688 0.014012 -0.008869
v -0.000834 0.013928 -0.008587
v -0.000537 0.014077 -0.008581
v -0.000682 0.013562 -0.008123
v -0.000120 0.013741 -0.008123
v 0.000141 0.013892 -0.008629
v -0.000160 0.013864 -0.009136
v -0.000722 0.013685 -0.009136
v -0.000983 0.013534 -0.008629
v -0.001590 0.013725 -0.011713
v -0.000969 0.013932 -0.011713
v -0.000680 0.014101 -0.012276
v -0.001012 0.014063 -0.012839
v -0.001634 0.013856 -0.012839
v -0.001923 0.013687 -0.012276
v -0.001612 0.013928 -0.011765
v -0.001074 0.014108 -0.011765
v -0.000823 0.014254 -0.012253
v -0.001111 0.014221 -0.012741
v -0.001650 0.014042 -0.012741
v -0.001900 0.013896 -0.012253
v -0.001550 0.014123 -0.011954
v -0.001239 0.014226 -0.011954
v -0.001095 0.014311 -0.012236
v -0.001261 0.014292 -0.012517
v -0.001572 0.014188 -0.012517
v -0.001717 0.014104 -0.012236
v -0.001422 0.014256 -0.012229
v -0.001561 0.013742 -0.011769
v -0.001002 0.013928 -0.011769
v -0.000742 0.014080 -0.012276
v -0.001041 0.014046 -0.012783
v -0.001601 0.013859 -0.012783
v -0.001861 0.013707 -0.012276
v -0.002271 0.013928 -0.015346
v -0.001657 0.014156 -0.015346
v -0.001373 0.014332 -0.015909
v -0.001703 0.014280 -0.016473
v -0.002317 0.014052 -0.016473
v -0.002601 0.013876 -0.015909
v -0.002300 0.014131 -0.015399
v -0.001768 0.014328 -0.015399
v -0.001522 0.014480 -0.015887
v -0.001807 0.014435 -0.016375
v -0.002339 0.014238 -0.016375
v -0.002585 0.014086 -0.015887
v -0.002244 0.014326 -0.015589
v -0.001937 0.014440 -0.015589
v -0.001795 0.014528 -0.015871
v -0.001960 0.014502 -0.016152
v -0.002267 0.014388 -0.016152
v -0.002409 0.014300 -0.015871
v -0.002120 0.014462 -0.015865
v -0.002243 0.013946 -0.015402
v -0.001690 0.014151 -0.015402
v -0.001434 0.014309 -0.015909
v -0.001731 0.014262 -0.016417
v -0.002284 0.014057 -0.016417
v -0.002540 0.013899 -0.015909
v -0.002954 0.014096 -0.018977
v -0.002343 0.014332 -0.018977
v -0.002059 0.014505 -0.019541
v -0.002385 0.014442 -0.020105
v -0.002997 0.014206 -0.020105
v -0.003281 0.014033 -0.019541
v -0.002985 0.014298 -0.019032
v -0.002456 0.014502 -0.019032
v -0.002210 0.014652 -0.019521
v -0.002493 0.014597 -0.020010
v -0.003022 0.014393 -0.020010
v -0.003268 0.014243 -0.019521
v -0.002931 0.014492 -0.019224
v -0.002626 0.014610 -0.019224
v -0.002484 0.014696 -0.019506
v -0.002647 0.014664 -0.019789
v -0.002953 0.014546 -0.019789
v -0.003095 0.014460 -0.019506
v -0.002808 0.014626 -0.019501
v -0.002926 0.014113 -0.019033
v -0.002376 0.014326 -0.019033
v -0.002120 0.014481 -0.019541
v -0.002414 0.014425 -0.020049
v -0.002964 0.014212 -0.020049
v -0.003220 0.014056 -0.019541
v -0.003447 0.014279 -0.022697
v -0.002838 0.014521 -0.022697
v -0.002551 0.014685 -0.023263
v -0.002872 0.014607 -0.023828
v -0.003481 0.014365 -0.023828
v -0.003769 0.014201 -0.023263
v -0.003479 0.014479 -0.022757
v -0.002952 0.014688 -0.022757
v -0.002703 0.014831 -0.023247
v -0.002982 0.014763 -0.023737
v -0.003509 0.014554 -0.023737
v -0.003758 0.014411 -0.023247
v -0.003426 0.014669 -0.022953
v -0.003122 0.014790 -0.022953
v -0.002978 0.014872 -0.023235
v -0.003139 0.014833 -0.023518
v -0.003443 0.014713 -0.023518
v -0.003587 0.014630 -0.023235
v -0.003301 0.014799 -0.023231
v -0.003418 0.014295 -0.022754
v -0.002870 0.014513 -0.022754
v -0.002612 0.014661 -0.023263
v -0.002901 0.014591 -0.023772
v -0.003449 0.014373 -0.023772
v -0.003708 0.014225 -0.023263
v 0.001193 0.011040 0.010695
v 0.001807 0.011269 0.010695
v 0.002086 0.011457 0.010133
v 0.001752 0.011417 0.009571
v 0.001138 0.011188 0.009571
v 0.000859 0.010999 0.010133
v 0.001164 0.011243 0.010646
v 0.001696 0.011442 0.010646
v 0.001938 0.011605 0.010160
v 0.001648 0.011570 0.009673
v 0.001116 0.011372 0.009673
v 0.000874 0.011208 0.010160
v 0.001217 0.011443 0.010460
v 0.001524 0.011558 0.010460
v 0.001664 0.011652 0.010179
v 0.001497 0.011632 0.009899
v 0.001190 0.011517 0.009899
v 0.001050 0.011423 0.010179
v 0.001339 0.011585 0.010187
v 0.001221 0.011058 0.010639
v 0.001774 0.011265 0.010639
v 0.002025 0.011434 0.010133
v 0.001724 0.011398 0.009627
v 0.001171 0.011192 0.009627
v 0.000920 0.011022 0.010133
v 0.000204 0.011183 0.007141
v 0.000811 0.011430 0.007141
v 0.001081 0.011635 0.006580
v 0.000745 0.011593 0.006019
v 0.000138 0.011346 0.006019
v -0.000132 0.011141 0.006580
v 0.000169 0.011387 0.007095
v 0.000694 0.011601 0.007095
v 0.000928 0.011778 0.006610
v 0.000637 0.011742 0.006124
v 0.000111 0.011528 0.006124
v -0.000123 0.011350 0.006610
v 0.000215 0.011591 0.006912
v 0.000519 0.011714 0.006912
v 0.000654 0.011816 0.006632
v 0.000486 0.011795 0.006351
v 0.000182 0.011672 0.006351
v 0.000047 0.011570 0.006632
v 0.000331 0.011740 0.006640
v 0.000231 0.011204 0.007085
v 0.000777 0.011426 0.007085
v 0.001021 0.011611 0.006580
v 0.000718 0.011573 0.006075
v 0.000171 0.011350 0.006075
v -0.000072 0.011166 0.006580
v -0.000883 0.011324 0.003596
v -0.000280 0.011581 0.003596
v -0.000016 0.011797 0.003037
v -0.000355 0.011757 0.002478
v -0.000958 0.011500 0.002478
v -0.001222 0.011284 0.003037
v -0.000922 0.011527 0.003554
v -0.000400 0.011750 0.003554
v -0.000171 0.011937 0.003070
v -0.000465 0.011902 0.002585
v -0.000987 0.011680 0.002585
v -0.001215 0.011492 0.003070
v -0.000879 0.011734 0.003373
v -0.000578 0.011863 0.003373
v -0.000446 0.011971 0.003093
v -0.000616 0.011951 0.002814
v -0.000917 0.011822 0.002814
v -0.001049 0.011714 0.003093
v -0.000767 0.011889 0.003102
v -0.000856 0.011346 0.003541
v -0.000314 0.011577 0.003541
v -0.000076 0.011772 0.003037
v -0.000381 0.011735 0.002534
v -0.000924 0.011504 0.002534
v -0.001162 0.011309 0.003037
v -0.002067 0.011471 0.000064
v -0.001467 0.011733 0.000064
v -0.001206 0.011955 -0.000495
v -0.001547 0.011916 -0.001054
v -0.002147 0.011654 -0.001054
v -0.002408 0.011431 -0.000495
v -0.002108 0.011674 0.000023
v -0.001588 0.011901 0.000023
v -0.001362 0.012093 -0.000461
v -0.001657 0.012059 -0.000945
v -0.002177 0.011833 -0.000945
v -0.002403 0.011640 -0.000461
v -0.002068 0.011883 -0.000157
v -0.001768 0.012013 -0.000157
v -0.001638 0.012125 -0.000436
v -0.001808 0.012105 -0.000716
v -0.002108 0.011974 -0.000716
v -0.002238 0.011863 -0.000436
v -0.001958 0.012040 -0.000427
v -0.002041 0.011493 0.000008
v -0.001501 0.011729 0.000008
v -0.001266 0.011929 -0.000495
v -0.001572 0.011893 -0.000998
v -0.002113 0.011658 -0.000998
v -0.002348 0.011457 -0.000495
v -0.003054 0.011725 -0.003548
v -0.002459 0.012000 -0.003548
v -0.002202 0.012225 -0.004107
v -0.002541 0.012176 -0.004666
v -0.003136 0.011902 -0.004666
v -0.003392 0.011676 -0.004107
v -0.003099 0.011928 -0.003590
v -0.002584 0.012165 -0.003590
v -0.002362 0.012360 -0.004074
v -0.002654 0.012318 -0.004559
v -0.003170 0.012080 -0.004559
v -0.003392 0.011885 -0.004074
v -0.003063 0.012136 -0.003771
v -0.002766 0.012273 -0.003771
v -0.002637 0.012386 -0.004050
v -0.002806 0.012361 -0.004330
v -0.003104 0.012224 -0.004330
v -0.003232 0.012112 -0.004050
v -0.002956 0.012295 -0.004042
v -0.003029 0.011748 -0.003604
v -0.002493 0.011995 -0.003604
v -0.002262 0.012198 -0.004107
v -0.002566 0.012154 -0.004611
v -0.003102 0.011907 -0.004611
v -0.003333 0.011704 -0.004107
v -0.004138 0.011854 -0.007157
v -0.003547 0.012137 -0.007157
v -0.003289 0.012357 -0.007717
v -0.003622 0.012294 -0.008278
v -0.004213 0.012011 -0.008278
v -0.004471 0.011791 -0.007717
v -0.004186 0.012055 -0.007202
v -0.003674 0.012300 -0.007202
v -0.003450 0.012490 -0.007688
v -0.003739 0.012436 -0.008173
v -0.004251 0.012191 -0.008173
v -0.004474 0.012001 -0.007688
v -0.004151 0.012261 -0.007386
v -0.003856 0.012402 -0.007386
v -0.003727 0.012512 -0.007666
v -0.003893 0.012481 -0.007947
v -0.004189 0.012339 -0.007947
v -0.004318 0.012230 -0.007666
v -0.004044 0.012417 -0.007658
v -0.004113 0.011876 -0.007212
v -0.003580 0.012131 -0.007212
v -0.003348 0.012329 -0.007717
v -0.003648 0.012272 -0.008222
v -0.004180 0.012017 -0.008222
v -0.004412 0.011819 -0.007717
v -0.005198 0.011807 -0.010681
v -0.004645 0.012159 -0.010681
v -0.004409 0.012398 -0.011243
v -0.004725 0.012285 -0.011806
v -0.005278 0.011933 -0.011806
v -0.005514 0.011694 -0.011243
v -0.005268 0.012000 -0.010731
v -0.004790 0.012305 -0.010731
v -0.004585 0.012512 -0.011218
v -0.004859 0.012414 -0.011705
v -0.005338 0.012109 -0.011705
v -0.005542 0.011902 -0.011218
v -0.005257 0.012205 -0.010918
v -0.004981 0.012381 -0.010918
v -0.004862 0.012501 -0.011200
v -0.005021 0.012444 -0.011481
v -0.005297 0.012268 -0.011481
v -0.005415 0.012149 -0.011200
v -0.005166 0.012368 -0.011193
v -0.005174 0.011831 -0.010737
v -0.004676 0.012148 -0.010737
v -0.004464 0.012363 -0.011243
v -0.004749 0.012261 -0.011750
v -0.005246 0.011945 -0.011750
v -0.005459 0.011729 -0.011243
v -0.005613 0.012129 -0.014356
v -0.005036 0.012439 -0.014356
v -0.004781 0.012657 -0.014919
v -0.005103 0.012564 -0.015482
v -0.005680 0.012254 -0.015482
v -0.005935 0.012036 -0.014919
v -0.005669 0.012326 -0.014407
v -0.005169 0.012595 -0.014407
v -0.004949 0.012783 -0.014895
v -0.005228 0.012703 -0.015382
v -0.005727 0.012434 -0.015382
v -0.005948 0.012246 -0.014895
v -0.005642 0.012529 -0.014596
v -0.005353 0.012684 -0.014596
v -0.005226 0.012793 -0.014877
v -0.005387 0.012746 -0.015159
v -0.005676 0.012591 -0.015159
v -0.005803 0.012483 -0.014877
v -0.005539 0.012683 -0.014871
v -0.005588 0.012151 -0.014412
v -0.005068 0.012430 -0.014412
v -0.004838 0.012626 -0.014919
v -0.005128 0.012542 -0.015426
v -0.005648 0.012263 -0.015426
v -0.005878 0.012067 -0.014919
v -0.006201 0.012322 -0.018033
v -0.005630 0.012643 -0.018033
v -0.005377 0.012862 -0.018597
v -0.005696 0.012761 -0.019160
v -0.006267 0.012441 -0.019160
v -0.006520 0.012221 -0.018597
v -0.006261 0.012518 -0.018086
v -0.005766 0.012796 -0.018086
v -0.005547 0.012986 -0.018574
v -0.005823 0.012898 -0.019062
v -0.006318 0.012621 -0.019062
v -0.006537 0.012430 -0.018574
v -0.006237 0.012720 -0.018275
v -0.005951 0.012881 -0.018275
v -0.005825 0.012990 -0.018557
v -0.005984 0.012940 -0.018839
v -0.006270 0.012780 -0.018839
v -0.006396 0.012670 -0.018557
v -0.006135 0.012875 -0.018551
v -0.006176 0.012344 -0.018090
v -0.005661 0.012633 -0.018090
v -0.005434 0.012830 -0.018597
v -0.005721 0.012739 -0.019104
v -0.006236 0.012451 -0.019104
v -0.006463 0.012253 -0.018597
v -0.006989 0.012343 -0.021643
v -0.006423 0.012672 -0.021643
v -0.006168 0.012886 -0.022208
v -0.006480 0.012771 -0.022772
v -0.007047 0.012442 -0.022772
v -0.007301 0.012228 -0.022208
v -0.007051 0.012537 -0.021699
v -0.006561 0.012822 -0.021699
v -0.006340 0.013007 -0.022188
v -0.006611 0.012908 -0.022677
v -0.007101 0.012623 -0.022677
v -0.007322 0.012437 -0.022188
v -0.007029 0.012736 -0.021892
v -0.006745 0.012901 -0.021892
v -0.006618 0.013008 -0.022174
v -0.006774 0.012950 -0.022456
v -0.007057 0.012786 -0.022456
v -0.007185 0.012679 -0.022174
v -0.006927 0.012888 -0.022169
v -0.006964 0.012364 -0.021699
v -0.006454 0.012660 -0.021699
v -0.006225 0.012853 -0.022208
v -0.006506 0.012750 -0.022716
v -0.007016 0.012453 -0.022716
v -0.007245 0.012260 -0.022208
v -0.007878 0.012237 -0.025287
v -0.007313 0.012569 -0.025287
v -0.007057 0.012781 -0.025852
v -0.007367 0.012661 -0.026417
v -0.007932 0.012329 -0.026417
v -0.008187 0.012118 -0.025852
v -0.007940 0.012431 -0.025345
v -0.007451 0.012718 -0.025345
v -0.007230 0.012902 -0.025834
v -0.007498 0.012798 -0.026323
v -0.007987 0.012511 -0.026323
v -0.008208 0.012327 -0.025834
v -0.007918 0.012629 -0.025538
v -0.007635 0.012795 -0.025538
v -0.007507 0.012901 -0.025821
v -0.007662 0.012841 -0.026103
v -0.007945 0.012675 -0.026103
v -0.008072 0.012569 -0.025821
v -0.007816 0.012779 -0.025816
v -0.007852 0.012258 -0.025343
v -0.007343 0.012557 -0.025343
v -0.007113 0.012748 -0.025852
v -0.007392 0.012640 -0.026361
v -0.007901 0.012341 -0.026361
v -0.008131 0.012151 -0.025852
v -0.002344 0.008843 0.011987
v -0.001786 0.009187 0.011987
v -0.001552 0.009431 0.011426
v -0.001876 0.009332 0.010865
v -0.002434 0.008989 0.010865
v -0.002668 0.008744 0.011426
v -0.002413 0.009038 0.011941
v -0.001930 0.009335 0.011941
v -0.001727 0.009547 0.011455
v -0.002007 0.009461 0.010969
v -0.002490 0.009164 0.010969
v -0.002693 0.008952 0.011455
v -0.002400 0.009246 0.011757
v -0.002121 0.009418 0.011757
v -0.002004 0.009540 0.011476
v -0.002166 0.009490 0.011196
v -0.002445 0.009318 0.011196
v -0.002562 0.009196 0.011476
v -0.002310 0.009411 0.011484
v -0.002321 0.008867 0.011931
v -0.001819 0.009177 0.011931
v -0.001608 0.009397 0.011426
v -0.001899 0.009308 0.010921
v -0.002402 0.008998 0.010921
v -0.002612 0.008778 0.011426
v -0.003377 0.008872 0.008445
v -0.002827 0.009227 0.008445
v -0.002607 0.009490 0.007887
v -0.002937 0.009399 0.007329
v -0.003488 0.009044 0.007329
v -0.003708 0.008781 0.007887
v -0.003450 0.009067 0.008405
v -0.002973 0.009374 0.008405
v -0.002783 0.009602 0.007921
v -0.003069 0.009523 0.007438
v -0.003546 0.009215 0.007438
v -0.003737 0.008987 0.007921
v -0.003445 0.009279 0.008226
v -0.003169 0.009457 0.008226
v -0.003059 0.009588 0.007947
v -0.003225 0.009543 0.007668
v -0.003500 0.009365 0.007668
v -0.003610 0.009234 0.007947
v -0.003362 0.009454 0.007956
v -0.003355 0.008898 0.008389
v -0.002859 0.009218 0.008389
v -0.002661 0.009455 0.007887
v -0.002959 0.009373 0.007384
v -0.003455 0.009053 0.007384
v -0.003653 0.008816 0.007887
v -0.004444 0.008962 0.004852
v -0.003901 0.009328 0.004852
v -0.003689 0.009600 0.004295
v -0.004021 0.009507 0.003738
v -0.004565 0.009142 0.003738
v -0.004777 0.008869 0.004295
v -0.004521 0.009155 0.004814
v -0.004050 0.009472 0.004814
v -0.003867 0.009708 0.004331
v -0.004155 0.009628 0.003849
v -0.004626 0.009311 0.003849
v -0.004809 0.009075 0.004331
v -0.004521 0.009370 0.004637
v -0.004249 0.009553 0.004637
v -0.004143 0.009689 0.004358
v -0.004309 0.009642 0.004080
v -0.004581 0.009460 0.004080
v -0.004687 0.009324 0.004358
v -0.004443 0.009548 0.004368
v -0.004423 0.008989 0.004796
v -0.003934 0.009318 0.004796
v -0.003743 0.009564 0.004295
v -0.004042 0.009480 0.003793
v -0.004532 0.009151 0.003793
v -0.004723 0.008906 0.004295
v -0.005576 0.009000 0.001308
v -0.005042 0.009379 0.001308
v -0.004839 0.009659 0.000752
v -0.005171 0.009560 0.000195
v -0.005705 0.009181 0.000195
v -0.005908 0.008901 0.000752
v -0.005659 0.009191 0.001271
v -0.005196 0.009520 0.001271
v -0.005020 0.009762 0.000789
v -0.005307 0.009676 0.000307
v -0.005770 0.009348 0.000307
v -0.005945 0.009105 0.000789
v -0.005664 0.009406 0.001095
v -0.005397 0.009596 0.001095
v -0.005296 0.009736 0.000817
v -0.005461 0.009686 0.000539
v -0.005728 0.009497 0.000539
v -0.005830 0.009357 0.000817
v -0.005592 0.009588 0.000827
v -0.005556 0.009028 0.001253
v -0.005075 0.009369 0.001253
v -0.004893 0.009622 0.000752
v -0.005191 0.009532 0.000251
v -0.005672 0.009191 0.000251
v -0.005855 0.008938 0.000752
v -0.006614 0.009088 -0.002282
v -0.006086 0.009476 -0.002282
v -0.005887 0.009759 -0.002839
v -0.006216 0.009653 -0.003396
v -0.006744 0.009265 -0.003396
v -0.006943 0.008983 -0.002839
v -0.006699 0.009278 -0.002320
v -0.006242 0.009614 -0.002320
v -0.006070 0.009859 -0.002802
v -0.006354 0.009767 -0.003284
v -0.006812 0.009431 -0.003284
v -0.006984 0.009187 -0.002802
v -0.006708 0.009493 -0.002496
v -0.006444 0.009687 -0.002496
v -0.006345 0.009828 -0.002775
v -0.006509 0.009775 -0.003053
v -0.006773 0.009581 -0.003053
v -0.006873 0.009440 -0.002775
v -0.006639 0.009675 -0.002765
v -0.006594 0.009117 -0.002338
v -0.006119 0.009466 -0.002338
v -0.005940 0.009720 -0.002839
v -0.006236 0.009625 -0.003340
v -0.006711 0.009275 -0.003340
v -0.006890 0.009021 -0.002839
v -0.007463 0.009257 -0.005925
v -0.006947 0.009661 -0.005925
v -0.006749 0.009939 -0.006484
v -0.007066 0.009812 -0.007043
v -0.007582 0.009408 -0.007043
v -0.007780 0.009130 -0.006484
v -0.007553 0.009443 -0.005967
v -0.007107 0.009793 -0.005967
v -0.006935 0.010034 -0.006451
v -0.007210 0.009924 -0.006935
v -0.007656 0.009574 -0.006935
v -0.007828 0.009334 -0.006451
v -0.007566 0.009654 -0.006148
v -0.007308 0.009856 -0.006148
v -0.007209 0.009995 -0.006427
v -0.007368 0.009932 -0.006707
v -0.007626 0.009730 -0.006707
v -0.007725 0.009591 -0.006427
v -0.007498 0.009833 -0.006419
v -0.007443 0.009284 -0.005980
v -0.006979 0.009648 -0.005980
v -0.006800 0.009899 -0.006484
v -0.007086 0.009785 -0.006987
v -0.007550 0.009421 -0.006987
v -0.007729 0.009171 -0.006484
v -0.008193 0.009431 -0.009535
v -0.007683 0.009841 -0.009535
v -0.007479 0.010110 -0.010096
v -0.007785 0.009968 -0.010658
v -0.008295 0.009558 -0.010658
v -0.008500 0.009289 -0.010096
v -0.008285 0.009615 -0.009582
v -0.007843 0.009971 -0.009582
v -0.007666 0.010204 -0.010069
v -0.007932 0.010081 -0.010555
v -0.008374 0.009725 -0.010555
v -0.008551 0.009492 -0.010069
v -0.008298 0.009822 -0.009768
v -0.008043 0.010027 -0.009768
v -0.007941 0.010162 -0.010049
v -0.008094 0.010091 -0.010329
v -0.008349 0.009885 -0.010329
v -0.008451 0.009751 -0.010049
v -0.008228 0.009996 -0.010041
v -0.008173 0.009457 -0.009591
v -0.007713 0.009827 -0.009591
v -0.007530 0.010069 -0.010096
v -0.007805 0.009942 -0.010602
v -0.008265 0.009572 -0.010602
v -0.008449 0.009330 -0.010096
v -0.009086 0.009364 -0.013118
v -0.008578 0.009777 -0.013118
v -0.008372 0.010043 -0.013680
v -0.008675 0.009897 -0.014243
v -0.009184 0.009484 -0.014243
v -0.009390 0.009217 -0.013680
v -0.009179 0.009547 -0.013167
v -0.008738 0.009905 -0.013167
v -0.008560 0.010136 -0.013654
v -0.008823 0.010009 -0.014141
v -0.009264 0.009651 -0.014141
v -0.009441 0.009421 -0.013654
v -0.009192 0.009753 -0.013354
v -0.008937 0.009960 -0.013354
v -0.008835 0.010093 -0.013635
v -0.008986 0.010020 -0.013916
v -0.009240 0.009813 -0.013916
v -0.009343 0.009680 -0.013635
v -0.009121 0.009926 -0.013628
v -0.009066 0.009390 -0.013174
v -0.008608 0.009762 -0.013174
v -0.008423 0.010002 -0.013680
v -0.008696 0.009870 -0.014187
v -0.009154 0.009498 -0.014187
v -0.009339 0.009258 -0.013680
v -0.009778 0.009371 -0.016770
v -0.009328 0.009846 -0.016770
v -0.009159 0.010138 -0.017332
v -0.009441 0.009954 -0.017894
v -0.009892 0.009478 -0.017894
v -0.010060 0.009187 -0.017332
v -0.009894 0.009541 -0.016819
v -0.009504 0.009953 -0.016819
v -0.009358 0.010205 -0.017306
v -0.009602 0.010046 -0.017793
v -0.009992 0.009634 -0.017793
v -0.010138 0.009382 -0.017306
v -0.009934 0.009744 -0.017006
v -0.009708 0.009981 -0.017006
v -0.009624 0.010127 -0.017287
v -0.009765 0.010035 -0.017568
v -0.009990 0.009797 -0.017568
v -0.010075 0.009652 -0.017287
v -0.009886 0.009924 -0.017279
v -0.009762 0.009400 -0.016826
v -0.009356 0.009828 -0.016826
v -0.009204 0.010090 -0.017332
v -0.009458 0.009925 -0.017838
v -0.009864 0.009497 -0.017838
v -0.010015 0.009234 -0.017332
v -0.010409 0.009432 -0.020402
v -0.009961 0.009910 -0.020402
v -0.009790 0.010199 -0.020965
v -0.010067 0.010010 -0.021527
v -0.010516 0.009532 -0.021527
v -0.010687 0.009244 -0.020965
v -0.010526 0.009602 -0.020453
v -0.010137 0.010015 -0.020453
v -0.009989 0.010265 -0.020940
v -0.010229 0.010102 -0.021427
v -0.010618 0.009688 -0.021427
v -0.010766 0.009438 -0.020940
v -0.010565 0.009803 -0.020640
v -0.010340 0.010042 -0.020640
v -0.010255 0.010186 -0.020922
v -0.010394 0.010092 -0.021203
v -0.010618 0.009853 -0.021203
v -0.010703 0.009709 -0.020922
v -0.010516 0.009982 -0.020915
v -0.010392 0.009461 -0.020458
v -0.009988 0.009891 -0.020458
v -0.009834 0.010151 -0.020965
v -0.010084 0.009981 -0.021471
v -0.010488 0.009551 -0.021471
v -0.010642 0.009291 -0.020965
v -0.010984 0.009557 -0.024107
v -0.010491 0.009988 -0.024107
v -0.010286 0.010251 -0.024671
v -0.010574 0.010083 -0.025235
v -0.011068 0.009652 -0.025235
v -0.011273 0.009389 -0.024671
v -0.011082 0.009736 -0.024161
v -0.010655 0.010109 -0.024161
v -0.010478 0.010337 -0.024649
v -0.010727 0.010192 -0.025137
v -0.011155 0.009819 -0.025137
v -0.011332 0.009591 -0.024649
v -0.011100 0.009938 -0.024352
v -0.010853 0.010153 -0.024352
v -0.010750 0.010285 -0.024633
v -0.010895 0.010201 -0.024915
v -0.011141 0.009985 -0.024915
v -0.011244 0.009854 -0.024633
v -0.011031 0.010108 -0.024628
v -0.010964 0.009583 -0.024163
v -0.010520 0.009971 -0.024163
v -0.010335 0.010208 -0.024671
v -0.010595 0.010057 -0.025178
v -0.011039 0.009669 -0.025178
v -0.011223 0.009432 -0.024671
v -0.011656 0.009393 -0.027807
v -0.011216 0.009879 -0.027807
v -0.011039 0.010161 -0.028372
v -0.011303 0.009957 -0.028936
v -0.011743 0.009472 -0.028936
v -0.011919 0.009190 -0.028372
v -0.011774 0.009559 -0.027863
v -0.011393 0.009980 -0.027863
v -0.011240 0.010224 -0.028352
v -0.011468 0.010048 -0.028841
v -0.011849 0.009628 -0.028841
v -0.012002 0.009383 -0.028352
v -0.011813 0.009757 -0.028055
v -0.011593 0.009999 -0.028055
v -0.011505 0.010140 -0.028337
v -0.011637 0.010039 -0.028619
v -0.011857 0.009796 -0.028619
v -0.011945 0.009655 -0.028337
v -0.011763 0.009932 -0.028332
v -0.011638 0.009421 -0.027864
v -0.011242 0.009858 -0.027864
v -0.011083 0.010112 -0.028372
v -0.011320 0.009929 -0.028880
v -0.011717 0.009492 -0.028880
v -0.011875 0.009238 -0.028372
v -0.005505 0.005584 0.012665
v -0.005062 0.006066 0.012665
v -0.004935 0.006394 0.012112
v -0.005252 0.006240 0.011560
v -0.005695 0.005758 0.011560
v -0.005822 0.005430 0.012112
v -0.005626 0.005754 0.012634
v -0.005242 0.006172 0.012634
v -0.005133 0.006456 0.012156
v -0.005407 0.006323 0.011677
v -0.005791 0.005905 0.011677
v -0.005901 0.005621 0.012156
v -0.005681 0.005967 0.012464
v -0.005459 0.006209 0.012464
v -0.005396 0.006373 0.012188
v -0.005554 0.006296 0.011912
v -0.005776 0.006055 0.011912
v -0.005839 0.005890 0.012188
v -0.005654 0.006166 0.012199
v -0.005493 0.005616 0.012610
v -0.005094 0.006051 0.012610
v -0.004979 0.006346 0.012112
v -0.005265 0.006208 0.011615
v -0.005664 0.005773 0.011615
v -0.005778 0.005478 0.012112
v -0.006500 0.005622 0.008997
v -0.006069 0.006115 0.008997
v -0.005946 0.006442 0.008443
v -0.006254 0.006276 0.007888
v -0.006685 0.005783 0.007888
v -0.006808 0.005455 0.008443
v -0.006625 0.005789 0.008964
v -0.006252 0.006216 0.008964
v -0.006145 0.006500 0.008484
v -0.006412 0.006356 0.008004
v -0.006785 0.005928 0.008004
v -0.006892 0.005645 0.008484
v -0.006684 0.005999 0.008791
v -0.006468 0.006246 0.008791
v -0.006407 0.006410 0.008514
v -0.006560 0.006326 0.008237
v -0.006776 0.006080 0.008237
v -0.006837 0.005916 0.008514
v -0.006660 0.006196 0.008526
v -0.006488 0.005654 0.008941
v -0.006100 0.006099 0.008941
v -0.005989 0.006393 0.008443
v -0.006266 0.006244 0.007944
v -0.006654 0.005799 0.007944
v -0.006765 0.005504 0.008443
v -0.007520 0.005606 0.005413
v -0.007102 0.006110 0.005413
v -0.006988 0.006441 0.004859
v -0.007292 0.006268 0.004305
v -0.007710 0.005763 0.004305
v -0.007824 0.005432 0.004859
v -0.007649 0.005770 0.005381
v -0.007287 0.006207 0.005381
v -0.007188 0.006494 0.004901
v -0.007452 0.006343 0.004421
v -0.007813 0.005906 0.004421
v -0.007912 0.005620 0.004901
v -0.007713 0.005979 0.005209
v -0.007504 0.006231 0.005209
v -0.007447 0.006397 0.004932
v -0.007599 0.006310 0.004655
v -0.007808 0.006057 0.004655
v -0.007865 0.005892 0.004932
v -0.007695 0.006176 0.004943
v -0.007508 0.005639 0.005358
v -0.007132 0.006093 0.005358
v -0.007029 0.006391 0.004859
v -0.007303 0.006235 0.004361
v -0.007679 0.005781 0.004361
v -0.007782 0.005483 0.004859
v -0.008468 0.005558 0.001828
v -0.008148 0.006130 0.001828
v -0.008100 0.006478 0.001275
v -0.008371 0.006254 0.000722
v -0.008690 0.005682 0.000722
v -0.008739 0.005334 0.001275
v -0.008625 0.005696 0.001797
v -0.008348 0.006191 0.001797
v -0.008306 0.006493 0.001318
v -0.008541 0.006299 0.000840
v -0.008817 0.005803 0.000840
v -0.008860 0.005502 0.001318
v -0.008727 0.005890 0.001626
v -0.008567 0.006176 0.001626
v -0.008543 0.006350 0.001350
v -0.008678 0.006238 0.001073
v -0.008838 0.005952 0.001073
v -0.008862 0.005778 0.001350
v -0.008747 0.006089 0.001362
v -0.008463 0.005592 0.001773
v -0.008175 0.006108 0.001773
v -0.008132 0.006421 0.001275
v -0.008375 0.006219 0.000777
v -0.008663 0.005704 0.000777
v -0.008707 0.005391 0.001275
v -0.009357 0.005654 -0.001755
v -0.009041 0.006228 -0.001755
v -0.008992 0.006574 -0.002309
v -0.009257 0.006347 -0.002863
v -0.009573 0.005773 -0.002863
v -0.009623 0.005426 -0.002309
v -0.009515 0.005791 -0.001787
v -0.009242 0.006288 -0.001787
v -0.009198 0.006588 -0.002267
v -0.009429 0.006391 -0.002747
v -0.009702 0.005894 -0.002747
v -0.009745 0.005594 -0.002267
v -0.009617 0.005984 -0.001959
v -0.009459 0.006271 -0.001959
v -0.009434 0.006444 -0.002236
v -0.009567 0.006330 -0.002513
v -0.009725 0.006043 -0.002513
v -0.009750 0.005870 -0.002236
v -0.009636 0.006181 -0.002225
v -0.009352 0.005688 -0.001810
v -0.009068 0.006205 -0.001810
v -0.009023 0.006517 -0.002309
v -0.009262 0.006312 -0.002807
v -0.009547 0.005795 -0.002807
v -0.009592 0.005483 -0.002309
v -0.010214 0.005701 -0.005351
v -0.009908 0.006280 -0.005351
v -0.009851 0.006621 -0.005908
v -0.010099 0.006381 -0.006465
v -0.010405 0.005802 -0.006465
v -0.010463 0.005462 -0.005908
v -0.010373 0.005835 -0.005389
v -0.010108 0.006337 -0.005389
v -0.010059 0.006631 -0.005871
v -0.010274 0.006424 -0.006354
v -0.010539 0.005922 -0.006354
v -0.010589 0.005628 -0.005871
v -0.010475 0.006024 -0.005566
v -0.010321 0.006314 -0.005566
v -0.010293 0.006484 -0.005845
v -0.010417 0.006364 -0.006123
v -0.010570 0.006075 -0.006123
v -0.010599 0.005904 -0.005845
v -0.010491 0.006218 -0.005835
v -0.010208 0.005735 -0.005407
v -0.009933 0.006257 -0.005407
v -0.009881 0.006563 -0.005908
v -0.010105 0.006348 -0.006410
v -0.010381 0.005826 -0.006410
v -0.010432 0.005520 -0.005908
v -0.010974 0.005767 -0.008969
v -0.010674 0.006350 -0.008969
v -0.010617 0.006688 -0.009526
v -0.010859 0.006445 -0.010084
v -0.011159 0.005862 -0.010084
v -0.011216 0.005523 -0.009526
v -0.011134 0.005899 -0.009008
v -0.010875 0.006403 -0.009008
v -0.010825 0.006697 -0.009491
v -0.011035 0.006486 -0.009974
v -0.011294 0.005981 -0.009974
v -0.011344 0.005687 -0.009491
v -0.011236 0.006086 -0.009187
v -0.011087 0.006377 -0.009187
v -0.011058 0.006547 -0.009465
v -0.011179 0.006425 -0.009744
v -0.011329 0.006133 -0.009744
v -0.011357 0.005964 -0.009465
v -0.011253 0.006279 -0.009456
v -0.010968 0.005801 -0.009024
v -0.010698 0.006325 -0.009024
v -0.010647 0.006630 -0.009526
v -0.010865 0.006411 -0.010029
v -0.011134 0.005886 -0.010029
v -0.011186 0.005581 -0.009526
v -0.011754 0.005709 -0.012617
v -0.011466 0.006298 -0.012617
v -0.011410 0.006635 -0.013176
v -0.011640 0.006383 -0.013735
v -0.011928 0.005794 -0.013735
v -0.011984 0.005457 -0.013176
v -0.011917 0.005837 -0.012659
v -0.011668 0.006347 -0.012659
v -0.011619 0.006639 -0.013144
v -0.011818 0.006421 -0.013628
v -0.012067 0.005911 -0.013628
v -0.012116 0.005619 -0.013144
v -0.012020 0.006021 -0.012840
v -0.011877 0.006316 -0.012840
v -0.011848 0.006484 -0.013120
v -0.011964 0.006358 -0.013399
v -0.012107 0.006064 -0.013399
v -0.012136 0.005895 -0.013120
v -0.012038 0.006212 -0.013111
v -0.011748 0.005743 -0.012673
v -0.011489 0.006273 -0.012673
v -0.011438 0.006576 -0.013176
v -0.011646 0.006349 -0.013680
v -0.011905 0.005819 -0.013680
v -0.011956 0.005516 -0.013176
v -0.012463 0.005695 -0.016289
v -0.012177 0.006285 -0.016289
v -0.012120 0.006621 -0.016849
v -0.012349 0.006368 -0.017408
v -0.012634 0.005778 -0.017408
v -0.012691 0.005442 -0.016849
v -0.012626 0.005823 -0.016332
v -0.012378 0.006333 -0.016332
v -0.012329 0.006625 -0.016816
v -0.012527 0.006405 -0.017301
v -0.012774 0.005895 -0.017301
v -0.012824 0.005603 -0.016816
v -0.012730 0.006006 -0.016513
v -0.012587 0.006301 -0.016513
v -0.012558 0.006469 -0.016793
v -0.012673 0.006343 -0.017072
v -0.012816 0.006048 -0.017072
v -0.012844 0.005880 -0.016793
v -0.012747 0.006197 -0.016784
v -0.012457 0.005728 -0.016345
v -0.012200 0.006259 -0.016345
v -0.012149 0.006562 -0.016849
v -0.012355 0.006334 -0.017352
v -0.012612 0.005803 -0.017352
v -0.012663 0.005500 -0.016849
v -0.013164 0.005654 -0.019992
v -0.012874 0.006241 -0.019992
v -0.012805 0.006572 -0.020552
v -0.013027 0.006317 -0.021113
v -0.013318 0.005730 -0.021113
v -0.013386 0.005398 -0.020552
v -0.013325 0.005782 -0.020038
v -0.013074 0.006291 -0.020038
v -0.013014 0.006578 -0.020523
v -0.013207 0.006357 -0.021009
v -0.013458 0.005848 -0.021009
v -0.013518 0.005561 -0.020523
v -0.013425 0.005966 -0.020222
v -0.013280 0.006259 -0.020222
v -0.013246 0.006425 -0.020502
v -0.013357 0.006297 -0.020783
v -0.013502 0.006004 -0.020783
v -0.013536 0.005838 -0.020502
v -0.013437 0.006154 -0.020494
v -0.013157 0.005687 -0.020047
v -0.012896 0.006215 -0.020047
v -0.012834 0.006514 -0.020552
v -0.013034 0.006284 -0.021057
v -0.013296 0.005755 -0.021057
v -0.013357 0.005457 -0.020552
v -0.013735 0.005726 -0.023723
v -0.013447 0.006314 -0.023723
v -0.013365 0.006639 -0.024286
v -0.013570 0.006374 -0.024850
v -0.013858 0.005786 -0.024850
v -0.013941 0.005462 -0.024286
v -0.013896 0.005853 -0.023775
v -0.013646 0.006363 -0.023775
v -0.013575 0.006644 -0.024263
v -0.013753 0.006415 -0.024751
v -0.014002 0.005906 -0.024751
v -0.014074 0.005625 -0.024263
v -0.013991 0.006034 -0.023965
v -0.013847 0.006328 -0.023965
v -0.013806 0.006490 -0.024246
v -0.013908 0.006358 -0.024528
v -0.014053 0.006064 -0.024528
v -0.014094 0.005902 -0.024246
v -0.013996 0.006218 -0.024240
v -0.013727 0.005758 -0.023779
v -0.013468 0.006288 -0.023779
v -0.013393 0.006580 -0.024286
v -0.013578 0.006342 -0.024793
v -0.013838 0.005812 -0.024793
v -0.013912 0.005520 -0.024286
v -0.014138 0.005868 -0.027873
v -0.013852 0.006457 -0.027873
v -0.013758 0.006775 -0.028438
v -0.013949 0.006504 -0.029003
v -0.014235 0.005915 -0.029003
v -0.014329 0.005596 -0.028438
v -0.014297 0.005994 -0.027931
v -0.014050 0.006504 -0.027931
v -0.013968 0.006780 -0.028420
v -0.014134 0.006545 -0.028909
v -0.014382 0.006035 -0.028909
v -0.014463 0.005759 -0.028420
v -0.014389 0.006171 -0.028124
v -0.014246 0.006466 -0.028124
v -0.014199 0.006625 -0.028406
v -0.014295 0.006490 -0.028689
v -0.014438 0.006195 -0.028689
v -0.014485 0.006036 -0.028406
v -0.014388 0.006353 -0.028401
v -0.014128 0.005899 -0.027929
v -0.013871 0.006430 -0.027929
v -0.013786 0.006717 -0.028438
v -0.013959 0.006473 -0.028947
v -0.014216 0.005942 -0.028947
v -0.014301 0.005655 -0.028438
v -0.007089 0.001474 0.012939
v -0.007010 0.002124 0.012939
v -0.007118 0.002468 0.012391
v -0.007305 0.002160 0.011844
v -0.007384 0.001510 0.011844
v -0.007276 0.001167 0.012391
v -0.007288 0.001542 0.012916
v -0.007219 0.002106 0.012916
v -0.007313 0.002403 0.012442
v -0.007475 0.002137 0.011967
v -0.007543 0.001573 0.011967
v -0.007450 0.001276 0.012442
v -0.007462 0.001684 0.012752
v -0.007423 0.002009 0.012752
v -0.007477 0.002181 0.012478
v -0.007570 0.002027 0.012205
v -0.007610 0.001702 0.012205
v -0.007556 0.001531 0.012478
v -0.007566 0.001862 0.012492
v -0.007100 0.001508 0.012884
v -0.007029 0.002094 0.012884
v -0.007126 0.002403 0.012391
v -0.007295 0.002126 0.011898
v -0.007366 0.001540 0.011898
v -0.007268 0.001231 0.012391
v -0.008087 0.001591 0.009268
v -0.008009 0.002242 0.009268
v -0.008114 0.002584 0.008720
v -0.008296 0.002276 0.008171
v -0.008374 0.001626 0.008171
v -0.008269 0.001283 0.008720
v -0.008285 0.001659 0.009244
v -0.008218 0.002223 0.009244
v -0.008309 0.002519 0.008769
v -0.008467 0.002252 0.008294
v -0.008534 0.001689 0.008294
v -0.008443 0.001392 0.008769
v -0.008459 0.001801 0.009079
v -0.008420 0.002126 0.009079
v -0.008473 0.002297 0.008805
v -0.008564 0.002143 0.008530
v -0.008603 0.001818 0.008530
v -0.008550 0.001647 0.008805
v -0.008561 0.001978 0.008818
v -0.008097 0.001625 0.009214
v -0.008027 0.002211 0.009214
v -0.008122 0.002519 0.008720
v -0.008286 0.002242 0.008226
v -0.008356 0.001656 0.008226
v -0.008261 0.001348 0.008720
v -0.009112 0.001703 0.005310
v -0.009036 0.002354 0.005310
v -0.009138 0.002696 0.004761
v -0.009315 0.002387 0.004211
v -0.009392 0.001736 0.004211
v -0.009290 0.001394 0.004761
v -0.009311 0.001771 0.005285
v -0.009245 0.002334 0.005285
v -0.009333 0.002630 0.004808
v -0.009487 0.002363 0.004332
v -0.009553 0.001799 0.004332
v -0.009465 0.001503 0.004808
v -0.009483 0.001912 0.005118
v -0.009445 0.002237 0.005118
v -0.009496 0.002408 0.004843
v -0.009585 0.002254 0.004569
v -0.009623 0.001928 0.004569
v -0.009572 0.001757 0.004843
v -0.009584 0.002088 0.004856
v -0.009122 0.001738 0.005256
v -0.009054 0.002323 0.005256
v -0.009145 0.002631 0.004761
v -0.009305 0.002353 0.004266
v -0.009374 0.001767 0.004266
v -0.009282 0.001459 0.004761
v -0.010037 0.001719 0.001684
v -0.009962 0.002370 0.001684
v -0.010059 0.002711 0.001132
v -0.010231 0.002401 0.000581
v -0.010305 0.001750 0.000581
v -0.010208 0.001409 0.001132
v -0.010235 0.001786 0.001656
v -0.010170 0.002350 0.001656
v -0.010254 0.002645 0.001178
v -0.010403 0.002377 0.000701
v -0.010468 0.001813 0.000701
v -0.010384 0.001518 0.001178
v -0.010406 0.001927 0.001487
v -0.010369 0.002252 0.001487
v -0.010418 0.002423 0.001212
v -0.010503 0.002268 0.000936
v -0.010541 0.001942 0.000936
v -0.010492 0.001772 0.001212
v -0.010505 0.002103 0.001224
v -0.010046 0.001753 0.001629
v -0.009979 0.002339 0.001629
v -0.010066 0.002646 0.001132
v -0.010221 0.002367 0.000636
v -0.010288 0.001781 0.000636
v -0.010201 0.001474 0.001132
v -0.010897 0.001821 -0.001915
v -0.010825 0.002472 -0.001915
v -0.010915 0.002812 -0.002468
v -0.011077 0.002500 -0.003021
v -0.011149 0.001849 -0.003021
v -0.011059 0.001509 -0.002468
v -0.011095 0.001887 -0.001946
v -0.011033 0.002451 -0.001946
v -0.011111 0.002745 -0.002425
v -0.011252 0.002475 -0.002904
v -0.011314 0.001911 -0.002904
v -0.011236 0.001617 -0.002425
v -0.011265 0.002026 -0.002117
v -0.011229 0.002352 -0.002117
v -0.011274 0.002522 -0.002394
v -0.011355 0.002366 -0.002670
v -0.011391 0.002040 -0.002670
v -0.011346 0.001871 -0.002394
v -0.011360 0.002202 -0.002382
v -0.010906 0.001855 -0.001970
v -0.010841 0.002441 -0.001970
v -0.010922 0.002747 -0.002468
v -0.011068 0.002466 -0.002966
v -0.011133 0.001880 -0.002966
v -0.011052 0.001574 -0.002468
v -0.011742 0.001915 -0.005865
v -0.011677 0.002567 -0.005865
v -0.011754 0.002904 -0.006422
v -0.011897 0.002589 -0.006978
v -0.011962 0.001937 -0.006978
v -0.011885 0.001600 -0.006422
v -0.011940 0.001979 -0.005902
v -0.011884 0.002544 -0.005902
v -0.011951 0.002836 -0.006384
v -0.012074 0.002563 -0.006866
v -0.012131 0.001998 -0.006866
v -0.012064 0.001707 -0.006384
v -0.012106 0.002116 -0.006078
v -0.012073 0.002442 -0.006078
v -0.012112 0.002611 -0.006357
v -0.012183 0.002453 -0.006635
v -0.012216 0.002127 -0.006635
v -0.012177 0.001959 -0.006357
v -0.012195 0.002290 -0.006347
v -0.011750 0.001949 -0.005921
v -0.011691 0.002536 -0.005921
v -0.011761 0.002839 -0.006422
v -0.011889 0.002556 -0.006923
v -0.011948 0.001969 -0.006923
v -0.011878 0.001665 -0.006422
v -0.012503 0.001981 -0.009532
v -0.012321 0.002610 -0.009532
v -0.012331 0.002954 -0.010090
v -0.012522 0.002668 -0.010648
v -0.012704 0.002039 -0.010648
v -0.012694 0.001695 -0.010090
v -0.012686 0.002079 -0.009571
v -0.012529 0.002624 -0.009571
v -0.012537 0.002922 -0.010054
v -0.012702 0.002675 -0.010538
v -0.012860 0.002129 -0.010538
v -0.012852 0.001832 -0.010054
v -0.012822 0.002243 -0.009750
v -0.012731 0.002558 -0.009750
v -0.012736 0.002730 -0.010029
v -0.012832 0.002587 -0.010307
v -0.012923 0.002272 -0.010307
v -0.012918 0.002101 -0.010029
v -0.012876 0.002429 -0.010019
v -0.012504 0.002015 -0.009588
v -0.012340 0.002582 -0.009588
v -0.012349 0.002891 -0.010090
v -0.012521 0.002634 -0.010592
v -0.012685 0.002067 -0.010592
v -0.012676 0.001758 -0.010090
v -0.013199 0.001960 -0.013180
v -0.013020 0.002590 -0.013180
v -0.013026 0.002933 -0.013739
v -0.013212 0.002645 -0.014297
v -0.013391 0.002015 -0.014297
v -0.013384 0.001672 -0.013739
v -0.013382 0.002058 -0.013221
v -0.013227 0.002604 -0.013221
v -0.013232 0.002900 -0.013705
v -0.013393 0.002651 -0.014189
v -0.013548 0.002105 -0.014189
v -0.013543 0.001808 -0.013705
v -0.013518 0.002221 -0.013401
v -0.013428 0.002536 -0.013401
v -0.013431 0.002707 -0.013680
v -0.013524 0.002563 -0.013960
v -0.013613 0.002248 -0.013960
v -0.013610 0.002077 -0.013680
v -0.013570 0.002406 -0.013671
v -0.013200 0.001994 -0.013236
v -0.013039 0.002562 -0.013236
v -0.013044 0.002870 -0.013739
v -0.013211 0.002611 -0.014242
v -0.013372 0.002043 -0.014242
v -0.013367 0.001735 -0.013739
v -0.013803 0.001942 -0.016816
v -0.013742 0.002595 -0.016816
v -0.013822 0.002931 -0.017372
v -0.013962 0.002615 -0.017929
v -0.014023 0.001963 -0.017929
v -0.013943 0.001626 -0.017372
v -0.014001 0.002005 -0.016853
v -0.013949 0.002570 -0.016853
v -0.014018 0.002861 -0.017335
v -0.014140 0.002587 -0.017817
v -0.014192 0.002022 -0.017817
v -0.014123 0.001731 -0.017335
v -0.014168 0.002141 -0.017029
v -0.014138 0.002467 -0.017029
v -0.014178 0.002635 -0.017307
v -0.014248 0.002477 -0.017585
v -0.014278 0.002151 -0.017585
v -0.014238 0.001983 -0.017307
v -0.014258 0.002313 -0.017297
v -0.013810 0.001976 -0.016871
v -0.013756 0.002563 -0.016871
v -0.013828 0.002866 -0.017372
v -0.013955 0.002582 -0.017873
v -0.014009 0.001994 -0.017873
v -0.013937 0.001691 -0.017372
v -0.014570 0.002009 -0.020517
v -0.014387 0.002638 -0.020517
v -0.014386 0.002979 -0.021077
v -0.014568 0.002691 -0.021636
v -0.014751 0.002062 -0.021636
v -0.014753 0.001721 -0.021077
v -0.014752 0.002108 -0.020560
v -0.014593 0.002652 -0.020560
v -0.014592 0.002947 -0.021045
v -0.014750 0.002698 -0.021529
v -0.014909 0.002153 -0.021529
v -0.014910 0.001858 -0.021045
v -0.014885 0.002271 -0.020741
v -0.014793 0.002586 -0.020741
v -0.014793 0.002756 -0.021021
v -0.014884 0.002612 -0.021301
v -0.014976 0.002298 -0.021301
v -0.014976 0.002127 -0.021021
v -0.014933 0.002456 -0.021013
v -0.014570 0.002043 -0.020573
v -0.014405 0.002609 -0.020573
v -0.014404 0.002916 -0.021077
v -0.014568 0.002657 -0.021580
v -0.014733 0.002090 -0.021580
v -0.014734 0.001783 -0.021077
v -0.015093 0.001880 -0.024154
v -0.015028 0.002532 -0.024154
v -0.015065 0.002865 -0.024717
v -0.015168 0.002546 -0.025280
v -0.015233 0.001894 -0.025280
v -0.015195 0.001561 -0.024717
v -0.015287 0.001943 -0.024205
v -0.015231 0.002508 -0.024205
v -0.015264 0.002796 -0.024693
v -0.015353 0.002520 -0.025180
v -0.015409 0.001956 -0.025180
v -0.015376 0.001667 -0.024693
v -0.015440 0.002079 -0.024394
v -0.015408 0.002405 -0.024394
v -0.015427 0.002572 -0.024675
v -0.015478 0.002412 -0.024957
v -0.015511 0.002086 -0.024957
v -0.015492 0.001920 -0.024675
v -0.015510 0.002251 -0.024669
v -0.015096 0.001913 -0.024210
v -0.015038 0.002500 -0.024210
v -0.015072 0.002800 -0.024717
v -0.015164 0.002513 -0.025224
v -0.015223 0.001926 -0.025224
v -0.015189 0.001626 -0.024717
v -0.015516 0.001811 -0.027980
v -0.015450 0.002463 -0.027980
v -0.015472 0.002795 -0.028545
v -0.015560 0.002474 -0.029110
v -0.015626 0.001822 -0.029110
v -0.015604 0.001491 -0.028545
v -0.015710 0.001875 -0.028037
v -0.015652 0.002439 -0.028037
v -0.015671 0.002727 -0.028527
v -0.015748 0.002449 -0.029016
v -0.015805 0.001885 -0.029016
v -0.015786 0.001598 -0.028527
v -0.015857 0.002010 -0.028230
v -0.015824 0.002336 -0.028230
v -0.015835 0.002502 -0.028513
v -0.015879 0.002342 -0.028795
v -0.015912 0.002016 -0.028795
v -0.015901 0.001850 -0.028513
v -0.015919 0.002181 -0.028508
v -0.015519 0.001844 -0.028037
v -0.015459 0.002431 -0.028037
v -0.015479 0.002730 -0.028545
v -0.015558 0.002441 -0.029054
v -0.015617 0.001854 -0.029054
v -0.015598 0.001556 -0.028545
v 0.003722 -0.012331 0.006150
v 0.004358 -0.012488 0.006150
v 0.004658 -0.012640 0.005587
v 0.004322 -0.012634 0.005025
v 0.003686 -0.012477 0.005025
v 0.003386 -0.012325 0.005587
v 0.003717 -0.012537 0.006100
v 0.004268 -0.012673 0.006100
v 0.004527 -0.012804 0.005612
v 0.004236 -0.012799 0.005125
v 0.003686 -0.012663 0.005125
v 0.003426 -0.012532 0.005612
v 0.003793 -0.012728 0.005912
v 0.004111 -0.012806 0.005912
v 0.004261 -0.012882 0.005631
v 0.004093 -0.012879 0.005350
v 0.003775 -0.012800 0.005350
v 0.003625 -0.012725 0.005631
v 0.003931 -0.012853 0.005638
v 0.003752 -0.012346 0.006094
v 0.004325 -0.012488 0.006094
v 0.004595 -0.012624 0.005587
v 0.004293 -0.012619 0.005081
v 0.003720 -0.012477 0.005081
v 0.003450 -0.012341 0.005587
v 0.002634 -0.012550 0.002545
v 0.003267 -0.012720 0.002545
v 0.003561 -0.012886 0.001984
v 0.003223 -0.012883 0.001423
v 0.002590 -0.012713 0.001423
v 0.002296 -0.012547 0.001984
v 0.002624 -0.012756 0.002499
v 0.003172 -0.012903 0.002499
v 0.003427 -0.013047 0.002013
v 0.003134 -0.013044 0.001527
v 0.002586 -0.012897 0.001527
v 0.002331 -0.012753 0.002013
v 0.002696 -0.012952 0.002314
v 0.003012 -0.013037 0.002314
v 0.003160 -0.013120 0.002033
v 0.002990 -0.013118 0.001753
v 0.002674 -0.013033 0.001753
v 0.002527 -0.012950 0.002033
v 0.002830 -0.013084 0.002041
v 0.002663 -0.012567 0.002489
v 0.003233 -0.012720 0.002489
v 0.003498 -0.012869 0.001984
v 0.003194 -0.012866 0.001479
v 0.002624 -0.012713 0.001479
v 0.002359 -0.012564 0.001984
v 0.001548 -0.012810 -0.001041
v 0.002178 -0.012991 -0.001041
v 0.002467 -0.013170 -0.001601
v 0.002127 -0.013169 -0.002160
v 0.001497 -0.012988 -0.002160
v 0.001207 -0.012809 -0.001601
v 0.001534 -0.013017 -0.001084
v 0.002080 -0.013173 -0.001084
v 0.002330 -0.013328 -0.001569
v 0.002036 -0.013327 -0.002054
v 0.001490 -0.013171 -0.002054
v 0.001240 -0.013015 -0.001569
v 0.001602 -0.013216 -0.001266
v 0.001917 -0.013306 -0.001266
v 0.002062 -0.013396 -0.001546
v 0.001891 -0.013395 -0.001826
v 0.001577 -0.013305 -0.001826
v 0.001432 -0.013215 -0.001546
v 0.001733 -0.013354 -0.001538
v 0.001577 -0.012828 -0.001096
v 0.002144 -0.012991 -0.001096
v 0.002404 -0.013152 -0.001601
v 0.002098 -0.013151 -0.002105
v 0.001531 -0.012988 -0.002105
v 0.001270 -0.012827 -0.001601
v 0.000272 -0.013021 -0.004513
v 0.000900 -0.013207 -0.004513
v 0.001189 -0.013386 -0.005074
v 0.000850 -0.013378 -0.005634
v 0.000222 -0.013191 -0.005634
v -0.000067 -0.013012 -0.005074
v 0.000257 -0.013227 -0.004558
v 0.000801 -0.013388 -0.004558
v 0.001051 -0.013543 -0.005044
v 0.000757 -0.013536 -0.005529
v 0.000213 -0.013374 -0.005529
v -0.000037 -0.013219 -0.005044
v 0.000323 -0.013425 -0.004741
v 0.000637 -0.013519 -0.004741
v 0.000781 -0.013608 -0.005022
v 0.000611 -0.013604 -0.005302
v 0.000297 -0.013510 -0.005302
v 0.000153 -0.013421 -0.005022
v 0.000453 -0.013563 -0.005014
v 0.000301 -0.013038 -0.004569
v 0.000866 -0.013207 -0.004569
v 0.001126 -0.013367 -0.005074
v 0.000821 -0.013360 -0.005578
v 0.000255 -0.013192 -0.005578
v -0.000004 -0.013031 -0.005074
v -0.000711 -0.013262 -0.008066
v -0.000087 -0.013461 -0.008066
v 0.000203 -0.013629 -0.008629
v -0.000131 -0.013597 -0.009192
v -0.000755 -0.013398 -0.009192
v -0.001045 -0.013230 -0.008629
v -0.000730 -0.013466 -0.008118
v -0.000190 -0.013639 -0.008118
v 0.000062 -0.013784 -0.008605
v -0.000228 -0.013757 -0.009093
v -0.000768 -0.013584 -0.009093
v -0.001020 -0.013439 -0.008605
v -0.000667 -0.013661 -0.008306
v -0.000355 -0.013760 -0.008306
v -0.000209 -0.013844 -0.008587
v -0.000376 -0.013828 -0.008869
v -0.000688 -0.013729 -0.008869
v -0.000834 -0.013645 -0.008587
v -0.000537 -0.013793 -0.008581
v -0.000682 -0.013279 -0.008123
v -0.000120 -0.013458 -0.008123
v 0.000141 -0.013609 -0.008629
v -0.000160 -0.013581 -0.009136
v -0.000722 -0.013401 -0.009136
v -0.000983 -0.013250 -0.008629
v -0.001590 -0.013441 -0.011713
v -0.000969 -0.013648 -0.011713
v -0.000680 -0.013817 -0.012276
v -0.001012 -0.013779 -0.012839
v -0.001634 -0.013572 -0.012839
v -0.001923 -0.013403 -0.012276
v -0.001612 -0.013645 -0.011765
v -0.001074 -0.013824 -0.011765
v -0.000823 -0.013971 -0.012253
v -0.001111 -0.013938 -0.012741
v -0.001650 -0.013758 -0.012741
v -0.001900 -0.013612 -0.012253
v -0.001550 -0.013839 -0.011954
v -0.001239 -0.013943 -0.011954
v -0.001095 -0.014027 -0.012236
v -0.001261 -0.014008 -0.012517
v -0.001572 -0.013905 -0.012517
v -0.001717 -0.013820 -0.012236
v -0.001422 -0.013972 -0.012229
v -0.001561 -0.013458 -0.011769
v -0.001002 -0.013645 -0.011769
v -0.000742 -0.013797 -0.012276
v -0.001041 -0.013762 -0.012783
v -0.001601 -0.013576 -0.012783
v -0.001861 -0.013424 -0.012276
v -0.002271 -0.013645 -0.015346
v -0.001657 -0.013873 -0.015346
v -0.001373 -0.014048 -0.015909
v -0.001703 -0.013996 -0.016473
v -0.002317 -0.013768 -0.016473
v -0.002601 -0.013593 -0.015909
v -0.002300 -0.013847 -0.015399
v -0.001768 -0.014045 -0.015399
v -0.001522 -0.014197 -0.015887
v -0.001807 -0.014152 -0.016375
v -0.002339 -0.013955 -0.016375
v -0.002585 -0.013802 -0.015887
v -0.002244 -0.014043 -0.015589
v -0.001937 -0.014157 -0.015589
v -0.001795 -0.014245 -0.015871
v -0.001960 -0.014219 -0.016152
v -0.002267 -0.014105 -0.016152
v -0.002409 -0.014017 -0.015871
v -0.002120 -0.014179 -0.015865
v -0.002243 -0.013662 -0.015402
v -0.001690 -0.013867 -0.015402
v -0.001434 -0.014026 -0.015909
v -0.001731 -0.013979 -0.016417
v -0.002284 -0.013774 -0.016417
v -0.002540 -0.013615 -0.015909
v -0.002954 -0.013813 -0.018977
v -0.002343 -0.014049 -0.018977
v -0.002059 -0.014222 -0.019541
v -0.002385 -0.014158 -0.020105
v -0.002997 -0.013922 -0.020105
v -0.003281 -0.013749 -0.019541
v -0.002985 -0.014014 -0.019032
v -0.002456 -0.014219 -0.019032
v -0.002210 -0.014368 -0.019521
v -0.002493 -0.014314 -0.020010
v -0.003022 -0.014109 -0.020010
v -0.003268 -0.013959 -0.019521
v -0.002931 -0.014208 -0.019224
v -0.002626 -0.014326 -0.019224
v -0.002484 -0.014413 -0.019506
v -0.002647 -0.014381 -0.019789
v -0.002953 -0.014263 -0.019789
v -0.003095 -0.014176 -0.019506
v -0.002808 -0.014342 -0.019501
v -0.002926 -0.013830 -0.019033
v -0.002376 -0.014042 -0.019033
v -0.002120 -0.014198 -0.019541
v -0.002414 -0.014141 -0.020049
v -0.002964 -0.013929 -0.020049
v -0.003220 -0.013773 -0.019541
v -0.003447 -0.013995 -0.022697
v -0.002838 -0.014237 -0.022697
v -0.002551 -0.014401 -0.023263
v -0.002872 -0.014324 -0.023828
v -0.003481 -0.014082 -0.023828
v -0.003769 -0.013917 -0.023263
v -0.003479 -0.014195 -0.022757
v -0.002952 -0.014405 -0.022757
v -0.002703 -0.014547 -0.023247
v -0.002982 -0.014480 -0.023737
v -0.003509 -0.014270 -0.023737
v -0.003758 -0.014128 -0.023247
v -0.003426 -0.014386 -0.022953
v -0.003122 -0.014507 -0.022953
v -0.002978 -0.014589 -0.023235
v -0.003139 -0.014550 -0.023518
v -0.003443 -0.014429 -0.023518
v -0.003587 -0.014347 -0.023235
v -0.003301 -0.014516 -0.023231
v -0.003418 -0.014012 -0.022754
v -0.002870 -0.014229 -0.022754
v -0.002612 -0.014377 -0.023263
v -0.002901 -0.014307 -0.023772
v -0.003449 -0.014089 -0.023772
v -0.003708 -0.013942 -0.023263
v 0.001193 -0.010756 0.010695
v 0.001807 -0.010985 0.010695
v 0.002086 -0.011174 0.010133
v 0.001752 -0.011133 0.009571
v 0.001138 -0.010904 0.009571
v 0.000859 -0.010716 0.010133
v 0.001164 -0.010960 0.010646
v 0.001696 -0.011158 0.010646
v 0.001938 -0.011322 0.010160
v 0.001648 -0.011287 0.009673
v 0.001116 -0.011088 0.009673
v 0.000874 -0.010925 0.010160
v 0.001217 -0.011160 0.010460
v 0.001524 -0.011274 0.010460
v 0.001664 -0.011368 0.010179
v 0.001497 -0.011348 0.009899
v 0.001190 -0.011234 0.009899
v 0.001050 -0.011139 0.010179
v 0.001339 -0.011302 0.010187
v 0.001221 -0.010775 0.010639
v 0.001774 -0.010981 0.010639
v 0.002025 -0.011151 0.010133
v 0.001724 -0.011115 0.009627
v 0.001171 -0.010908 0.009627
v 0.000920 -0.010739 0.010133
v 0.000204 -0.010900 0.007141
v 0.000811 -0.011147 0.007141
v 0.001081 -0.011352 0.006580
v 0.000745 -0.011310 0.006019
v 0.000138 -0.011063 0.006019
v -0.000132 -0.010858 0.006580
v 0.000169 -0.011103 0.007095
v 0.000694 -0.011317 0.007095
v 0.000928 -0.011495 0.006610
v 0.000637 -0.011458 0.006124
v 0.000111 -0.011244 0.006124
v -0.000123 -0.011067 0.006610
v 0.000215 -0.011307 0.006912
v 0.000519 -0.011431 0.006912
v 0.000654 -0.011533 0.006632
v 0.000486 -0.011512 0.006351
v 0.000182 -0.011389 0.006351
v 0.000047 -0.011286 0.006632
v 0.000331 -0.011457 0.006640
v 0.000231 -0.010920 0.007085
v 0.000777 -0.011143 0.007085
v 0.001021 -0.011327 0.006580
v 0.000718 -0.011289 0.006075
v 0.000171 -0.011067 0.006075
v -0.000072 -0.010882 0.006580
v -0.000883 -0.011041 0.003596
v -0.000280 -0.011297 0.003596
v -0.000016 -0.011514 0.003037
v -0.000355 -0.011474 0.002478
v -0.000958 -0.011217 0.002478
v -0.001222 -0.011000 0.003037
v -0.000922 -0.011244 0.003554
v -0.000400 -0.011466 0.003554
v -0.000171 -0.011654 0.003070
v -0.000465 -0.011619 0.002585
v -0.000987 -0.011397 0.002585
v -0.001215 -0.011209 0.003070
v -0.000879 -0.011451 0.003373
v -0.000578 -0.011579 0.003373
v -0.000446 -0.011688 0.003093
v -0.000616 -0.011667 0.002814
v -0.000917 -0.011539 0.002814
v -0.001049 -0.011431 0.003093
v -0.000767 -0.011606 0.003102
v -0.000856 -0.011062 0.003541
v -0.000314 -0.011293 0.003541
v -0.000076 -0.011488 0.003037
v -0.000381 -0.011452 0.002534
v -0.000924 -0.011221 0.002534
v -0.001162 -0.011026 0.003037
v -0.002067 -0.011187 0.000064
v -0.001467 -0.011449 0.000064
v -0.001206 -0.011672 -0.000495
v -0.001547 -0.011632 -0.001054
v -0.002147 -0.011370 -0.001054
v -0.002408 -0.011148 -0.000495
v -0.002108 -0.011391 0.000023
v -0.001588 -0.011617 0.000023
v -0.001362 -0.011810 -0.000461
v -0.001657 -0.011776 -0.000945
v -0.002177 -0.011549 -0.000945
v -0.002403 -0.011357 -0.000461
v -0.002068 -0.011599 -0.000157
v -0.001768 -0.011730 -0.000157
v -0.001638 -0.011841 -0.000436
v -0.001808 -0.011822 -0.000716
v -0.002108 -0.011691 -0.000716
v -0.002238 -0.011579 -0.000436
v -0.001958 -0.011757 -0.000427
v -0.002041 -0.011209 0.000008
v -0.001501 -0.011445 0.000008
v -0.001266 -0.011645 -0.000495
v -0.001572 -0.011610 -0.000998
v -0.002113 -0.011374 -0.000998
v -0.002348 -0.011174 -0.000495
v -0.003054 -0.011442 -0.003548
v -0.002459 -0.011716 -0.003548
v -0.002202 -0.011942 -0.004107
v -0.002541 -0.011893 -0.004666
v -0.003136 -0.011618 -0.004666
v -0.003392 -0.011393 -0.004107
v -0.003099 -0.011644 -0.003590
v -0.002584 -0.011882 -0.003590
v -0.002362 -0.012077 -0.004074
v -0.002654 -0.012034 -0.004559
v -0.003170 -0.011797 -0.004559
v -0.003392 -0.011602 -0.004074
v -0.003063 -0.011853 -0.003771
v -0.002766 -0.011990 -0.003771
v -0.002637 -0.012103 -0.004050
v -0.002806 -0.012078 -0.004330
v -0.003104 -0.011941 -0.004330
v -0.003232 -0.011828 -0.004050
v -0.002956 -0.012011 -0.004042
v -0.003029 -0.011464 -0.003604
v -0.002493 -0.011711 -0.003604
v -0.002262 -0.011914 -0.004107
v -0.002566 -0.011870 -0.004611
v -0.003102 -0.011623 -0.004611
v -0.003333 -0.011420 -0.004107
v -0.004138 -0.011571 -0.007157
v -0.003547 -0.011853 -0.007157
v -0.003289 -0.012073 -0.007717
v -0.003622 -0.012010 -0.008278
v -0.004213 -0.011728 -0.008278
v -0.004471 -0.011508 -0.007717
v -0.004186 -0.011772 -0.007202
v -0.003674 -0.012016 -0.007202
v -0.003450 -0.012207 -0.007688
v -0.003739 -0.012152 -0.008173
v -0.004251 -0.011907 -0.008173
v -0.004474 -0.011717 -0.007688
v -0.004151 -0.011978 -0.007386
v -0.003856 -0.012119 -0.007386
v -0.003727 -0.012229 -0.007666
v -0.003893 -0.012197 -0.007947
v -0.004189 -0.012056 -0.007947
v -0.004318 -0.011946 -0.007666
v -0.004044 -0.012133 -0.007658
v -0.004113 -0.011593 -0.007212
v -0.003580 -0.011847 -0.007212
v -0.003348 -0.012045 -0.007717
v -0.003648 -0.011988 -0.008222
v -0.004180 -0.011734 -0.008222
v -0.004412 -0.011536 -0.007717
v -0.005198 -0.011524 -0.010681
v -0.004645 -0.011876 -0.010681
v -0.004409 -0.012115 -0.011243
v -0.004725 -0.012002 -0.011806
v -0.005278 -0.011650 -0.011806
v -0.005514 -0.011411 -0.011243
v -0.005268 -0.011717 -0.010731
v -0.004790 -0.012022 -0.010731
v -0.004585 -0.012229 -0.011218
v -0.004859 -0.012131 -0.011705
v -0.005338 -0.011826 -0.011705
v -0.005542 -0.011619 -0.011218
v -0.005257 -0.011922 -0.010918
v -0.004981 -0.012098 -0.010918
v -0.004862 -0.012217 -0.011200
v -0.005021 -0.012161 -0.011481
v -0.005297 -0.011985 -0.011481
v -0.005415 -0.011865 -0.011200
v -0.005166 -0.012085 -0.011193
v -0.005174 -0.011548 -0.010737
v -0.004676 -0.011865 -0.010737
v -0.004464 -0.012080 -0.011243
v -0.004749 -0.011978 -0.011750
v -0.005246 -0.011661 -0.011750
v -0.005459 -0.011446 -0.011243
v -0.005613 -0.011845 -0.014356
v -0.005036 -0.012156 -0.014356
v -0.004781 -0.012373 -0.014919
v -0.005103 -0.012281 -0.015482
v -0.005680 -0.011971 -0.015482
v -0.005935 -0.011753 -0.014919
v -0.005669 -0.012043 -0.014407
v -0.005169 -0.012311 -0.014407
v -0.004949 -0.012500 -0.014895
v -0.005228 -0.012420 -0.015382
v -0.005727 -0.012151 -0.015382
v -0.005948 -0.011963 -0.014895
v -0.005642 -0.012245 -0.014596
v -0.005353 -0.012400 -0.014596
v -0.005226 -0.012509 -0.014877
v -0.005387 -0.012463 -0.015159
v -0.005676 -0.012308 -0.015159
v -0.005803 -0.012199 -0.014877
v -0.005539 -0.012399 -0.014871
v -0.005588 -0.011867 -0.014412
v -0.005068 -0.012146 -0.014412
v -0.004838 -0.012342 -0.014919
v -0.005128 -0.012259 -0.015426
v -0.005648 -0.011980 -0.015426
v -0.005878 -0.011784 -0.014919
v -0.006201 -0.012039 -0.018033
v -0.005630 -0.012359 -0.018033
v -0.005377 -0.012579 -0.018597
v -0.005696 -0.012478 -0.019160
v -0.006267 -0.012157 -0.019160
v -0.006520 -0.011938 -0.018597
v -0.006261 -0.012235 -0.018086
v -0.005766 -0.012512 -0.018086
v -0.005547 -0.012702 -0.018574
v -0.005823 -0.012615 -0.019062
v -0.006318 -0.012337 -0.019062
v -0.006537 -0.012147 -0.018574
v -0.006237 -0.012437 -0.018275
v -0.005951 -0.012597 -0.018275
v -0.005825 -0.012707 -0.018557
v -0.005984 -0.012656 -0.018839
v -0.006270 -0.012496 -0.018839
v -0.006396 -0.012386 -0.018557
v -0.006135 -0.012591 -0.018551
v -0.006176 -0.012061 -0.018090
v -0.005661 -0.012349 -0.018090
v -0.005434 -0.012547 -0.018597
v -0.005721 -0.012456 -0.019104
v -0.006236 -0.012167 -0.019104
v -0.006463 -0.011970 -0.018597
v -0.006989 -0.012059 -0.021643
v -0.006423 -0.012388 -0.021643
v -0.006168 -0.012602 -0.022208
v -0.006480 -0.012488 -0.022772
v -0.007047 -0.012158 -0.022772
v -0.007301 -0.011944 -0.022208
v -0.007051 -0.012253 -0.021699
v -0.006561 -0.012538 -0.021699
v -0.006340 -0.012724 -0.022188
v -0.006611 -0.012624 -0.022677
v -0.007101 -0.012339 -0.022677
v -0.007322 -0.012154 -0.022188
v -0.007029 -0.012453 -0.021892
v -0.006745 -0.012617 -0.021892
v -0.006618 -0.012724 -0.022174
v -0.006774 -0.012667 -0.022456
v -0.007057 -0.012502 -0.022456
v -0.007185 -0.012395 -0.022174
v -0.006927 -0.012604 -0.022169
v -0.006964 -0.012081 -0.021699
v -0.006454 -0.012377 -0.021699
v -0.006225 -0.012570 -0.022208
v -0.006506 -0.012466 -0.022716
v -0.007016 -0.012170 -0.022716
v -0.007245 -0.011977 -0.022208
v -0.007878 -0.011954 -0.025287
v -0.007313 -0.012286 -0.025287
v -0.007057 -0.012497 -0.025852
v -0.007367 -0.012378 -0.026417
v -0.007932 -0.012046 -0.026417
v -0.008187 -0.011834 -0.025852
v -0.007940 -0.012147 -0.025345
v -0.007451 -0.012435 -0.025345
v -0.007230 -0.012618 -0.025834
v -0.007498 -0.012514 -0.026323
v -0.007987 -0.012227 -0.026323
v -0.008208 -0.012044 -0.025834
v -0.007918 -0.012346 -0.025538
v -0.007635 -0.012512 -0.025538
v -0.007507 -0.012618 -0.025821
v -0.007662 -0.012558 -0.026103
v -0.007945 -0.012392 -0.026103
v -0.008072 -0.012286 -0.025821
v -0.007816 -0.012496 -0.025816
v -0.007852 -0.011975 -0.025343
v -0.007343 -0.012274 -0.025343
v -0.007113 -0.012464 -0.025852
v -0.007392 -0.012356 -0.026361
v -0.007901 -0.012058 -0.026361
v -0.008131 -0.011867 -0.025852
v -0.002344 -0.008560 0.011987
v -0.001786 -0.008903 0.011987
v -0.001552 -0.009148 0.011426
v -0.001876 -0.009049 0.010865
v -0.002434 -0.008705 0.010865
v -0.002668 -0.008460 0.011426
v -0.002413 -0.008754 0.011941
v -0.001930 -0.009052 0.011941
v -0.001727 -0.009264 0.011455
v -0.002007 -0.009178 0.010969
v -0.002490 -0.008880 0.010969
v -0.002693 -0.008668 0.011455
v -0.002400 -0.008962 0.011757
v -0.002121 -0.009134 0.011757
v -0.002004 -0.009256 0.011476
v -0.002166 -0.009207 0.011196
v -0.002445 -0.009035 0.011196
v -0.002562 -0.008913 0.011476
v -0.002310 -0.009128 0.011484
v -0.002321 -0.008584 0.011931
v -0.001819 -0.008893 0.011931
v -0.001608 -0.009114 0.011426
v -0.001899 -0.009024 0.010921
v -0.002402 -0.008715 0.010921
v -0.002612 -0.008495 0.011426
v -0.003377 -0.008589 0.008445
v -0.002827 -0.008944 0.008445
v -0.002607 -0.009207 0.007887
v -0.002937 -0.009116 0.007329
v -0.003488 -0.008761 0.007329
v -0.003708 -0.008497 0.007887
v -0.003450 -0.008783 0.008405
v -0.002973 -0.009090 0.008405
v -0.002783 -0.009318 0.007921
v -0.003069 -0.009239 0.007438
v -0.003546 -0.008932 0.007438
v -0.003737 -0.008704 0.007921
v -0.003445 -0.008996 0.008226
v -0.003169 -0.009173 0.008226
v -0.003059 -0.009305 0.007947
v -0.003225 -0.009259 0.007668
v -0.003500 -0.009082 0.007668
v -0.003610 -0.008950 0.007947
v -0.003362 -0.009170 0.007956
v -0.003355 -0.008615 0.008389
v -0.002859 -0.008934 0.008389
v -0.002661 -0.009172 0.007887
v -0.002959 -0.009089 0.007384
v -0.003455 -0.008770 0.007384
v -0.003653 -0.008533 0.007887
v -0.004444 -0.008679 0.004852
v -0.003901 -0.009044 0.004852
v -0.003689 -0.009317 0.004295
v -0.004021 -0.009224 0.003738
v -0.004565 -0.008859 0.003738
v -0.004777 -0.008586 0.004295
v -0.004521 -0.008872 0.004814
v -0.004050 -0.009188 0.004814
v -0.003867 -0.009424 0.004331
v -0.004155 -0.009344 0.003849
v -0.004626 -0.009028 0.003849
v -0.004809 -0.008792 0.004331
v -0.004521 -0.009086 0.004637
v -0.004249 -0.009269 0.004637
v -0.004143 -0.009405 0.004358
v -0.004309 -0.009359 0.004080
v -0.004581 -0.009176 0.004080
v -0.004687 -0.009040 0.004358
v -0.004443 -0.009265 0.004368
v -0.004423 -0.008706 0.004796
v -0.003934 -0.009035 0.004796
v -0.003743 -0.009280 0.004295
v -0.004042 -0.009197 0.003793
v -0.004532 -0.008868 0.003793
v -0.004723 -0.008622 0.004295
v -0.005576 -0.008717 0.001308
v -0.005042 -0.009096 0.001308
v -0.004839 -0.009376 0.000752
v -0.005171 -0.009277 0.000195
v -0.005705 -0.008897 0.000195
v -0.005908 -0.008617 0.000752
v -0.005659 -0.008908 0.001271
v -0.005196 -0.009236 0.001271
v -0.005020 -0.009479 0.000789
v -0.005307 -0.009393 0.000307
v -0.005770 -0.009064 0.000307
v -0.005945 -0.008822 0.000789
v -0.005664 -0.009123 0.001095
v -0.005397 -0.009313 0.001095
v -0.005296 -0.009453 0.000817
v -0.005461 -0.009403 0.000539
v -0.005728 -0.009213 0.000539
v -0.005830 -0.009073 0.000817
v -0.005592 -0.009304 0.000827
v -0.005556 -0.008744 0.001253
v -0.005075 -0.009086 0.001253
v -0.004893 -0.009338 0.000752
v -0.005191 -0.009249 0.000251
v -0.005672 -0.008907 0.000251
v -0.005855 -0.008655 0.000752
v -0.006614 -0.008805 -0.002282
v -0.006086 -0.009193 -0.002282
v -0.005887 -0.009475 -0.002839
v -0.006216 -0.009369 -0.003396
v -0.006744 -0.008981 -0.003396
v -0.006943 -0.008699 -0.002839
v -0.006699 -0.008995 -0.002320
v -0.006242 -0.009331 -0.002320
v -0.006070 -0.009575 -0.002802
v -0.006354 -0.009483 -0.003284
v -0.006812 -0.009147 -0.003284
v -0.006984 -0.008903 -0.002802
v -0.006708 -0.009209 -0.002496
v -0.006444 -0.009403 -0.002496
v -0.006345 -0.009545 -0.002775
v -0.006509 -0.009492 -0.003053
v -0.006773 -0.009298 -0.003053
v -0.006873 -0.009157 -0.002775
v -0.006639 -0.009391 -0.002765
v -0.006594 -0.008833 -0.002338
v -0.006119 -0.009182 -0.002338
v -0.005940 -0.009436 -0.002839
v -0.006236 -0.009341 -0.003340
v -0.006711 -0.008992 -0.003340
v -0.006890 -0.008738 -0.002839
v -0.007463 -0.008973 -0.005925
v -0.006947 -0.009378 -0.005925
v -0.006749 -0.009655 -0.006484
v -0.007066 -0.009529 -0.007043
v -0.007582 -0.009125 -0.007043
v -0.007780 -0.008847 -0.006484
v -0.007553 -0.009160 -0.005967
v -0.007107 -0.009510 -0.005967
v -0.006935 -0.009750 -0.006451
v -0.007210 -0.009641 -0.006935
v -0.007656 -0.009291 -0.006935
v -0.007828 -0.009050 -0.006451
v -0.007566 -0.009371 -0.006148
v -0.007308 -0.009573 -0.006148
v -0.007209 -0.009712 -0.006427
v -0.007368 -0.009648 -0.006707
v -0.007626 -0.009446 -0.006707
v -0.007725 -0.009307 -0.006427
v -0.007498 -0.009549 -0.006419
v -0.007443 -0.009001 -0.005980
v -0.006979 -0.009365 -0.005980
v -0.006800 -0.009615 -0.006484
v -0.007086 -0.009501 -0.006987
v -0.007550 -0.009137 -0.006987
v -0.007729 -0.008887 -0.006484
v -0.008193 -0.009147 -0.009535
v -0.007683 -0.009558 -0.009535
v -0.007479 -0.009827 -0.010096
v -0.007785 -0.009685 -0.010658
v -0.008295 -0.009274 -0.010658
v -0.008500 -0.009005 -0.010096
v -0.008285 -0.009332 -0.009582
v -0.007843 -0.009687 -0.009582
v -0.007666 -0.009920 -0.010069
v -0.007932 -0.009797 -0.010555
v -0.008374 -0.009441 -0.010555
v -0.008551 -0.009209 -0.010069
v -0.008298 -0.009539 -0.009768
v -0.008043 -0.009744 -0.009768
v -0.007941 -0.009878 -0.010049
v -0.008094 -0.009807 -0.010329
v -0.008349 -0.009602 -0.010329
v -0.008451 -0.009468 -0.010049
v -0.008228 -0.009713 -0.010041
v -0.008173 -0.009174 -0.009591
v -0.007713 -0.009544 -0.009591
v -0.007530 -0.009786 -0.010096
v -0.007805 -0.009658 -0.010602
v -0.008265 -0.009288 -0.010602
v -0.008449 -0.009046 -0.010096
v -0.009086 -0.009080 -0.013118
v -0.008578 -0.009493 -0.013118
v -0.008372 -0.009760 -0.013680
v -0.008675 -0.009613 -0.014243
v -0.009184 -0.009200 -0.014243
v -0.009390 -0.008934 -0.013680
v -0.009179 -0.009264 -0.013167
v -0.008738 -0.009621 -0.013167
v -0.008560 -0.009852 -0.013654
v -0.008823 -0.009726 -0.014141
v -0.009264 -0.009368 -0.014141
v -0.009441 -0.009137 -0.013654
v -0.009192 -0.009470 -0.013354
v -0.008937 -0.009676 -0.013354
v -0.008835 -0.009809 -0.013635
v -0.008986 -0.009736 -0.013916
v -0.009240 -0.009530 -0.013916
v -0.009343 -0.009397 -0.013635
v -0.009121 -0.009643 -0.013628
v -0.009066 -0.009107 -0.013174
v -0.008608 -0.009478 -0.013174
v -0.008423 -0.009719 -0.013680
v -0.008696 -0.009587 -0.014187
v -0.009154 -0.009215 -0.014187
v -0.009339 -0.008975 -0.013680
v -0.009778 -0.009087 -0.016770
v -0.009328 -0.009563 -0.016770
v -0.009159 -0.009854 -0.017332
v -0.009441 -0.009670 -0.017894
v -0.009892 -0.009195 -0.017894
v -0.010060 -0.008903 -0.017332
v -0.009894 -0.009258 -0.016819
v -0.009504 -0.009669 -0.016819
v -0.009358 -0.009922 -0.017306
v -0.009602 -0.009762 -0.017793
v -0.009992 -0.009350 -0.017793
v -0.010138 -0.009098 -0.017306
v -0.009934 -0.009460 -0.017006
v -0.009708 -0.009698 -0.017006
v -0.009624 -0.009844 -0.017287
v -0.009765 -0.009752 -0.017568
v -0.009990 -0.009514 -0.017568
v -0.010075 -0.009368 -0.017287
v -0.009886 -0.009641 -0.017279
v -0.009762 -0.009116 -0.016826
v -0.009356 -0.009545 -0.016826
v -0.009204 -0.009807 -0.017332
v -0.009458 -0.009641 -0.017838
v -0.009864 -0.009213 -0.017838
v -0.010015 -0.008951 -0.017332
v -0.010409 -0.009149 -0.020402
v -0.009961 -0.009626 -0.020402
v -0.009790 -0.009915 -0.020965
v -0.010067 -0.009726 -0.021527
v -0.010516 -0.009249 -0.021527
v -0.010687 -0.008960 -0.020965
v -0.010526 -0.009318 -0.020453
v -0.010137 -0.009732 -0.020453
v -0.009989 -0.009982 -0.020940
v -0.010229 -0.009818 -0.021427
v -0.010618 -0.009405 -0.021427
v -0.010766 -0.009155 -0.020940
v -0.010565 -0.009519 -0.020640
v -0.010340 -0.009758 -0.020640
v -0.010255 -0.009903 -0.020922
v -0.010394 -0.009808 -0.021203
v -0.010618 -0.009569 -0.021203
v -0.010703 -0.009425 -0.020922
v -0.010516 -0.009699 -0.020915
v -0.010392 -0.009178 -0.020458
v -0.009988 -0.009608 -0.020458
v -0.009834 -0.009868 -0.020965
v -0.010084 -0.009698 -0.021471
v -0.010488 -0.009268 -0.021471
v -0.010642 -0.009008 -0.020965
v -0.010984 -0.009273 -0.024107
v -0.010491 -0.009704 -0.024107
v -0.010286 -0.009968 -0.024671
v -0.010574 -0.009800 -0.025235
v -0.011068 -0.009369 -0.025235
v -0.011273 -0.009106 -0.024671
v -0.011082 -0.009453 -0.024161
v -0.010655 -0.009826 -0.024161
v -0.010478 -0.010054 -0.024649
v -0.010727 -0.009909 -0.025137
v -0.011155 -0.009535 -0.025137
v -0.011332 -0.009307 -0.024649
v -0.011100 -0.009654 -0.024352
v -0.010853 -0.009870 -0.024352
v -0.010750 -0.010001 -0.024633
v -0.010895 -0.009918 -0.024915
v -0.011141 -0.009702 -0.024915
v -0.011244 -0.009570 -0.024633
v -0.011031 -0.009824 -0.024628
v -0.010964 -0.009300 -0.024163
v -0.010520 -0.009688 -0.024163
v -0.010335 -0.009925 -0.024671
v -0.010595 -0.009774 -0.025178
v -0.011039 -0.009386 -0.025178
v -0.011223 -0.009148 -0.024671
v -0.011656 -0.009110 -0.027807
v -0.011216 -0.009595 -0.027807
v -0.011039 -0.009877 -0.028372
v -0.011303 -0.009674 -0.028936
v -0.011743 -0.009188 -0.028936
v -0.011919 -0.008906 -0.028372
v -0.011774 -0.009276 -0.027863
v -0.011393 -0.009696 -0.027863
v -0.011240 -0.009941 -0.028352
v -0.011468 -0.009765 -0.028841
v -0.011849 -0.009344 -0.028841
v -0.012002 -0.009100 -0.028352
v -0.011813 -0.009473 -0.028055
v -0.011593 -0.009716 -0.028055
v -0.011505 -0.009857 -0.028337
v -0.011637 -0.009755 -0.028619
v -0.011857 -0.009513 -0.028619
v -0.011945 -0.009372 -0.028337
v -0.011763 -0.009649 -0.028332
v -0.011638 -0.009138 -0.027864
v -0.011242 -0.009575 -0.027864
v -0.011083 -0.009829 -0.028372
v -0.011320 -0.009646 -0.028880
v -0.011717 -0.009209 -0.028880
v -0.011875 -0.008955 -0.028372
v -0.005505 -0.005300 0.012665
v -0.005062 -0.005782 0.012665
v -0.004935 -0.006111 0.012112
v -0.005252 -0.005957 0.011560
v -0.005695 -0.005475 0.011560
v -0.005822 -0.005146 0.012112
v -0.005626 -0.005471 0.012634
v -0.005242 -0.005889 0.012634
v -0.005133 -0.006173 0.012156
v -0.005407 -0.006040 0.011677
v -0.005791 -0.005622 0.011677
v -0.005901 -0.005338 0.012156
v -0.005681 -0.005684 0.012464
v -0.005459 -0.005925 0.012464
v -0.005396 -0.006089 0.012188
v -0.005554 -0.006012 0.011912
v -0.005776 -0.005771 0.011912
v -0.005839 -0.005607 0.012188
v -0.005654 -0.005882 0.012199
v -0.005493 -0.005333 0.012610
v -0.005094 -0.005767 0.012610
v -0.004979 -0.006063 0.012112
v -0.005265 -0.005924 0.011615
v -0.005664 -0.005490 0.011615
v -0.005778 -0.005194 0.012112
v -0.006500 -0.005338 0.008997
v -0.006069 -0.005832 0.008997
v -0.005946 -0.006159 0.008443
v -0.006254 -0.005993 0.007888
v -0.006685 -0.005499 0.007888
v -0.006808 -0.005172 0.008443
v -0.006625 -0.005505 0.008964
v -0.006252 -0.005933 0.008964
v -0.006145 -0.006216 0.008484
v -0.006412 -0.006072 0.008004
v -0.006785 -0.005645 0.008004
v -0.006892 -0.005361 0.008484
v -0.006684 -0.005716 0.008791
v -0.006468 -0.005962 0.008791
v -0.006407 -0.006126 0.008514
v -0.006560 -0.006043 0.008237
v -0.006776 -0.005796 0.008237
v -0.006837 -0.005633 0.008514
v -0.006660 -0.005912 0.008526
v -0.006488 -0.005371 0.008941
v -0.006100 -0.005815 0.008941
v -0.005989 -0.006110 0.008443
v -0.006266 -0.005960 0.007944
v -0.006654 -0.005516 0.007944
v -0.006765 -0.005221 0.008443
v -0.007520 -0.005322 0.005413
v -0.007102 -0.005827 0.005413
v -0.006988 -0.006158 0.004859
v -0.007292 -0.005984 0.004305
v -0.007710 -0.005480 0.004305
v -0.007824 -0.005149 0.004859
v -0.007649 -0.005486 0.005381
v -0.007287 -0.005923 0.005381
v -0.007188 -0.006210 0.004901
v -0.007452 -0.006060 0.004421
v -0.007813 -0.005623 0.004421
v -0.007912 -0.005336 0.004901
v -0.007713 -0.005695 0.005209
v -0.007504 -0.005948 0.005209
v -0.007447 -0.006113 0.004932
v -0.007599 -0.006026 0.004655
v -0.007808 -0.005774 0.004655
v -0.007865 -0.005608 0.004932
v -0.007695 -0.005893 0.004943
v -0.007508 -0.005355 0.005358
v -0.007132 -0.005810 0.005358
v -0.007029 -0.006108 0.004859
v -0.007303 -0.005951 0.004361
v -0.007679 -0.005497 0.004361
v -0.007782 -0.005199 0.004859
v -0.008468 -0.005274 0.001828
v -0.008148 -0.005846 0.001828
v -0.008100 -0.006194 0.001275
v -0.008371 -0.005971 0.000722
v -0.008690 -0.005399 0.000722
v -0.008739 -0.005050 0.001275
v -0.008625 -0.005412 0.001797
v -0.008348 -0.005908 0.001797
v -0.008306 -0.006209 0.001318
v -0.008541 -0.006015 0.000840
v -0.008817 -0.005520 0.000840
v -0.008860 -0.005218 0.001318
v -0.008727 -0.005607 0.001626
v -0.008567 -0.005893 0.001626
v -0.008543 -0.006067 0.001350
v -0.008678 -0.005955 0.001073
v -0.008838 -0.005669 0.001073
v -0.008862 -0.005495 0.001350
v -0.008747 -0.005805 0.001362
v -0.008463 -0.005309 0.001773
v -0.008175 -0.005824 0.001773
v -0.008132 -0.006137 0.001275
v -0.008375 -0.005936 0.000777
v -0.008663 -0.005421 0.000777
v -0.008707 -0.005107 0.001275
v -0.009357 -0.005370 -0.001755
v -0.009041 -0.005944 -0.001755
v -0.008992 -0.006291 -0.002309
v -0.009257 -0.006063 -0.002863
v -0.009573 -0.005489 -0.002863
v -0.009623 -0.005143 -0.002309
v -0.009515 -0.005507 -0.001787
v -0.009242 -0.006004 -0.001787
v -0.009198 -0.006304 -0.002267
v -0.009429 -0.006107 -0.002747
v -0.009702 -0.005610 -0.002747
v -0.009745 -0.005310 -0.002267
v -0.009617 -0.005700 -0.001959
v -0.009459 -0.005987 -0.001959
v -0.009434 -0.006161 -0.002236
v -0.009567 -0.006047 -0.002513
v -0.009725 -0.005760 -0.002513
v -0.009750 -0.005587 -0.002236
v -0.009636 -0.005898 -0.002225
v -0.009352 -0.005405 -0.001810
v -0.009068 -0.005922 -0.001810
v -0.009023 -0.006234 -0.002309
v -0.009262 -0.006029 -0.002807
v -0.009547 -0.005512 -0.002807
v -0.009592 -0.005200 -0.002309
v -0.010214 -0.005418 -0.005351
v -0.009908 -0.005997 -0.005351
v -0.009851 -0.006337 -0.005908
v -0.010099 -0.006098 -0.006465
v -0.010405 -0.005519 -0.006465
v -0.010463 -0.005179 -0.005908
v -0.010373 -0.005551 -0.005389
v -0.010108 -0.006053 -0.005389
v -0.010059 -0.006348 -0.005871
v -0.010274 -0.006141 -0.006354
v -0.010539 -0.005639 -0.006354
v -0.010589 -0.005344 -0.005871
v -0.010475 -0.005741 -0.005566
v -0.010321 -0.006030 -0.005566
v -0.010293 -0.006200 -0.005845
v -0.010417 -0.006081 -0.006123
v -0.010570 -0.005791 -0.006123
v -0.010599 -0.005621 -0.005845
v -0.010491 -0.005934 -0.005835
v -0.010208 -0.005451 -0.005407
v -0.009933 -0.005973 -0.005407
v -0.009881 -0.006279 -0.005908
v -0.010105 -0.006064 -0.006410
v -0.010381 -0.005543 -0.006410
v -0.010432 -0.005236 -0.005908
v -0.010974 -0.005483 -0.008969
v -0.010674 -0.006066 -0.008969
v -0.010617 -0.006405 -0.009526
v -0.010859 -0.006161 -0.010084
v -0.011159 -0.005578 -0.010084
v -0.011216 -0.005240 -0.009526
v -0.011134 -0.005615 -0.009008
v -0.010875 -0.006120 -0.009008
v -0.010825 -0.006413 -0.009491
v -0.011035 -0.006202 -0.009974
v -0.011294 -0.005697 -0.009974
v -0.011344 -0.005404 -0.009491
v -0.011236 -0.005803 -0.009187
v -0.011087 -0.006094 -0.009187
v -0.011058 -0.006263 -0.009465
v -0.011179 -0.006141 -0.009744
v -0.011329 -0.005850 -0.009744
v -0.011357 -0.005681 -0.009465
v -0.011253 -0.005995 -0.009456
v -0.010968 -0.005517 -0.009024
v -0.010698 -0.006042 -0.009024
v -0.010647 -0.006347 -0.009526
v -0.010865 -0.006127 -0.010029
v -0.011134 -0.005603 -0.010029
v -0.011186 -0.005298 -0.009526
v -0.011754 -0.005426 -0.012617
v -0.011466 -0.006014 -0.012617
v -0.011410 -0.006351 -0.013176
v -0.011640 -0.006099 -0.013735
v -0.011928 -0.005510 -0.013735
v -0.011984 -0.005174 -0.013176
v -0.011917 -0.005554 -0.012659
v -0.011668 -0.006064 -0.012659
v -0.011619 -0.006355 -0.013144
v -0.011818 -0.006137 -0.013628
v -0.012067 -0.005627 -0.013628
v -0.012116 -0.005336 -0.013144
v -0.012020 -0.005738 -0.012840
v -0.011877 -0.006032 -0.012840
v -0.011848 -0.006201 -0.013120
v -0.011964 -0.006075 -0.013399
v -0.012107 -0.005780 -0.013399
v -0.012136 -0.005612 -0.013120
v -0.012038 -0.005929 -0.013111
v -0.011748 -0.005459 -0.012673
v -0.011489 -0.005989 -0.012673
v -0.011438 -0.006293 -0.013176
v -0.011646 -0.006066 -0.013680
v -0.011905 -0.005536 -0.013680
v -0.011956 -0.005232 -0.013176
v -0.012463 -0.005411 -0.016289
v -0.012177 -0.006001 -0.016289
v -0.012120 -0.006338 -0.016849
v -0.012349 -0.006084 -0.017408
v -0.012634 -0.005495 -0.017408
v -0.012691 -0.005158 -0.016849
v -0.012626 -0.005539 -0.016332
v -0.012378 -0.006050 -0.016332
v -0.012329 -0.006341 -0.016816
v -0.012527 -0.006122 -0.017301
v -0.012774 -0.005611 -0.017301
v -0.012824 -0.005320 -0.016816
v -0.012730 -0.005723 -0.016513
v -0.012587 -0.006018 -0.016513
v -0.012558 -0.006186 -0.016793
v -0.012673 -0.006059 -0.017072
v -0.012816 -0.005765 -0.017072
v -0.012844 -0.005596 -0.016793
v -0.012747 -0.005913 -0.016784
v -0.012457 -0.005445 -0.016345
v -0.012200 -0.005976 -0.016345
v -0.012149 -0.006279 -0.016849
v -0.012355 -0.006051 -0.017352
v -0.012612 -0.005520 -0.017352
v -0.012663 -0.005217 -0.016849
v -0.013164 -0.005370 -0.019992
v -0.012874 -0.005957 -0.019992
v -0.012805 -0.006289 -0.020552
v -0.013027 -0.006033 -0.021113
v -0.013318 -0.005446 -0.021113
v -0.013386 -0.005115 -0.020552
v -0.013325 -0.005499 -0.020038
v -0.013074 -0.006007 -0.020038
v -0.013014 -0.006295 -0.020523
v -0.013207 -0.006073 -0.021009
v -0.013458 -0.005565 -0.021009
v -0.013518 -0.005278 -0.020523
v -0.013425 -0.005682 -0.020222
v -0.013280 -0.005976 -0.020222
v -0.013246 -0.006141 -0.020502
v -0.013357 -0.006014 -0.020783
v -0.013502 -0.005720 -0.020783
v -0.013536 -0.005554 -0.020502
v -0.013437 -0.005870 -0.020494
v -0.013157 -0.005403 -0.020047
v -0.012896 -0.005932 -0.020047
v -0.012834 -0.006231 -0.020552
v -0.013034 -0.006000 -0.021057
v -0.013296 -0.005472 -0.021057
v -0.013357 -0.005173 -0.020552
v -0.013735 -0.005442 -0.023723
v -0.013447 -0.006031 -0.023723
v -0.013365 -0.006355 -0.024286
v -0.013570 -0.006091 -0.024850
v -0.013858 -0.005503 -0.024850
v -0.013941 -0.005178 -0.024286
v -0.013896 -0.005570 -0.023775
v -0.013646 -0.006079 -0.023775
v -0.013575 -0.006360 -0.024263
v -0.013753 -0.006132 -0.024751
v -0.014002 -0.005622 -0.024751
v -0.014074 -0.005341 -0.024263
v -0.013991 -0.005750 -0.023965
v -0.013847 -0.006044 -0.023965
v -0.013806 -0.006206 -0.024246
v -0.013908 -0.006074 -0.024528
v -0.014053 -0.005780 -0.024528
v -0.014094 -0.005618 -0.024246
v -0.013996 -0.005935 -0.024240
v -0.013727 -0.005475 -0.023779
v -0.013468 -0.006004 -0.023779
v -0.013393 -0.006296 -0.024286
v -0.013578 -0.006059 -0.024793
v -0.013838 -0.005529 -0.024793
v -0.013912 -0.005237 -0.024286
v -0.014138 -0.005584 -0.027873
v -0.013852 -0.006174 -0.027873
v -0.013758 -0.006492 -0.028438
v -0.013949 -0.006221 -0.029003
v -0.014235 -0.005631 -0.029003
v -0.014329 -0.005313 -0.028438
v -0.014297 -0.005710 -0.027931
v -0.014050 -0.006221 -0.027931
v -0.013968 -0.006497 -0.028420
v -0.014134 -0.006262 -0.028909
v -0.014382 -0.005751 -0.028909
v -0.014463 -0.005475 -0.028420
v -0.014389 -0.005888 -0.028124
v -0.014246 -0.006183 -0.028124
v -0.014199 -0.006342 -0.028406
v -0.014295 -0.006206 -0.028689
v -0.014438 -0.005912 -0.028689
v -0.014485 -0.005752 -0.028406
v -0.014388 -0.006069 -0.028401
v -0.014128 -0.005616 -0.027929
v -0.013871 -0.006147 -0.027929
v -0.013786 -0.006433 -0.028438
v -0.013959 -0.006189 -0.028947
v -0.014216 -0.005658 -0.028947
v -0.014301 -0.005372 -0.028438
v -0.007089 -0.001191 0.012939
v -0.007010 -0.001841 0.012939
v -0.007118 -0.002184 0.012391
v -0.007305 -0.001877 0.011844
v -0.007384 -0.001226 0.011844
v -0.007276 -0.000883 0.012391
v -0.007288 -0.001259 0.012916
v -0.007219 -0.001822 0.012916
v -0.007313 -0.002119 0.012442
v -0.007475 -0.001853 0.011967
v -0.007543 -0.001290 0.011967
v -0.007450 -0.000993 0.012442
v -0.007462 -0.001401 0.012752
v -0.007423 -0.001726 0.012752
v -0.007477 -0.001898 0.012478
v -0.007570 -0.001744 0.012205
v -0.007610 -0.001419 0.012205
v -0.007556 -0.001247 0.012478
v -0.007566 -0.001578 0.012492
v -0.007100 -0.001225 0.012884
v -0.007029 -0.001810 0.012884
v -0.007126 -0.002119 0.012391
v -0.007295 -0.001843 0.011898
v -0.007366 -0.001257 0.011898
v -0.007268 -0.000948 0.012391
v -0.008087 -0.001308 0.009268
v -0.008009 -0.001958 0.009268
v -0.008114 -0.002301 0.008720
v -0.008296 -0.001993 0.008171
v -0.008374 -0.001342 0.008171
v -0.008269 -0.001000 0.008720
v -0.008285 -0.001376 0.009244
v -0.008218 -0.001939 0.009244
v -0.008309 -0.002236 0.008769
v -0.008467 -0.001969 0.008294
v -0.008534 -0.001405 0.008294
v -0.008443 -0.001109 0.008769
v -0.008459 -0.001517 0.009079
v -0.008420 -0.001842 0.009079
v -0.008473 -0.002014 0.008805
v -0.008564 -0.001860 0.008530
v -0.008603 -0.001534 0.008530
v -0.008550 -0.001363 0.008805
v -0.008561 -0.001694 0.008818
v -0.008097 -0.001342 0.009214
v -0.008027 -0.001928 0.009214
v -0.008122 -0.002236 0.008720
v -0.008286 -0.001959 0.008226
v -0.008356 -0.001373 0.008226
v -0.008261 -0.001064 0.008720
v -0.009112 -0.001420 0.005310
v -0.009036 -0.002071 0.005310
v -0.009138 -0.002413 0.004761
v -0.009315 -0.002103 0.004211
v -0.009392 -0.001453 0.004211
v -0.009290 -0.001111 0.004761
v -0.009311 -0.001487 0.005285
v -0.009245 -0.002051 0.005285
v -0.009333 -0.002347 0.004808
v -0.009487 -0.002079 0.004332
v -0.009553 -0.001516 0.004332
v -0.009465 -0.001220 0.004808
v -0.009483 -0.001628 0.005118
v -0.009445 -0.001954 0.005118
v -0.009496 -0.002125 0.004843
v -0.009585 -0.001970 0.004569
v -0.009623 -0.001645 0.004569
v -0.009572 -0.001474 0.004843
v -0.009584 -0.001805 0.004856
v -0.009122 -0.001454 0.005256
v -0.009054 -0.002040 0.005256
v -0.009145 -0.002348 0.004761
v -0.009305 -0.002069 0.004266
v -0.009374 -0.001483 0.004266
v -0.009282 -0.001176 0.004761
v -0.010037 -0.001436 0.001684
v -0.009962 -0.002087 0.001684
v -0.010059 -0.002428 0.001132
v -0.010231 -0.002118 0.000581
v -0.010305 -0.001467 0.000581
v -0.010208 -0.001126 0.001132
v -0.010235 -0.001503 0.001656
v -0.010170 -0.002067 0.001656
v -0.010254 -0.002362 0.001178
v -0.010403 -0.002093 0.000701
v -0.010468 -0.001530 0.000701
v -0.010384 -0.001234 0.001178
v -0.010406 -0.001643 0.001487
v -0.010369 -0.001969 0.001487
v -0.010418 -0.002139 0.001212
v -0.010503 -0.001984 0.000936
v -0.010541 -0.001659 0.000936
v -0.010492 -0.001488 0.001212
v -0.010505 -0.001819 0.001224
v -0.010046 -0.001470 0.001629
v -0.009979 -0.002056 0.001629
v -0.010066 -0.002363 0.001132
v -0.010221 -0.002084 0.000636
v -0.010288 -0.001498 0.000636
v -0.010201 -0.001191 0.001132
v -0.010897 -0.001537 -0.001915
v -0.010825 -0.002188 -0.001915
v -0.010915 -0.002528 -0.002468
v -0.011077 -0.002216 -0.003021
v -0.011149 -0.001565 -0.003021
v -0.011059 -0.001226 -0.002468
v -0.011095 -0.001603 -0.001946
v -0.011033 -0.002167 -0.001946
v -0.011111 -0.002461 -0.002425
v -0.011252 -0.002192 -0.002904
v -0.011314 -0.001628 -0.002904
v -0.011236 -0.001334 -0.002425
v -0.011265 -0.001743 -0.002117
v -0.011229 -0.002068 -0.002117
v -0.011274 -0.002238 -0.002394
v -0.011355 -0.002082 -0.002670
v -0.011391 -0.001757 -0.002670
v -0.011346 -0.001587 -0.002394
v -0.011360 -0.001918 -0.002382
v -0.010906 -0.001571 -0.001970
v -0.010841 -0.002157 -0.001970
v -0.010922 -0.002463 -0.002468
v -0.011068 -0.002183 -0.002966
v -0.011133 -0.001596 -0.002966
v -0.011052 -0.001291 -0.002468
v -0.011742 -0.001632 -0.005865
v -0.011677 -0.002284 -0.005865
v -0.011754 -0.002621 -0.006422
v -0.011897 -0.002306 -0.006978
v -0.011962 -0.001654 -0.006978
v -0.011885 -0.001317 -0.006422
v -0.011940 -0.001696 -0.005902
v -0.011884 -0.002261 -0.005902
v -0.011951 -0.002552 -0.006384
v -0.012074 -0.002280 -0.006866
v -0.012131 -0.001715 -0.006866
v -0.012064 -0.001423 -0.006384
v -0.012106 -0.001833 -0.006078
v -0.012073 -0.002159 -0.006078
v -0.012112 -0.002327 -0.006357
v -0.012183 -0.002170 -0.006635
v -0.012216 -0.001844 -0.006635
v -0.012177 -0.001676 -0.006357
v -0.012195 -0.002007 -0.006347
v -0.011750 -0.001666 -0.005921
v -0.011691 -0.002253 -0.005921
v -0.011761 -0.002556 -0.006422
v -0.011889 -0.002272 -0.006923
v -0.011948 -0.001685 -0.006923
v -0.011878 -0.001382 -0.006422
v -0.012503 -0.001697 -0.009532
v -0.012321 -0.002327 -0.009532
v -0.012331 -0.002670 -0.010090
v -0.012522 -0.002385 -0.010648
v -0.012704 -0.001755 -0.010648
v -0.012694 -0.001412 -0.010090
v -0.012686 -0.001796 -0.009571
v -0.012529 -0.002341 -0.009571
v -0.012537 -0.002639 -0.010054
v -0.012702 -0.002391 -0.010538
v -0.012860 -0.001846 -0.010538
v -0.012852 -0.001548 -0.010054
v -0.012822 -0.001960 -0.009750
v -0.012731 -0.002275 -0.009750
v -0.012736 -0.002447 -0.010029
v -0.012832 -0.002304 -0.010307
v -0.012923 -0.001989 -0.010307
v -0.012918 -0.001817 -0.010029
v -0.012876 -0.002146 -0.010019
v -0.012504 -0.001732 -0.009588
v -0.012340 -0.002298 -0.009588
v -0.012349 -0.002608 -0.010090
v -0.012521 -0.002350 -0.010592
v -0.012685 -0.001784 -0.010592
v -0.012676 -0.001474 -0.010090
v -0.013199 -0.001677 -0.013180
v -0.013020 -0.002307 -0.013180
v -0.013026 -0.002649 -0.013739
v -0.013212 -0.002361 -0.014297
v -0.013391 -0.001731 -0.014297
v -0.013384 -0.001389 -0.013739
v -0.013382 -0.001774 -0.013221
v -0.013227 -0.002320 -0.013221
v -0.013232 -0.002617 -0.013705
v -0.013393 -0.002367 -0.014189
v -0.013548 -0.001821 -0.014189
v -0.013543 -0.001525 -0.013705
v -0.013518 -0.001938 -0.013401
v -0.013428 -0.002253 -0.013401
v -0.013431 -0.002424 -0.013680
v -0.013524 -0.002280 -0.013960
v -0.013613 -0.001965 -0.013960
v -0.013610 -0.001794 -0.013680
v -0.013570 -0.002123 -0.013671
v -0.013200 -0.001711 -0.013236
v -0.013039 -0.002278 -0.013236
v -0.013044 -0.002587 -0.013739
v -0.013211 -0.002327 -0.014242
v -0.013372 -0.001760 -0.014242
v -0.013367 -0.001452 -0.013739
v -0.013803 -0.001659 -0.016816
v -0.013742 -0.002311 -0.016816
v -0.013822 -0.002648 -0.017372
v -0.013962 -0.002332 -0.017929
v -0.014023 -0.001679 -0.017929
v -0.013943 -0.001343 -0.017372
v -0.014001 -0.001721 -0.016853
v -0.013949 -0.002286 -0.016853
v -0.014018 -0.002578 -0.017335
v -0.014140 -0.002304 -0.017817
v -0.014192 -0.001739 -0.017817
v -0.014123 -0.001448 -0.017335
v -0.014168 -0.001857 -0.017029
v -0.014138 -0.002183 -0.017029
v -0.014178 -0.002352 -0.017307
v -0.014248 -0.002194 -0.017585
v -0.014278 -0.001867 -0.017585
v -0.014238 -0.001699 -0.017307
v -0.014258 -0.002030 -0.017297
v -0.013810 -0.001692 -0.016871
v -0.013756 -0.002280 -0.016871
v -0.013828 -0.002583 -0.017372
v -0.013955 -0.002298 -0.017873
v -0.014009 -0.001711 -0.017873
v -0.013937 -0.001408 -0.017372
v -0.014570 -0.001725 -0.020517
v -0.014387 -0.002354 -0.020517
v -0.014386 -0.002695 -0.021077
v -0.014568 -0.002407 -0.021636
v -0.014751 -0.001778 -0.021636
v -0.014753 -0.001437 -0.021077
v -0.014752 -0.001824 -0.020560
v -0.014593 -0.002369 -0.020560
v -0.014592 -0.002664 -0.021045
v -0.014750 -0.002415 -0.021529
v -0.014909 -0.001870 -0.021529
v -0.014910 -0.001575 -0.021045
v -0.014885 -0.001988 -0.020741
v -0.014793 -0.002302 -0.020741
v -0.014793 -0.002473 -0.021021
v -0.014884 -0.002329 -0.021301
v -0.014976 -0.002014 -0.021301
v -0.014976 -0.001844 -0.021021
v -0.014933 -0.002172 -0.021013
v -0.014570 -0.001759 -0.020573
v -0.014405 -0.002326 -0.020573
v -0.014404 -0.002633 -0.021077
v -0.014568 -0.002373 -0.021580
v -0.014733 -0.001807 -0.021580
v -0.014734 -0.001500 -0.021077
v -0.015093 -0.001596 -0.024154
v -0.015028 -0.002248 -0.024154
v -0.015065 -0.002581 -0.024717
v -0.015168 -0.002262 -0.025280
v -0.015233 -0.001610 -0.025280
v -0.015195 -0.001278 -0.024717
v -0.015287 -0.001660 -0.024205
v -0.015231 -0.002225 -0.024205
v -0.015264 -0.002513 -0.024693
v -0.015353 -0.002237 -0.025180
v -0.015409 -0.001672 -0.025180
v -0.015376 -0.001384 -0.024693
v -0.015440 -0.001796 -0.024394
v -0.015408 -0.002122 -0.024394
v -0.015427 -0.002288 -0.024675
v -0.015478 -0.002129 -0.024957
v -0.015511 -0.001803 -0.024957
v -0.015492 -0.001636 -0.024675
v -0.015510 -0.001967 -0.024669
v -0.015096 -0.001630 -0.024210
v -0.015038 -0.002217 -0.024210
v -0.015072 -0.002516 -0.024717
v -0.015164 -0.002229 -0.025224
v -0.015223 -0.001642 -0.025224
v -0.015189 -0.001342 -0.024717
v -0.015516 -0.001528 -0.027980
v -0.015450 -0.002180 -0.027980
v -0.015472 -0.002511 -0.028545
v -0.015560 -0.002191 -0.029110
v -0.015626 -0.001539 -0.029110
v -0.015604 -0.001207 -0.028545
v -0.015710 -0.001592 -0.028037
v -0.015652 -0.002156 -0.028037
v -0.015671 -0.002443 -0.028527
v -0.015748 -0.002166 -0.029016
v -0.015805 -0.001601 -0.029016
v -0.015786 -0.001314 -0.028527
v -0.015857 -0.001727 -0.028230
v -0.015824 -0.002053 -0.028230
v -0.015835 -0.002219 -0.028513
v -0.015879 -0.002058 -0.028795
v -0.015912 -0.001733 -0.028795
v -0.015901 -0.001567 -0.028513
v -0.015919 -0.001898 -0.028508
v -0.015519 -0.001561 -0.028037
v -0.015459 -0.002148 -0.028037
v -0.015479 -0.002446 -0.028545
v -0.015558 -0.002158 -0.029054
v -0.015617 -0.001571 -0.029054
v -0.015598 -0.001272 -0.028545
v -0.030812 0.007885 0.040452
v -0.030773 0.005399 0.039912
v -0.002287 0.007768 0.018171
v -0.001886 0.007885 0.019877
v -0.003439 0.006179 0.019862
v -0.003808 0.006082 0.018194
v -0.004788 0.007444 0.009378
v -0.004235 0.007460 0.011187
v -0.005665 0.005844 0.011277
v -0.006189 0.005830 0.009468
v -0.011826 0.006328 -0.014541
v -0.012258 0.006361 -0.016912
v -0.011018 0.008122 -0.017024
v -0.010588 0.008082 -0.014649
v -0.000482 0.014670 -0.016061
v -0.001030 0.014777 -0.018427
v 0.000678 0.015337 -0.018937
v 0.001236 0.015206 -0.016531
v -0.001445 0.015361 -0.030810
v -0.002236 0.015171 -0.030995
v -0.031058 0.015495 0.044278
v -0.030983 0.013935 0.043132
v 0.004148 0.011469 0.018128
v 0.004672 0.011602 0.019965
v 0.002245 0.010614 0.019932
v 0.001765 0.010482 0.018137
v 0.000821 0.011129 0.009069
v 0.001518 0.011137 0.010903
v -0.000572 0.010124 0.010992
v -0.001207 0.010106 0.009172
v -0.005770 0.012151 -0.015128
v -0.007492 0.010985 -0.014931
v -0.007952 0.011042 -0.017302
v -0.006256 0.012217 -0.017490
v -0.013009 0.008375 -0.033150
v -0.014203 0.006595 -0.033155
v -0.008453 0.012261 -0.032535
v -0.010138 0.011094 -0.032866
v -0.005756 0.007650 0.033017
v -0.007103 0.007556 0.033900
v -0.007989 0.005274 0.032841
v -0.006843 0.005312 0.031996
v -0.015539 0.016393 0.044837
v -0.017244 0.015943 0.044461
v -0.017460 0.014443 0.043149
v -0.015900 0.014544 0.043148
v -0.017819 0.012787 0.041770
v -0.016347 0.012827 0.041652
v -0.017737 0.007132 0.037703
v -0.019020 0.007078 0.038051
v -0.019317 0.004862 0.037217
v -0.018078 0.004912 0.036801
v -0.010428 0.006193 -0.007470
v -0.010905 0.006243 -0.009804
v -0.009655 0.007978 -0.009891
v -0.009163 0.007912 -0.007548
v -0.004207 0.011956 -0.007964
v -0.006007 0.010810 -0.007777
v -0.006526 0.010883 -0.010139
v -0.004750 0.012034 -0.010331
v 0.002425 0.014890 -0.011586
v 0.003043 0.014735 -0.009089
v 0.001304 0.014275 -0.008775
v 0.000693 0.014412 -0.011203
v -0.008332 0.005933 0.001548
v -0.007030 0.007587 0.001477
v -0.006471 0.007522 0.003573
v -0.007790 0.005883 0.003648
v -0.001797 0.011397 0.001072
v -0.001161 0.011285 0.003184
v -0.003082 0.010235 0.003346
v -0.003693 0.010335 0.001248
v 0.005536 0.013858 0.000326
v 0.006220 0.013672 0.002565
v 0.004508 0.013306 0.002694
v 0.003818 0.013470 0.000496
v -0.015573 0.005025 0.035945
v -0.015137 0.007262 0.036948
v -0.016443 0.007198 0.037333
v -0.016830 0.004970 0.036373
v -0.014277 0.014507 0.043001
v -0.014839 0.012836 0.041472
v -0.013318 0.012815 0.041232
v -0.012664 0.014421 0.042789
v -0.013873 0.020659 0.049824
v -0.015766 0.020785 0.049999
v -0.026968 0.015207 0.043894
v -0.028368 0.015339 0.043991
v -0.028431 0.013665 0.042812
v -0.027127 0.013493 0.042690
v -0.027495 0.007388 0.039984
v -0.028621 0.007516 0.040153
v -0.028691 0.005139 0.039613
v -0.027597 0.005050 0.039433
v -0.031125 0.016823 0.045444
v -0.026702 0.016925 0.045352
v -0.028347 0.016810 0.045244
v -0.029214 0.020532 0.049728
v -0.027439 0.020647 0.049841
v -0.021546 0.007035 0.038690
v -0.022781 0.007052 0.038996
v -0.022984 0.004825 0.038329
v -0.021774 0.004816 0.037980
v -0.021711 0.014378 0.043251
v -0.021961 0.012792 0.042107
v -0.020616 0.012744 0.041980
v -0.020330 0.014331 0.043181
v -0.020087 0.015733 0.044321
v -0.021499 0.015771 0.044359
v -0.019054 0.020914 0.050193
v -0.020650 0.020923 0.050212
v -0.025628 0.020777 0.050014
v -0.023894 0.020866 0.050137
v -0.024142 0.016059 0.044589
v -0.025350 0.016363 0.044845
v -0.025638 0.014936 0.043690
v -0.024357 0.014675 0.043499
v -0.025841 0.013280 0.042543
v -0.024565 0.013066 0.042389
v -0.025186 0.007177 0.039557
v -0.026354 0.007277 0.039785
v -0.026487 0.004974 0.039215
v -0.025344 0.004907 0.038956
v -0.009632 0.020561 0.049704
v -0.011753 0.020592 0.049741
v -0.012016 0.015940 0.044288
v -0.013708 0.016105 0.044506
v -0.000573 0.020185 0.049327
v 0.001135 0.019876 0.048904
v 0.002851 0.019355 0.048206
v -0.002294 0.020353 0.049508
v -0.008455 0.007468 0.034609
v -0.009805 0.007409 0.035195
v -0.010468 0.005173 0.034128
v -0.009209 0.005219 0.033541
v 0.017720 0.014621 0.036305
v 0.015515 0.014825 0.038292
v 0.006542 0.017724 0.045975
v 0.008468 0.016831 0.044570
v 0.019192 0.014441 0.034518
v 0.019897 0.014264 0.032611
v 0.020006 0.014116 0.030534
v 0.014585 0.013346 0.017886
v 0.015249 0.013430 0.019878
v 0.012465 0.013250 0.019967
v 0.011796 0.013153 0.018031
v 0.017412 0.013353 0.017632
v 0.017981 0.013430 0.019724
v 0.016502 0.013325 0.015742
v 0.011503 0.013359 0.010742
v 0.010132 0.013414 0.009038
v -0.002725 0.007663 0.016445
v -0.004221 0.005997 0.016498
v 0.003555 0.011348 0.016306
v 0.001233 0.010360 0.016345
v 0.010977 0.013071 0.016152
v 0.013663 0.013292 0.016016
v 0.006848 0.012980 0.008894
v 0.008619 0.013276 0.008947
v 0.009788 0.013231 0.010741
v 0.007849 0.012945 0.010741
v 0.007775 0.013887 0.002456
v 0.007121 0.014091 0.000173
v 0.004670 0.015017 -0.009412
v 0.004053 0.015190 -0.012018
v 0.002882 0.015565 -0.017084
v 0.002326 0.015717 -0.019564
v -0.013715 0.006482 -0.026286
v -0.013945 0.006528 -0.028605
v -0.012728 0.008323 -0.028605
v -0.012466 0.008268 -0.026315
v -0.007849 0.012372 -0.026371
v -0.009487 0.011203 -0.026360
v -0.009773 0.011232 -0.028540
v -0.008128 0.012391 -0.028459
v -0.002866 0.014850 -0.026612
v -0.003213 0.014834 -0.028316
v -0.001748 0.015335 -0.028436
v -0.001277 0.015388 -0.026862
v 0.000272 0.015750 -0.027208
v -0.000403 0.015648 -0.028689
v 0.006638 0.012224 0.018117
v 0.007209 0.012351 0.019990
v 0.005977 0.012109 0.016269
v 0.002888 0.011936 0.008980
v 0.003664 0.011926 0.010828
v 0.000123 0.012261 0.000878
v 0.000783 0.012135 0.003011
v -0.002923 0.012999 -0.010575
v -0.002351 0.012900 -0.008201
v -0.004513 0.013220 -0.017729
v -0.004005 0.013149 -0.015374
v -0.006444 0.013375 -0.028370
v -0.006172 0.013361 -0.026396
v -0.006647 0.013339 -0.032117
v -0.029749 0.007686 0.040289
v -0.029765 0.005257 0.039757
v -0.029754 0.015434 0.044092
v -0.029737 0.013820 0.042937
v -0.029789 0.016817 0.045286
v 0.005718 0.012592 0.030725
v 0.003242 0.011730 0.030386
v 0.003316 0.011499 0.028635
v 0.005804 0.012407 0.028960
v -0.002028 0.012677 0.038186
v -0.003863 0.012602 0.038776
v -0.004905 0.011209 0.036988
v -0.003137 0.011361 0.036284
v -0.013971 0.011129 0.039677
v -0.015409 0.011105 0.039964
v -0.016831 0.011070 0.040208
v -0.018230 0.011031 0.040410
v -0.020931 0.011001 0.040782
v -0.022237 0.011039 0.040974
v -0.024777 0.011273 0.041322
v -0.026021 0.011447 0.041478
v -0.028495 0.011799 0.041758
v -0.027258 0.011624 0.041625
v -0.029740 0.011983 0.041887
v -0.030922 0.012130 0.042065
v -0.005545 0.012593 0.039339
v -0.007154 0.012628 0.039834
v -0.008076 0.011108 0.038147
v -0.006528 0.011131 0.037614
v -0.001183 0.013757 0.040043
v -0.002925 0.013802 0.040571
v -0.006253 0.014014 0.041547
v -0.004611 0.013898 0.041090
v -0.015817 0.002375 -0.033144
v -0.015160 0.004559 -0.033148
v -0.015309 0.002362 -0.026243
v -0.015531 0.002379 -0.028586
v -0.014907 0.004531 -0.028597
v -0.014679 0.004497 -0.026261
v -0.013190 0.004405 -0.016824
v -0.012749 0.004383 -0.014452
v -0.013326 0.002299 -0.014390
v -0.013761 0.002310 -0.016770
v -0.012008 0.002264 -0.007366
v -0.012449 0.002276 -0.009688
v -0.011859 0.004331 -0.009733
v -0.011400 0.004302 -0.007407
v -0.009337 0.004117 0.001607
v -0.008805 0.004082 0.003712
v -0.009460 0.002150 0.003759
v -0.009992 0.002170 0.001654
v -0.007255 0.004049 0.009542
v -0.006754 0.004060 0.011353
v -0.007443 0.002140 0.011404
v -0.007932 0.002134 0.009593
v -0.005339 0.004159 0.016543
v -0.004938 0.004217 0.018216
v -0.005637 0.002217 0.018232
v -0.006037 0.002188 0.016573
v -0.005297 0.002253 0.019851
v -0.004588 0.004287 0.019854
v -0.008560 0.002781 0.032191
v -0.007512 0.002793 0.031393
v -0.010901 0.002728 0.033443
v -0.009700 0.002754 0.032868
v -0.017088 0.002598 0.035747
v -0.015863 0.002632 0.035286
v -0.019510 0.002531 0.036692
v -0.018303 0.002562 0.036220
v -0.023110 0.002505 0.037928
v -0.021917 0.002501 0.037548
v -0.026576 0.002578 0.038858
v -0.025444 0.002544 0.038596
v -0.028749 0.002666 0.039252
v -0.027676 0.002619 0.039073
v -0.029776 0.002726 0.039403
v -0.030723 0.002796 0.039559
v 0.013616 0.014122 0.031707
v 0.013888 0.013986 0.029837
v 0.016914 0.014143 0.030147
v 0.016678 0.014280 0.032119
v 0.012148 0.014338 0.035308
v 0.013043 0.014236 0.033528
v 0.015980 0.014417 0.033988
v 0.014772 0.014547 0.035793
v -0.000387 0.014733 0.041741
v -0.002055 0.014923 0.042299
v -0.003729 0.015133 0.042799
v -0.005390 0.015334 0.043222
v 0.010950 0.014452 0.037061
v 0.013189 0.014689 0.037719
v -0.028749 0.019830 0.048640
v -0.026891 0.019907 0.048699
v -0.010807 0.018540 0.047043
v -0.010241 0.019639 0.048376
v -0.012244 0.019703 0.048448
v -0.012624 0.018652 0.047163
v -0.001317 0.018995 0.047595
v -0.003025 0.019243 0.047890
v -0.003779 0.017970 0.046364
v -0.002086 0.017691 0.046009
v 0.000383 0.018629 0.047123
v -0.000398 0.017328 0.045523
v 0.001290 0.016881 0.044896
v 0.002097 0.018119 0.046467
v 0.006317 0.015312 0.041878
v 0.007534 0.016022 0.043163
v 0.005653 0.016745 0.044510
v 0.004653 0.015823 0.043113
v -0.004302 0.004368 0.021440
v -0.005028 0.002296 0.021414
v -0.001538 0.008016 0.021549
v -0.003126 0.006291 0.021485
v 0.005110 0.011741 0.021801
v 0.002657 0.010757 0.021715
v 0.007677 0.012486 0.021875
v 0.015799 0.013548 0.021950
v 0.013001 0.013369 0.021956
v 0.018523 0.013554 0.021938
v -0.030674 0.020376 0.049635
v -0.030208 0.019756 0.048616
v -0.031432 0.019683 0.048721
v -0.031551 0.020177 0.049521
v -0.011746 0.005138 0.034633
v -0.013027 0.005106 0.035091
v -0.013384 0.002684 0.034396
v -0.012136 0.002706 0.033941
v -0.011152 0.007374 0.035695
v -0.012491 0.007346 0.036140
v -0.010264 0.012733 0.040626
v -0.011061 0.011133 0.038998
v -0.009582 0.011118 0.038600
v -0.008722 0.012681 0.040257
v -0.009468 0.014230 0.042264
v -0.007868 0.014128 0.041935
v -0.007041 0.015508 0.043568
v -0.008692 0.015658 0.043849
v -0.007223 0.018321 0.046793
v -0.005487 0.018174 0.046614
v -0.004748 0.019407 0.048086
v -0.006508 0.019510 0.048217
v -0.004035 0.020448 0.049601
v -0.005798 0.020503 0.049668
v -0.009936 0.006137 -0.005157
v -0.008658 0.007840 -0.005231
v -0.008133 0.007757 -0.002941
v -0.009415 0.006068 -0.002871
v -0.003635 0.011844 -0.005632
v -0.003037 0.011695 -0.003344
v -0.004888 0.010590 -0.003162
v -0.005461 0.010714 -0.005451
v -0.001758 0.012766 -0.005860
v -0.001146 0.012597 -0.003564
v 0.003653 0.014550 -0.006654
v 0.004262 0.014319 -0.004286
v 0.002530 0.013894 -0.004045
v 0.001916 0.014106 -0.006383
v 0.005266 0.014811 -0.006923
v 0.005868 0.014571 -0.004525
v -0.008877 0.005997 -0.000630
v -0.007587 0.007668 -0.000698
v -0.004296 0.010458 -0.000925
v -0.002423 0.011538 -0.001107
v -0.000520 0.012420 -0.001317
v 0.003160 0.013671 -0.001753
v 0.004886 0.014078 -0.001961
v 0.006485 0.014323 -0.002160
v -0.010530 0.002196 -0.000529
v -0.009878 0.004165 -0.000572
v -0.010411 0.004217 -0.002813
v -0.011051 0.002223 -0.002772
v -0.010924 0.004267 -0.005096
v -0.011546 0.002247 -0.005056
v 0.003455 0.015374 -0.014582
v 0.001821 0.015047 -0.014073
v 0.000095 0.014542 -0.013640
v -0.003474 0.013076 -0.012977
v -0.005268 0.012092 -0.012732
v -0.007018 0.010935 -0.012535
v -0.011378 0.006291 -0.012167
v -0.010137 0.008038 -0.012264
v -0.012314 0.004360 -0.012086
v -0.012895 0.002288 -0.012027
v 0.001791 0.015793 -0.021946
v -0.001541 0.014839 -0.020695
v 0.000153 0.015409 -0.021230
v -0.004991 0.013277 -0.020019
v -0.006713 0.012272 -0.019802
v -0.008386 0.011090 -0.019633
v -0.012682 0.006385 -0.019274
v -0.011427 0.008157 -0.019378
v -0.013636 0.004425 -0.019197
v -0.014230 0.002321 -0.019150
v 0.001291 0.015815 -0.024036
v -0.002014 0.014859 -0.022821
v -0.000336 0.015431 -0.023323
v -0.005430 0.013312 -0.022229
v -0.007132 0.012309 -0.022052
v -0.008786 0.011126 -0.021919
v -0.013070 0.006406 -0.021625
v -0.011812 0.008185 -0.021709
v -0.014035 0.004441 -0.021564
v -0.014656 0.002330 -0.021525
v 0.000820 0.015801 -0.025718
v -0.002456 0.014858 -0.024787
v -0.000802 0.015420 -0.025177
v -0.005827 0.013338 -0.024353
v -0.007512 0.012339 -0.024240
v -0.009153 0.011160 -0.024158
v -0.013417 0.006438 -0.023962
v -0.012162 0.008221 -0.024020
v -0.014384 0.004464 -0.023919
v -0.015013 0.002343 -0.023890
v -0.001042 0.015509 -0.029995
v -0.003430 0.014817 -0.029889
v -0.002116 0.015267 -0.029847
v -0.006610 0.013368 -0.030285
v -0.008325 0.012360 -0.030522
v -0.009987 0.011206 -0.030716
v -0.014129 0.006575 -0.030915
v -0.012933 0.008367 -0.030898
v -0.015089 0.004564 -0.030916
v -0.015732 0.002392 -0.030910
v -0.003435 0.014779 -0.031279
v -0.004786 0.014185 -0.028308
v -0.004943 0.014191 -0.030054
v -0.004499 0.014180 -0.026466
v -0.004132 0.014168 -0.024525
v -0.003714 0.014153 -0.022474
v -0.003257 0.014126 -0.020307
v -0.002762 0.014070 -0.018034
v -0.002234 0.013987 -0.015680
v -0.001677 0.013891 -0.013278
v -0.001096 0.013787 -0.010866
v -0.000501 0.013667 -0.008476
v 0.000105 0.013514 -0.006115
v 0.000720 0.013324 -0.003802
v 0.001352 0.013125 -0.001536
v 0.002006 0.012946 0.000682
v 0.002686 0.012802 0.002845
v 0.004916 0.012543 0.008915
v 0.005791 0.012517 0.010772
v 0.009184 0.012780 0.018090
v 0.008449 0.012677 0.016223
v 0.009803 0.012896 0.019995
v 0.010304 0.013022 0.021929
v 0.010846 0.013785 0.031362
v 0.011065 0.013647 0.029545
v 0.010419 0.013900 0.033123
v 0.009774 0.014006 0.034803
v 0.008883 0.014115 0.036385
v 0.005035 0.014691 0.040634
v 0.003590 0.015041 0.041741
v -0.001214 0.016082 0.043942
v 0.000448 0.015749 0.043342
v -0.002889 0.016389 0.044435
v -0.004566 0.016649 0.044825
v -0.006249 0.016858 0.045122
v -0.007946 0.017026 0.045350
v -0.011389 0.017317 0.045697
v -0.013100 0.017485 0.045881
v -0.028468 0.018013 0.046445
v -0.027116 0.018160 0.046591
v -0.027185 0.019046 0.047606
v -0.028586 0.018986 0.047559
v -0.029997 0.018948 0.047572
v -0.029873 0.017980 0.046458
v -0.031211 0.017954 0.046593
v -0.031312 0.018910 0.047702
v 0.008383 0.013118 0.029256
v 0.008236 0.013268 0.031036
v 0.007975 0.013415 0.032764
v 0.005600 0.012808 0.032487
v 0.007065 0.013699 0.035769
v 0.007615 0.013568 0.034374
v 0.002578 0.014380 0.040478
v 0.003751 0.014125 0.039497
v -0.004908 0.014197 -0.031667
v -0.011639 0.009836 -0.033067
v -0.011534 0.009896 -0.030841
v -0.011321 0.009884 -0.028589
v -0.011037 0.009839 -0.026343
v -0.010713 0.009792 -0.024088
v -0.010358 0.009755 -0.021808
v -0.009974 0.009722 -0.019497
v -0.009558 0.009680 -0.017151
v -0.009116 0.009630 -0.014776
v -0.008659 0.009584 -0.012383
v -0.008179 0.009528 -0.009997
v -0.007677 0.009457 -0.007645
v -0.007155 0.009372 -0.005323
v -0.006610 0.009270 -0.003031
v -0.006045 0.009162 -0.000790
v -0.005468 0.009061 0.001384
v -0.004884 0.008979 0.003478
v -0.002517 0.008892 0.011089
v -0.003105 0.008873 0.009277
v -0.000411 0.009244 0.018151
v -0.000890 0.009127 0.016393
v 0.000029 0.009371 0.019901
v 0.000411 0.009512 0.021628
v -0.030873 0.010126 0.041165
v -0.029749 0.009940 0.040994
v -0.028561 0.009748 0.040861
v -0.027380 0.009588 0.040713
v -0.024989 0.009308 0.040359
v -0.026194 0.009444 0.040545
v -0.021253 0.009101 0.039653
v -0.022521 0.009128 0.039906
v -0.017308 0.009184 0.038867
v -0.018645 0.009137 0.039143
v -0.014591 0.009297 0.038217
v -0.015956 0.009243 0.038557
v -0.011820 0.009357 0.037468
v -0.010411 0.009367 0.037046
v -0.007526 0.009440 0.036002
v -0.008982 0.009386 0.036567
v -0.006020 0.009544 0.035318
v -0.004392 0.009711 0.034477
v -0.008280 0.004058 0.005732
v -0.008940 0.002138 0.005781
v -0.005910 0.007476 0.005585
v -0.007252 0.005849 0.005664
v -0.004295 0.008919 0.005487
v -0.002464 0.010163 0.005363
v -0.000515 0.011204 0.005220
v 0.001459 0.012043 0.005076
v 0.003388 0.012691 0.004944
v 0.005227 0.013172 0.004836
v 0.006938 0.013516 0.004759
v 0.008459 0.013707 0.004709
v -0.007762 0.004047 0.007672
v -0.008429 0.002132 0.007722
v -0.005348 0.007449 0.007515
v -0.006717 0.005831 0.007601
v -0.003700 0.008883 0.007416
v -0.001839 0.010120 0.007301
v 0.000144 0.011153 0.007180
v 0.002154 0.011978 0.007067
v 0.004120 0.012605 0.006973
v 0.005987 0.013063 0.006915
v 0.007707 0.013381 0.006912
v 0.009204 0.013544 0.006956
v -0.006260 0.004081 0.013116
v -0.006959 0.002151 0.013165
v -0.003702 0.007502 0.012959
v -0.005156 0.005875 0.013044
v -0.001945 0.008942 0.012869
v 0.000055 0.010174 0.012783
v 0.002221 0.011176 0.012706
v 0.004461 0.011952 0.012640
v 0.006709 0.012535 0.012584
v 0.008934 0.012958 0.012534
v 0.011118 0.013234 0.012484
v 0.013182 0.013340 0.012428
v -0.005783 0.004113 0.014843
v -0.006483 0.002166 0.014885
v -0.003196 0.007571 0.014709
v -0.004671 0.005926 0.014781
v -0.001402 0.009023 0.014633
v 0.000661 0.010254 0.014563
v 0.002907 0.011248 0.014501
v 0.005243 0.012015 0.014448
v 0.007614 0.012593 0.014393
v 0.010008 0.013006 0.014327
v 0.012456 0.013259 0.014238
v 0.014958 0.013330 0.014080
v 0.019779 0.013986 0.028418
v 0.013904 0.013829 0.027920
v 0.016862 0.013999 0.028157
v 0.011091 0.013486 0.027685
v 0.008396 0.012957 0.027446
v 0.005798 0.012227 0.027192
v 0.003310 0.011284 0.026915
v 0.002063 0.015402 0.042623
v 0.001203 0.014566 0.041155
v 0.002976 0.016367 0.044105
v 0.003840 0.017472 0.045591
v 0.004614 0.018616 0.047182
v -0.014304 0.005070 0.035522
v -0.014628 0.002660 0.034838
v -0.013820 0.007312 0.036552
v -0.013212 0.009336 0.037854
v -0.012521 0.011137 0.039355
v -0.011794 0.012778 0.040950
v -0.011063 0.014326 0.042545
v -0.010348 0.015798 0.044081
v -0.009660 0.017173 0.045534
v -0.008997 0.018435 0.046929
v -0.008333 0.019581 0.048306
v -0.007647 0.020537 0.049684
v -0.014642 0.017736 0.046153
v -0.014301 0.018758 0.047274
v -0.014462 0.019778 0.048522
v -0.020550 0.004829 0.037611
v -0.020715 0.002509 0.037137
v -0.020291 0.007045 0.038377
v -0.019961 0.009107 0.039399
v -0.019597 0.011003 0.040594
v -0.019239 0.012748 0.041868
v -0.018920 0.014353 0.043144
v -0.018674 0.015776 0.044339
v -0.017456 0.020873 0.050128
v -0.024176 0.004856 0.038657
v -0.024287 0.002520 0.038281
v -0.023994 0.007098 0.039291
v -0.023765 0.009197 0.040146
v -0.023517 0.011131 0.041155
v -0.023276 0.012899 0.042243
v -0.023056 0.014491 0.043356
v -0.022865 0.015875 0.044444
v -0.022249 0.020908 0.050194
v 0.003140 0.012028 0.032224
v -0.001212 0.011625 0.035566
v 0.000271 0.012884 0.037612
v 0.000984 0.010091 0.026614
v 0.000955 0.010342 0.028264
v 0.000834 0.010614 0.029965
v 0.000638 0.010955 0.031765
v 0.003119 0.012517 0.034414
v 0.000422 0.011439 0.033654
v 0.001731 0.012644 0.036054
v 0.000307 0.011926 0.035086
v -0.004522 0.007680 0.031863
v -0.002344 0.010060 0.033313
v -0.003228 0.007256 0.028934
v -0.001386 0.009144 0.029460
v -0.001742 0.009484 0.031177
v -0.003716 0.007503 0.030416
v -0.002933 0.007009 0.027478
v -0.001174 0.008855 0.027862
v -0.002787 0.006784 0.026030
v -0.001085 0.008594 0.026307
v -0.004102 0.004464 0.022961
v -0.004011 0.004581 0.024414
v -0.004772 0.002407 0.024322
v -0.004848 0.002347 0.022905
v -0.001119 0.008366 0.024755
v -0.002777 0.006588 0.024563
v -0.002895 0.006424 0.023052
v -0.001274 0.008174 0.023175
v 0.000902 0.009870 0.024975
v 0.000708 0.009679 0.023318
v 0.003200 0.011090 0.025201
v 0.002980 0.010916 0.023471
v 0.005449 0.011893 0.023619
v 0.005680 0.012055 0.025415
v 0.008034 0.012633 0.023753
v 0.008276 0.012792 0.025611
v 0.010956 0.013318 0.025791
v 0.010689 0.013161 0.023868
v 0.013731 0.013662 0.025961
v 0.013421 0.013507 0.023967
v 0.016251 0.013690 0.024060
v 0.016618 0.013844 0.026135
v 0.019009 0.013700 0.024172
v 0.019442 0.013850 0.026326
v -0.005846 0.005296 0.030971
v -0.006597 0.002774 0.030459
v -0.004540 0.005034 0.028503
v -0.005073 0.005192 0.029785
v -0.005852 0.002715 0.029398
v -0.005309 0.002632 0.028230
v -0.004212 0.004870 0.027172
v -0.004970 0.002550 0.026980
v -0.004043 0.004717 0.025812
v -0.004804 0.002474 0.025675
v 0.005580 0.013085 0.034164
v 0.005759 0.013344 0.035319
v 0.004672 0.013266 0.036025
v 0.007744 0.014233 0.037886
v 0.006117 0.013776 0.037014
v 0.009523 0.014619 0.038777
v 0.011379 0.014933 0.039674
v 0.013190 0.015179 0.040516
v 0.006430 0.014411 0.039322
v 0.004943 0.013900 0.038282
v 0.007956 0.014897 0.040410
v 0.009465 0.015383 0.041528
v 0.010819 0.015847 0.042616
v 0.003422 0.013339 0.037224
v 0.002361 0.013584 0.038525
v 0.001823 0.013902 0.039547
v 0.000555 0.013793 0.039645
v -0.017305 0.016987 0.045462
v -0.018538 0.016833 0.045388
v -0.016277 0.017379 0.045845
v -0.015678 0.018049 0.046533
v -0.015489 0.018752 0.047300
v -0.026140 0.019040 0.047624
v -0.026111 0.018422 0.046912
v -0.025723 0.017776 0.046225
v -0.024924 0.017326 0.045770
v -0.023908 0.017064 0.045609
v -0.022700 0.016916 0.045490
v -0.021335 0.016830 0.045414
v -0.019910 0.016796 0.045385
v -0.016076 0.000142 -0.033150
v -0.015964 0.000142 -0.030906
v -0.015763 0.000142 -0.028580
v -0.015527 0.000142 -0.026235
v -0.015232 0.000142 -0.023880
v -0.014874 0.000142 -0.021511
v -0.014433 0.000142 -0.019134
v -0.013952 0.000142 -0.016751
v -0.013522 0.000142 -0.014368
v -0.013096 0.000142 -0.012003
v -0.012650 0.000142 -0.009674
v -0.012215 0.000142 -0.007352
v -0.011756 0.000142 -0.005043
v -0.007679 0.000142 0.011423
v -0.007199 0.000142 0.013182
v -0.006722 0.000142 0.014899
v -0.006273 0.000142 0.016584
v -0.005874 0.000142 0.018238
v -0.005536 0.000142 0.019850
v -0.005027 0.000143 0.024290
v -0.005059 0.000146 0.025628
v -0.005227 0.000152 0.026913
v -0.005572 0.000161 0.028134
v -0.006118 0.000175 0.029263
v -0.006855 0.000187 0.030282
v -0.008763 0.000185 0.031963
v -0.007747 0.000190 0.031183
v -0.009875 0.000176 0.032630
v -0.011056 0.000166 0.033198
v -0.012276 0.000159 0.033692
v -0.013512 0.000153 0.034145
v -0.014745 0.000149 0.034592
v -0.015967 0.000146 0.035051
v -0.017180 0.000144 0.035528
v -0.018384 0.000143 0.036016
v -0.019579 0.000142 0.036508
v -0.020773 0.000142 0.036973
v -0.021966 0.000142 0.037402
v -0.023152 0.000142 0.037797
v -0.024324 0.000142 0.038159
v -0.025478 0.000142 0.038475
v -0.026609 0.000142 0.038735
v -0.028772 0.000142 0.039125
v -0.027707 0.000142 0.038948
v -0.029778 0.000142 0.039279
v -0.030700 0.000142 0.039437
v -0.015757 0.019367 0.048014
v -0.016136 0.020212 0.049089
v -0.019169 0.020467 0.049442
v -0.017648 0.020390 0.049331
v -0.020721 0.020496 0.049485
v -0.022282 0.020489 0.049479
v -0.023816 0.020434 0.049406
v -0.025303 0.020281 0.049200
v -0.019280 0.020028 0.048841
v -0.017868 0.019940 0.048727
v -0.020789 0.020071 0.048887
v -0.022318 0.020084 0.048896
v -0.023741 0.020047 0.048851
v -0.024907 0.019892 0.048694
v -0.016638 0.019756 0.048493
v -0.025777 0.019563 0.048263
v -0.009689 0.000142 0.003778
v -0.010222 0.000142 0.001672
v -0.009168 0.000142 0.005800
v -0.008662 0.000142 0.007741
v -0.008165 0.000142 0.009612
v -0.005272 0.000142 0.021405
v -0.005100 0.000142 0.022886
v -0.030812 -0.007602 0.040452
v -0.030773 -0.005116 0.039912
v -0.003439 -0.005895 0.019862
v -0.001887 -0.007601 0.019877
v -0.002288 -0.007485 0.018171
v -0.003809 -0.005798 0.018194
v -0.005665 -0.005560 0.011277
v -0.004235 -0.007176 0.011187
v -0.004788 -0.007160 0.009378
v -0.006189 -0.005546 0.009468
v -0.011018 -0.007838 -0.017024
v -0.012258 -0.006077 -0.016912
v -0.011826 -0.006044 -0.014541
v -0.010588 -0.007798 -0.014649
v 0.000678 -0.015054 -0.018937
v -0.001030 -0.014494 -0.018427
v -0.000482 -0.014386 -0.016061
v 0.001236 -0.014922 -0.016531
v -0.002236 -0.014888 -0.030995
v -0.001445 -0.015077 -0.030810
v -0.031058 -0.015212 0.044278
v -0.030983 -0.013652 0.043132
v 0.002243 -0.010331 0.019933
v 0.004668 -0.011318 0.019965
v 0.004142 -0.011185 0.018130
v 0.001761 -0.010198 0.018138
v -0.000574 -0.009840 0.010993
v 0.001513 -0.010852 0.010903
v 0.000819 -0.010845 0.009068
v -0.001208 -0.009822 0.009172
v -0.007952 -0.010759 -0.017302
v -0.007492 -0.010701 -0.014931
v -0.005770 -0.011867 -0.015128
v -0.006256 -0.011934 -0.017490
v -0.014203 -0.006311 -0.033155
v -0.013009 -0.008092 -0.033150
v -0.010138 -0.010811 -0.032866
v -0.008453 -0.011978 -0.032535
v -0.008029 -0.004866 0.032770
v -0.007156 -0.007122 0.033758
v -0.005921 -0.007127 0.032801
v -0.006928 -0.004864 0.031907
v -0.017460 -0.014160 0.043149
v -0.017244 -0.015660 0.044461
v -0.015539 -0.016110 0.044837
v -0.015900 -0.014260 0.043147
v -0.016347 -0.012544 0.041651
v -0.017819 -0.012503 0.041770
v -0.019317 -0.004578 0.037217
v -0.019020 -0.006794 0.038050
v -0.017737 -0.006847 0.037702
v -0.018078 -0.004627 0.036800
v -0.009655 -0.007694 -0.009891
v -0.010905 -0.005959 -0.009804
v -0.010428 -0.005910 -0.007470
v -0.009163 -0.007628 -0.007548
v -0.006526 -0.010600 -0.010139
v -0.006007 -0.010526 -0.007777
v -0.004207 -0.011672 -0.007964
v -0.004750 -0.011750 -0.010331
v 0.001304 -0.013991 -0.008775
v 0.003043 -0.014452 -0.009089
v 0.002425 -0.014607 -0.011586
v 0.000693 -0.014128 -0.011203
v -0.006471 -0.007239 0.003573
v -0.007030 -0.007304 0.001477
v -0.008332 -0.005649 0.001548
v -0.007790 -0.005599 0.003648
v -0.003082 -0.009952 0.003346
v -0.001161 -0.011001 0.003184
v -0.001797 -0.011113 0.001072
v -0.003693 -0.010051 0.001248
v 0.004508 -0.013022 0.002694
v 0.006219 -0.013389 0.002565
v 0.005536 -0.013574 0.000326
v 0.003818 -0.013187 0.000496
v -0.016442 -0.006911 0.037331
v -0.015137 -0.006972 0.036943
v -0.015573 -0.004735 0.035942
v -0.016830 -0.004683 0.036371
v -0.013318 -0.012529 0.041229
v -0.014839 -0.012552 0.041471
v -0.014277 -0.014223 0.043000
v -0.012664 -0.014137 0.042787
v -0.013873 -0.020375 0.049824
v -0.015766 -0.020502 0.049999
v -0.028431 -0.013381 0.042812
v -0.028368 -0.015055 0.043991
v -0.026968 -0.014924 0.043894
v -0.027127 -0.013209 0.042690
v -0.028691 -0.004856 0.039613
v -0.028620 -0.007233 0.040153
v -0.027495 -0.007104 0.039984
v -0.027597 -0.004766 0.039433
v -0.031125 -0.016539 0.045444
v -0.026702 -0.016641 0.045352
v -0.028347 -0.016527 0.045244
v -0.027439 -0.020363 0.049841
v -0.029214 -0.020249 0.049728
v -0.022984 -0.004541 0.038329
v -0.022781 -0.006768 0.038996
v -0.021546 -0.006751 0.038690
v -0.021774 -0.004532 0.037980
v -0.020616 -0.012460 0.041980
v -0.021961 -0.012508 0.042107
v -0.021711 -0.014095 0.043251
v -0.020330 -0.014047 0.043181
v -0.021499 -0.015488 0.044359
v -0.020087 -0.015449 0.044321
v -0.019054 -0.020630 0.050193
v -0.020650 -0.020640 0.050212
v -0.025628 -0.020494 0.050014
v -0.023894 -0.020582 0.050137
v -0.025638 -0.014652 0.043690
v -0.025350 -0.016080 0.044845
v -0.024142 -0.015776 0.044589
v -0.024357 -0.014392 0.043499
v -0.024565 -0.012783 0.042389
v -0.025841 -0.012996 0.042543
v -0.026487 -0.004690 0.039215
v -0.026354 -0.006994 0.039785
v -0.025186 -0.006893 0.039557
v -0.025344 -0.004624 0.038956
v -0.009632 -0.020278 0.049704
v -0.011753 -0.020309 0.049741
v -0.013708 -0.015822 0.044506
v -0.012017 -0.015657 0.044287
v 0.001135 -0.019592 0.048904
v -0.000574 -0.019900 0.049325
v 0.002850 -0.019072 0.048206
v -0.002295 -0.020068 0.049506
v -0.010472 -0.004834 0.034096
v -0.009807 -0.007068 0.035145
v -0.008468 -0.007092 0.034525
v -0.009223 -0.004851 0.033493
v 0.017719 -0.014338 0.036304
v 0.015515 -0.014542 0.038292
v 0.008468 -0.016547 0.044570
v 0.006542 -0.017441 0.045975
v 0.019192 -0.014158 0.034517
v 0.020006 -0.013832 0.030533
v 0.019896 -0.013981 0.032610
v 0.012463 -0.012967 0.019967
v 0.015249 -0.013147 0.019878
v 0.014584 -0.013062 0.017887
v 0.011791 -0.012867 0.018031
v 0.017411 -0.013070 0.017632
v 0.017981 -0.013147 0.019724
v 0.016501 -0.013041 0.015742
v 0.011506 -0.013076 0.010727
v 0.010155 -0.013130 0.009004
v -0.002726 -0.007379 0.016446
v -0.004221 -0.005713 0.016498
v 0.003545 -0.011063 0.016309
v 0.001228 -0.010076 0.016347
v 0.013658 -0.013005 0.016017
v 0.010962 -0.012780 0.016154
v 0.009776 -0.012946 0.010722
v 0.008625 -0.012994 0.008912
v 0.006840 -0.012697 0.008875
v 0.007830 -0.012658 0.010728
v 0.007775 -0.013604 0.002456
v 0.007121 -0.013808 0.000173
v 0.004053 -0.014907 -0.012018
v 0.004670 -0.014733 -0.009412
v 0.002326 -0.015434 -0.019564
v 0.002882 -0.015282 -0.017084
v -0.012728 -0.008039 -0.028605
v -0.013945 -0.006244 -0.028605
v -0.013715 -0.006199 -0.026286
v -0.012466 -0.007985 -0.026315
v -0.009773 -0.010949 -0.028540
v -0.009487 -0.010919 -0.026360
v -0.007849 -0.012088 -0.026371
v -0.008128 -0.012108 -0.028459
v -0.001748 -0.015052 -0.028436
v -0.003213 -0.014551 -0.028316
v -0.002866 -0.014566 -0.026612
v -0.001277 -0.015104 -0.026862
v -0.000403 -0.015364 -0.028689
v 0.000272 -0.015466 -0.027208
v 0.006630 -0.011939 0.018118
v 0.007204 -0.012068 0.019990
v 0.005962 -0.011821 0.016272
v 0.003653 -0.011640 0.010826
v 0.002883 -0.011652 0.008977
v 0.000783 -0.011852 0.003011
v 0.000123 -0.011977 0.000878
v -0.002351 -0.012617 -0.008201
v -0.002923 -0.012716 -0.010575
v -0.004005 -0.012865 -0.015374
v -0.004513 -0.012936 -0.017729
v -0.006172 -0.013078 -0.026396
v -0.006444 -0.013092 -0.028370
v -0.006647 -0.013056 -0.032117
v -0.029749 -0.007402 0.040289
v -0.029765 -0.004974 0.039757
v -0.029737 -0.013537 0.042937
v -0.029754 -0.015151 0.044092
v -0.029789 -0.016534 0.045286
v 0.003250 -0.011201 0.028641
v 0.003175 -0.011449 0.030428
v 0.005685 -0.012305 0.030708
v 0.005754 -0.012110 0.028941
v -0.004811 -0.010873 0.036800
v -0.003785 -0.012315 0.038710
v -0.001899 -0.012442 0.038231
v -0.002704 -0.011040 0.035835
v -0.013970 -0.010841 0.039673
v -0.015409 -0.010820 0.039963
v -0.016831 -0.010786 0.040207
v -0.018230 -0.010748 0.040410
v -0.020931 -0.010717 0.040782
v -0.022237 -0.010756 0.040974
v -0.024777 -0.010990 0.041322
v -0.026021 -0.011163 0.041478
v -0.027258 -0.011341 0.041625
v -0.028495 -0.011515 0.041758
v -0.029740 -0.011699 0.041887
v -0.030922 -0.011846 0.042065
v -0.008064 -0.010784 0.038085
v -0.007142 -0.012314 0.039784
v -0.005512 -0.012281 0.039272
v -0.006498 -0.010796 0.037511
v -0.002892 -0.013515 0.040555
v -0.001149 -0.013499 0.040101
v -0.006249 -0.013709 0.041511
v -0.004595 -0.013593 0.041050
v -0.015817 -0.002092 -0.033144
v -0.015160 -0.004276 -0.033148
v -0.014907 -0.004248 -0.028597
v -0.015531 -0.002096 -0.028586
v -0.015309 -0.002078 -0.026243
v -0.014679 -0.004214 -0.026261
v -0.013326 -0.002016 -0.014390
v -0.012749 -0.004099 -0.014452
v -0.013190 -0.004122 -0.016824
v -0.013761 -0.002026 -0.016770
v -0.011859 -0.004048 -0.009733
v -0.012449 -0.001992 -0.009688
v -0.012008 -0.001980 -0.007366
v -0.011400 -0.004019 -0.007407
v -0.009460 -0.001867 0.003759
v -0.008805 -0.003798 0.003712
v -0.009337 -0.003834 0.001607
v -0.009992 -0.001886 0.001654
v -0.007443 -0.001857 0.011404
v -0.006754 -0.003776 0.011353
v -0.007255 -0.003765 0.009542
v -0.007932 -0.001850 0.009593
v -0.005637 -0.001934 0.018232
v -0.004938 -0.003934 0.018216
v -0.005339 -0.003876 0.016543
v -0.006037 -0.001905 0.016573
v -0.005297 -0.001969 0.019851
v -0.004588 -0.004003 0.019854
v -0.007545 -0.002395 0.031362
v -0.008579 -0.002401 0.032164
v -0.010903 -0.002393 0.033429
v -0.009708 -0.002398 0.032848
v -0.017088 -0.002310 0.035746
v -0.015863 -0.002340 0.035284
v -0.019510 -0.002246 0.036692
v -0.018303 -0.002276 0.036220
v -0.023110 -0.002221 0.037928
v -0.021917 -0.002217 0.037548
v -0.026576 -0.002295 0.038858
v -0.025444 -0.002261 0.038596
v -0.027676 -0.002336 0.039073
v -0.028749 -0.002382 0.039252
v -0.029776 -0.002442 0.039403
v -0.030723 -0.002513 0.039559
v 0.016905 -0.013856 0.030140
v 0.013861 -0.013691 0.029817
v 0.013594 -0.013831 0.031689
v 0.016671 -0.013994 0.032114
v 0.015975 -0.014133 0.033983
v 0.013027 -0.013950 0.033513
v 0.012136 -0.014054 0.035294
v 0.014768 -0.014264 0.035789
v -0.000378 -0.014456 0.041757
v -0.002048 -0.014630 0.042283
v -0.003728 -0.014831 0.042770
v -0.005392 -0.015034 0.043197
v 0.010941 -0.014164 0.037048
v 0.013186 -0.014404 0.037717
v -0.026891 -0.019623 0.048699
v -0.028749 -0.019547 0.048640
v -0.012244 -0.019420 0.048448
v -0.010241 -0.019356 0.048376
v -0.010807 -0.018256 0.047043
v -0.012624 -0.018369 0.047163
v -0.003785 -0.017676 0.046346
v -0.003029 -0.018953 0.047879
v -0.001321 -0.018704 0.047583
v -0.002094 -0.017392 0.045984
v 0.000380 -0.018340 0.047114
v -0.000405 -0.017031 0.045500
v 0.002094 -0.017833 0.046459
v 0.001284 -0.016591 0.044876
v 0.005652 -0.016461 0.044507
v 0.007534 -0.015738 0.043160
v 0.006321 -0.015030 0.041874
v 0.004654 -0.015542 0.043107
v -0.005028 -0.002012 0.021414
v -0.004303 -0.004083 0.021440
v -0.003127 -0.006006 0.021485
v -0.001540 -0.007731 0.021549
v 0.005105 -0.011458 0.021798
v 0.002653 -0.010472 0.021714
v 0.007670 -0.012203 0.021872
v 0.015799 -0.013265 0.021950
v 0.012999 -0.013086 0.021955
v 0.018523 -0.013271 0.021938
v -0.030208 -0.019472 0.048616
v -0.030674 -0.020093 0.049635
v -0.031433 -0.019400 0.048721
v -0.031552 -0.019894 0.049521
v -0.013384 -0.002379 0.034390
v -0.013027 -0.004800 0.035080
v -0.011746 -0.004819 0.034614
v -0.012136 -0.002387 0.033932
v -0.012490 -0.007041 0.036124
v -0.011151 -0.007055 0.035666
v -0.009577 -0.010807 0.038564
v -0.011059 -0.010833 0.038978
v -0.010263 -0.012437 0.040609
v -0.008718 -0.012376 0.040226
v -0.009468 -0.013938 0.042253
v -0.007867 -0.013829 0.041912
v -0.008692 -0.015370 0.043842
v -0.007043 -0.015214 0.043553
v -0.004749 -0.019121 0.048083
v -0.005489 -0.017887 0.046607
v -0.007224 -0.018036 0.046792
v -0.006508 -0.019227 0.048217
v -0.004035 -0.020163 0.049600
v -0.005798 -0.020219 0.049668
v -0.008133 -0.007473 -0.002941
v -0.008658 -0.007556 -0.005231
v -0.009936 -0.005854 -0.005157
v -0.009415 -0.005785 -0.002871
v -0.004888 -0.010307 -0.003162
v -0.003037 -0.011412 -0.003344
v -0.003635 -0.011560 -0.005632
v -0.005461 -0.010431 -0.005451
v -0.001146 -0.012313 -0.003564
v -0.001758 -0.012483 -0.005860
v 0.002530 -0.013611 -0.004045
v 0.004262 -0.014036 -0.004286
v 0.003653 -0.014267 -0.006654
v 0.001916 -0.013823 -0.006383
v 0.005266 -0.014527 -0.006923
v 0.005868 -0.014287 -0.004525
v -0.007587 -0.007385 -0.000698
v -0.008877 -0.005713 -0.000630
v -0.002423 -0.011255 -0.001107
v -0.004296 -0.010174 -0.000925
v -0.000520 -0.012136 -0.001317
v 0.004886 -0.013795 -0.001961
v 0.003160 -0.013388 -0.001753
v 0.006485 -0.014040 -0.002160
v -0.009878 -0.003882 -0.000572
v -0.010530 -0.001913 -0.000529
v -0.010411 -0.003934 -0.002813
v -0.011051 -0.001940 -0.002772
v -0.010924 -0.003983 -0.005096
v -0.011546 -0.001964 -0.005056
v 0.003455 -0.015091 -0.014582
v 0.001821 -0.014763 -0.014073
v 0.000095 -0.014259 -0.013640
v -0.003474 -0.012793 -0.012977
v -0.005268 -0.011808 -0.012732
v -0.007018 -0.010652 -0.012535
v -0.010137 -0.007755 -0.012264
v -0.011378 -0.006008 -0.012167
v -0.012314 -0.004076 -0.012086
v -0.012895 -0.002005 -0.012027
v 0.001791 -0.015510 -0.021946
v 0.000153 -0.015126 -0.021230
v -0.001541 -0.014556 -0.020695
v -0.004991 -0.012994 -0.020019
v -0.006713 -0.011988 -0.019802
v -0.008386 -0.010807 -0.019633
v -0.011427 -0.007873 -0.019378
v -0.012682 -0.006102 -0.019274
v -0.013636 -0.004142 -0.019197
v -0.014230 -0.002037 -0.019150
v 0.001291 -0.015532 -0.024036
v -0.000336 -0.015148 -0.023323
v -0.002014 -0.014575 -0.022821
v -0.005430 -0.013029 -0.022229
v -0.007132 -0.012026 -0.022052
v -0.008787 -0.010842 -0.021919
v -0.011812 -0.007901 -0.021709
v -0.013070 -0.006123 -0.021625
v -0.014035 -0.004157 -0.021564
v -0.014656 -0.002047 -0.021525
v 0.000820 -0.015518 -0.025718
v -0.000802 -0.015137 -0.025177
v -0.002456 -0.014574 -0.024787
v -0.005827 -0.013054 -0.024353
v -0.007512 -0.012056 -0.024240
v -0.009153 -0.010876 -0.024158
v -0.012162 -0.007937 -0.024020
v -0.013417 -0.006155 -0.023962
v -0.014384 -0.004180 -0.023919
v -0.015013 -0.002060 -0.023890
v -0.001042 -0.015225 -0.029995
v -0.002116 -0.014984 -0.029847
v -0.003430 -0.014534 -0.029889
v -0.006609 -0.013085 -0.030285
v -0.008325 -0.012076 -0.030522
v -0.009987 -0.010922 -0.030716
v -0.012933 -0.008084 -0.030898
v -0.014129 -0.006291 -0.030915
v -0.015089 -0.004280 -0.030916
v -0.015732 -0.002109 -0.030910
v -0.003435 -0.014496 -0.031279
v -0.004943 -0.013907 -0.030054
v -0.004786 -0.013902 -0.028308
v -0.004499 -0.013896 -0.026466
v -0.004132 -0.013884 -0.024525
v -0.003714 -0.013869 -0.022474
v -0.003257 -0.013843 -0.020307
v -0.002762 -0.013787 -0.018034
v -0.002234 -0.013704 -0.015680
v -0.001677 -0.013607 -0.013278
v -0.001096 -0.013504 -0.010866
v -0.000501 -0.013384 -0.008476
v 0.000105 -0.013231 -0.006115
v 0.000720 -0.013040 -0.003802
v 0.001352 -0.012842 -0.001536
v 0.002006 -0.012663 0.000682
v 0.002686 -0.012519 0.002845
v 0.004907 -0.012259 0.008907
v 0.005773 -0.012231 0.010766
v 0.008432 -0.012386 0.016226
v 0.009177 -0.012494 0.018091
v 0.009800 -0.012613 0.019995
v 0.010299 -0.012740 0.021927
v 0.011024 -0.013349 0.029515
v 0.010812 -0.013491 0.031332
v 0.010397 -0.013611 0.033092
v 0.009760 -0.013717 0.034770
v 0.008878 -0.013824 0.036357
v 0.005063 -0.014415 0.040648
v 0.003603 -0.014767 0.041751
v 0.000446 -0.015463 0.043330
v -0.001219 -0.015785 0.043919
v -0.002895 -0.016087 0.044408
v -0.004571 -0.016351 0.044804
v -0.006252 -0.016568 0.045113
v -0.007946 -0.016741 0.045348
v -0.011389 -0.017033 0.045697
v -0.013100 -0.017201 0.045881
v -0.027185 -0.018763 0.047606
v -0.027116 -0.017877 0.046591
v -0.028468 -0.017729 0.046445
v -0.028586 -0.018702 0.047559
v -0.029873 -0.017696 0.046458
v -0.029997 -0.018665 0.047572
v -0.031312 -0.018626 0.047702
v -0.031211 -0.017670 0.046593
v 0.008201 -0.012974 0.031002
v 0.008337 -0.012820 0.029225
v 0.007964 -0.013125 0.032719
v 0.005631 -0.012520 0.032446
v 0.007625 -0.013276 0.034314
v 0.007083 -0.013401 0.035718
v 0.003819 -0.013842 0.039558
v 0.002598 -0.014111 0.040535
v -0.004908 -0.013914 -0.031667
v -0.011639 -0.009553 -0.033067
v -0.011534 -0.009613 -0.030841
v -0.011321 -0.009601 -0.028589
v -0.011037 -0.009556 -0.026343
v -0.010713 -0.009509 -0.024088
v -0.010358 -0.009472 -0.021808
v -0.009974 -0.009438 -0.019497
v -0.009558 -0.009396 -0.017151
v -0.009116 -0.009347 -0.014776
v -0.008659 -0.009301 -0.012383
v -0.008179 -0.009245 -0.009997
v -0.007677 -0.009173 -0.007645
v -0.007155 -0.009089 -0.005323
v -0.006610 -0.008987 -0.003031
v -0.006045 -0.008878 -0.000790
v -0.005468 -0.008778 0.001384
v -0.004884 -0.008696 0.003478
v -0.002517 -0.008608 0.011090
v -0.003105 -0.008589 0.009278
v -0.000412 -0.008961 0.018152
v -0.000892 -0.008843 0.016393
v 0.000028 -0.009087 0.019901
v 0.000408 -0.009228 0.021627
v -0.030873 -0.009842 0.041165
v -0.029749 -0.009656 0.040994
v -0.028561 -0.009464 0.040861
v -0.027380 -0.009305 0.040713
v -0.026194 -0.009160 0.040545
v -0.024989 -0.009024 0.040359
v -0.022521 -0.008845 0.039906
v -0.021253 -0.008817 0.039653
v -0.018645 -0.008853 0.039142
v -0.017308 -0.008900 0.038866
v -0.015956 -0.008957 0.038555
v -0.014591 -0.009009 0.038212
v -0.011818 -0.009054 0.037449
v -0.010408 -0.009051 0.037010
v -0.008976 -0.009050 0.036505
v -0.007521 -0.009076 0.035890
v -0.006034 -0.009129 0.035104
v -0.004559 -0.009150 0.034049
v -0.008940 -0.001854 0.005781
v -0.008280 -0.003775 0.005732
v -0.005910 -0.007192 0.005585
v -0.007252 -0.005565 0.005664
v -0.004295 -0.008636 0.005487
v -0.002464 -0.009880 0.005363
v -0.000515 -0.010921 0.005220
v 0.001459 -0.011760 0.005076
v 0.003387 -0.012408 0.004944
v 0.005227 -0.012889 0.004835
v 0.006938 -0.013233 0.004757
v 0.008459 -0.013423 0.004707
v -0.008429 -0.001849 0.007722
v -0.007762 -0.003764 0.007672
v -0.005348 -0.007166 0.007515
v -0.006717 -0.005548 0.007601
v -0.003700 -0.008599 0.007416
v -0.001839 -0.009836 0.007301
v 0.000143 -0.010869 0.007180
v 0.002153 -0.011695 0.007065
v 0.004117 -0.012322 0.006969
v 0.005985 -0.012780 0.006907
v 0.007709 -0.013098 0.006897
v 0.009212 -0.013259 0.006942
v -0.006959 -0.001867 0.013165
v -0.006260 -0.003797 0.013116
v -0.005156 -0.005592 0.013044
v -0.003702 -0.007219 0.012959
v -0.001947 -0.008658 0.012870
v 0.000051 -0.009889 0.012784
v 0.002212 -0.010890 0.012707
v 0.004445 -0.011664 0.012642
v 0.006685 -0.012245 0.012584
v 0.008909 -0.012666 0.012532
v 0.011102 -0.012945 0.012480
v 0.013178 -0.013055 0.012426
v -0.006483 -0.001883 0.014885
v -0.005783 -0.003830 0.014843
v -0.004671 -0.005643 0.014781
v -0.003197 -0.007288 0.014709
v -0.001404 -0.008739 0.014634
v 0.000656 -0.009969 0.014564
v 0.002896 -0.010962 0.014504
v 0.005224 -0.011727 0.014451
v 0.007588 -0.012300 0.014396
v 0.009984 -0.012711 0.014330
v 0.012446 -0.012969 0.014239
v 0.014956 -0.013044 0.014080
v 0.019778 -0.013702 0.028417
v 0.016855 -0.013712 0.028152
v 0.013882 -0.013536 0.027903
v 0.011054 -0.013191 0.027659
v 0.008353 -0.012661 0.027419
v 0.005756 -0.011931 0.027172
v 0.003267 -0.010985 0.026908
v 0.001210 -0.014300 0.041203
v 0.002065 -0.015124 0.042624
v 0.002972 -0.016083 0.044091
v 0.003838 -0.017188 0.045586
v 0.004613 -0.018332 0.047182
v -0.014628 -0.002363 0.034835
v -0.014304 -0.004773 0.035516
v -0.013820 -0.007016 0.036543
v -0.013212 -0.009042 0.037844
v -0.012521 -0.010845 0.039345
v -0.011794 -0.012488 0.040942
v -0.011063 -0.014039 0.042541
v -0.010349 -0.015514 0.044079
v -0.009660 -0.016889 0.045534
v -0.008997 -0.018151 0.046929
v -0.008333 -0.019297 0.048306
v -0.007647 -0.020253 0.049684
v -0.014641 -0.017453 0.046153
v -0.014301 -0.018475 0.047274
v -0.014462 -0.019494 0.048522
v -0.020715 -0.002225 0.037137
v -0.020550 -0.004545 0.037611
v -0.020291 -0.006761 0.038377
v -0.019961 -0.008823 0.039399
v -0.019597 -0.010719 0.040594
v -0.019239 -0.012464 0.041868
v -0.018920 -0.014070 0.043144
v -0.018674 -0.015493 0.044339
v -0.017456 -0.020589 0.050128
v -0.024287 -0.002236 0.038281
v -0.024176 -0.004572 0.038657
v -0.023994 -0.006815 0.039291
v -0.023765 -0.008914 0.040146
v -0.023517 -0.010848 0.041155
v -0.023276 -0.012616 0.042243
v -0.023056 -0.014207 0.043356
v -0.022865 -0.015592 0.044444
v -0.022249 -0.020625 0.050194
v 0.003200 -0.011748 0.032277
v 0.000938 -0.009786 0.026616
v 0.000864 -0.010028 0.028287
v 0.000660 -0.010303 0.030067
v 0.000276 -0.010679 0.032240
v -0.003302 -0.009059 0.032664
v -0.004845 -0.007092 0.031642
v -0.002239 -0.008964 0.031134
v -0.001603 -0.008763 0.029483
v -0.003380 -0.006868 0.028911
v -0.003985 -0.007013 0.030322
v -0.001272 -0.008521 0.027872
v -0.003007 -0.006676 0.027473
v -0.001129 -0.008285 0.026309
v -0.002820 -0.006477 0.026028
v -0.004776 -0.002119 0.024321
v -0.004020 -0.004290 0.024413
v -0.004105 -0.004178 0.022960
v -0.004850 -0.002062 0.022905
v -0.002900 -0.006137 0.023052
v -0.002790 -0.006294 0.024561
v -0.001137 -0.008071 0.024754
v -0.001281 -0.007886 0.023173
v 0.000882 -0.009576 0.024972
v 0.000700 -0.009391 0.023316
v 0.003177 -0.010798 0.025192
v 0.002970 -0.010629 0.023467
v 0.005653 -0.011765 0.025400
v 0.005436 -0.011608 0.023612
v 0.008246 -0.012502 0.025593
v 0.008019 -0.012348 0.023744
v 0.010932 -0.013030 0.025774
v 0.010677 -0.012878 0.023860
v 0.013718 -0.013375 0.025952
v 0.013415 -0.013223 0.023963
v 0.016615 -0.013559 0.026132
v 0.016250 -0.013406 0.024059
v 0.019009 -0.013417 0.024172
v 0.019442 -0.013566 0.026326
v -0.005970 -0.004838 0.030888
v -0.006641 -0.002380 0.030431
v -0.005896 -0.002348 0.029378
v -0.005192 -0.004776 0.029734
v -0.004621 -0.004676 0.028480
v -0.005342 -0.002300 0.028219
v -0.004256 -0.004551 0.027163
v -0.004990 -0.002242 0.026975
v -0.004064 -0.004418 0.025809
v -0.004813 -0.002180 0.025673
v 0.006169 -0.013474 0.037017
v 0.007757 -0.013945 0.037877
v 0.009521 -0.014329 0.038769
v 0.011377 -0.014647 0.039672
v 0.013190 -0.014895 0.040516
v 0.005679 -0.012767 0.034062
v 0.005814 -0.013010 0.035235
v 0.005066 -0.013623 0.038360
v 0.006463 -0.014130 0.039332
v 0.007959 -0.014609 0.040405
v 0.009464 -0.015097 0.041526
v 0.010819 -0.015563 0.042615
v 0.004663 -0.012815 0.035997
v 0.003559 -0.012104 0.034178
v 0.003866 -0.013051 0.037538
v 0.002392 -0.013174 0.038565
v 0.000548 -0.013541 0.039787
v 0.001824 -0.013622 0.039654
v -0.017305 -0.016703 0.045461
v -0.018538 -0.016549 0.045388
v -0.016276 -0.017095 0.045845
v -0.015677 -0.017766 0.046533
v -0.015488 -0.018469 0.047300
v -0.026139 -0.018757 0.047624
v -0.026110 -0.018139 0.046912
v -0.025722 -0.017493 0.046225
v -0.024923 -0.017042 0.045770
v -0.023908 -0.016781 0.045609
v -0.022700 -0.016632 0.045490
v -0.021335 -0.016547 0.045414
v -0.019910 -0.016513 0.045385
v -0.015756 -0.019084 0.048015
v -0.016136 -0.019929 0.049089
v -0.017648 -0.020106 0.049331
v -0.019169 -0.020184 0.049442
v -0.020721 -0.020212 0.049485
v -0.022282 -0.020205 0.049479
v -0.023816 -0.020150 0.049406
v -0.025303 -0.019997 0.049199
v -0.017868 -0.019657 0.048728
v -0.019280 -0.019744 0.048841
v -0.020789 -0.019787 0.048887
v -0.022318 -0.019801 0.048895
v -0.023741 -0.019763 0.048850
v -0.024906 -0.019608 0.048694
v -0.016638 -0.019473 0.048493
v -0.025776 -0.019279 0.048262
v -0.011273 0.000142 -0.002757
v -0.010759 0.000142 -0.000512
v 0.000199 -0.012634 0.038058
v 0.001349 -0.011383 0.033948
v -0.000601 -0.011714 0.036261
v -0.001505 -0.010564 0.033858
v -0.000084 -0.011278 0.034803
v -0.031770 0.007912 0.041392
v -0.031670 0.005429 0.040842
v -0.031998 0.011838 0.042944
v -0.031888 0.009996 0.042080
v -0.032329 0.016240 0.046212
v -0.032233 0.015013 0.045114
v -0.032421 0.017129 0.047384
v -0.031437 0.020054 0.051160
v -0.032269 0.019575 0.050588
v -0.027956 0.020414 0.051421
v -0.029899 0.020309 0.051353
v -0.025896 0.020456 0.051446
v -0.022197 0.020670 0.051397
v -0.023938 0.020656 0.051383
v -0.017314 0.020691 0.051421
v -0.018942 0.020689 0.051418
v -0.011237 0.020645 0.051442
v -0.013499 0.020695 0.051427
v -0.005053 0.020694 0.051560
v -0.006901 0.020673 0.051518
v -0.001581 0.020627 0.051624
v -0.003306 0.020651 0.051584
v 0.001842 0.020251 0.051272
v 0.000129 0.020520 0.051589
v 0.003724 0.019623 0.050469
v 0.005470 0.019036 0.049252
v 0.022127 0.013595 0.034899
v 0.020689 0.013837 0.036760
v 0.022721 0.013382 0.033039
v 0.022265 0.013094 0.028761
v 0.022630 0.013219 0.030902
v 0.020170 0.012550 0.019670
v 0.020791 0.012682 0.022042
v 0.019633 0.012472 0.017419
v 0.018830 0.012458 0.015490
v 0.011505 0.012692 0.008979
v 0.013069 0.012618 0.010638
v 0.010611 0.012847 0.006933
v 0.008109 0.013711 -0.002456
v 0.008729 0.013474 -0.000066
v 0.004080 0.015213 -0.020372
v 0.004620 0.015063 -0.017802
v 0.002011 0.015255 -0.027647
v 0.002614 0.015317 -0.026454
v -0.006224 0.012655 -0.033966
v -0.004360 0.013547 -0.033239
v -0.009900 0.010400 -0.035154
v -0.008189 0.011518 -0.034632
v -0.012548 0.008015 -0.035601
v -0.011291 0.009309 -0.035469
v -0.014582 0.004320 -0.035621
v -0.013690 0.006338 -0.035622
v 0.005740 0.014641 -0.012614
v 0.006340 0.014431 -0.009844
v 0.007493 0.013955 -0.004868
v 0.006907 0.014202 -0.007294
v 0.005164 0.014852 -0.015276
v 0.003536 0.015294 -0.022913
v 0.003040 0.015327 -0.025049
v 0.001056 0.015111 -0.029102
v 0.000034 0.014916 -0.030480
v -0.000860 0.014710 -0.031423
v -0.002972 0.014079 -0.032613
v -0.001826 0.014441 -0.032048
v -0.032473 0.018884 0.049567
v -0.032480 0.018078 0.048482
v 0.009492 0.016778 0.046266
v 0.007272 0.017969 0.047949
v -0.015226 0.002180 -0.035621
v -0.031541 0.002803 0.040483
v -0.031477 0.000142 0.040359
v 0.009338 0.013253 0.002264
v 0.009945 0.013046 0.004590
v 0.015168 0.012566 0.012326
v 0.017277 0.012503 0.013893
v -0.032116 0.013561 0.044012
v 0.015091 0.014663 0.041724
v 0.012202 0.015656 0.044235
v -0.008958 0.020653 0.051464
v -0.015536 0.020692 0.051422
v -0.020574 0.020682 0.051409
v 0.021359 0.012828 0.024388
v 0.021860 0.012968 0.026600
v 0.018111 0.014143 0.039171
v -0.015487 0.000142 -0.035616
v -0.031670 -0.005145 0.040842
v -0.031770 -0.007628 0.041392
v -0.000860 -0.014427 -0.031423
v -0.001826 -0.014158 -0.032048
v -0.032116 -0.013278 0.044012
v -0.032233 -0.014730 0.045114
v -0.012548 -0.007732 -0.035601
v -0.013690 -0.006055 -0.035622
v -0.008189 -0.011234 -0.034632
v -0.009900 -0.010116 -0.035154
v -0.015536 -0.020409 0.051422
v -0.013499 -0.020411 0.051427
v -0.032329 -0.015957 0.046212
v -0.029899 -0.020026 0.051353
v -0.027956 -0.020131 0.051421
v -0.020574 -0.020398 0.051409
v -0.018942 -0.020405 0.051418
v -0.025896 -0.020173 0.051446
v -0.023938 -0.020373 0.051383
v -0.011237 -0.020361 0.051442
v -0.008958 -0.020370 0.051464
v 0.000129 -0.020236 0.051589
v 0.001842 -0.019967 0.051272
v 0.003724 -0.019340 0.050469
v -0.001581 -0.020344 0.051624
v 0.018111 -0.013859 0.039171
v 0.020689 -0.013553 0.036760
v 0.007272 -0.017686 0.047949
v 0.009492 -0.016494 0.046266
v 0.022127 -0.013311 0.034899
v 0.022721 -0.013098 0.033039
v 0.022630 -0.012935 0.030902
v 0.020170 -0.012267 0.019670
v 0.019633 -0.012188 0.017419
v 0.018830 -0.012175 0.015490
v 0.013073 -0.012335 0.010637
v 0.011513 -0.012409 0.008974
v 0.009338 -0.012969 0.002264
v 0.008729 -0.013190 -0.000066
v 0.006340 -0.014148 -0.009844
v 0.005740 -0.014358 -0.012614
v 0.004620 -0.014779 -0.017802
v 0.004080 -0.014929 -0.020372
v 0.002011 -0.014972 -0.027647
v 0.001056 -0.014827 -0.029102
v -0.006224 -0.012371 -0.033966
v -0.031998 -0.011554 0.042944
v -0.014582 -0.004037 -0.035621
v -0.015226 -0.001896 -0.035621
v -0.031541 -0.002520 0.040483
v 0.020791 -0.012399 0.022042
v -0.031437 -0.019770 0.051160
v -0.032473 -0.018600 0.049567
v -0.032269 -0.019291 0.050588
v -0.005053 -0.020411 0.051560
v -0.003306 -0.020368 0.051584
v 0.007493 -0.013672 -0.004868
v 0.006907 -0.013918 -0.007294
v 0.008109 -0.013427 -0.002456
v 0.005164 -0.014568 -0.015276
v 0.003536 -0.015010 -0.022913
v 0.003040 -0.015044 -0.025049
v 0.002614 -0.015034 -0.026454
v 0.000034 -0.014633 -0.030480
v -0.002972 -0.013796 -0.032613
v -0.032421 -0.016845 0.047384
v -0.032480 -0.017795 0.048482
v -0.004360 -0.013263 -0.033239
v -0.011292 -0.009026 -0.035469
v -0.031888 -0.009713 0.042080
v 0.009946 -0.012762 0.004589
v 0.010616 -0.012564 0.006930
v 0.015168 -0.012282 0.012326
v 0.017277 -0.012219 0.013893
v 0.022265 -0.012810 0.028761
v 0.005470 -0.018753 0.049252
v -0.006901 -0.020390 0.051518
v -0.017314 -0.020407 0.051421
v -0.022197 -0.020387 0.051397
v 0.021860 -0.012684 0.026600
v 0.021359 -0.012544 0.024388
v 0.015091 -0.014380 0.041724
v 0.012202 -0.015372 0.044235
v -0.019304 0.000142 0.048123
v -0.017975 0.000142 0.048061
v -0.017975 0.008470 0.048061
v -0.019304 0.008491 0.048123
v -0.017090 0.000142 0.047952
v -0.017090 0.008431 0.047952
v -0.016645 0.000142 0.047702
v -0.016645 0.008339 0.047702
v -0.016671 0.000142 0.047347
v -0.016672 0.008201 0.047347
v -0.016663 0.000142 0.046992
v -0.016665 0.008045 0.046993
v -0.016740 0.000142 0.046698
v -0.016745 0.007895 0.046701
v -0.017230 0.000142 0.046536
v -0.017240 0.007801 0.046539
v -0.018193 0.000142 0.046508
v -0.018203 0.007777 0.046509
v -0.019617 0.000142 0.046553
v -0.019621 0.007801 0.046554
v -0.021219 0.000142 0.046602
v -0.021219 0.007863 0.046602
v -0.022708 0.000142 0.046647
v -0.022707 0.007920 0.046647
v -0.023857 0.000142 0.046700
v -0.023856 0.007956 0.046700
v -0.024569 0.000142 0.046822
v -0.024569 0.008012 0.046822
v -0.025049 0.000142 0.047090
v -0.025049 0.008119 0.047090
v -0.025090 0.000142 0.047440
v -0.025090 0.008248 0.047439
v -0.025070 0.000142 0.047746
v -0.025070 0.008355 0.047745
v -0.025029 0.000142 0.048030
v -0.025029 0.008452 0.048030
v -0.024596 0.000142 0.048251
v -0.024596 0.008526 0.048251
v -0.023749 0.000142 0.048257
v -0.023749 0.008545 0.048257
v -0.022409 0.000142 0.048215
v -0.022409 0.008532 0.048215
v -0.020842 0.000142 0.048169
v -0.020842 0.008511 0.048169
v -0.020842 -0.008228 0.048169
v -0.019304 -0.008207 0.048123
v -0.022409 -0.008249 0.048215
v -0.023749 -0.008261 0.048257
v -0.024596 -0.008243 0.048251
v -0.025029 -0.008168 0.048030
v -0.025070 -0.008071 0.047745
v -0.025090 -0.007964 0.047439
v -0.025049 -0.007836 0.047090
v -0.024569 -0.007729 0.046822
v -0.023856 -0.007673 0.046700
v -0.022707 -0.007637 0.046647
v -0.021219 -0.007579 0.046602
v -0.019621 -0.007517 0.046554
v -0.018203 -0.007493 0.046509
v -0.017240 -0.007518 0.046539
v -0.016745 -0.007611 0.046701
v -0.016665 -0.007762 0.046993
v -0.016672 -0.007918 0.047347
v -0.016645 -0.008055 0.047702
v -0.017090 -0.008147 0.047952
v -0.017975 -0.008186 0.048061
v -0.017977 0.013861 0.048061
v -0.019305 0.013898 0.048123
v -0.017092 0.013793 0.047952
v -0.016648 0.013637 0.047702
v -0.016676 0.013401 0.047348
v -0.016673 0.013139 0.046995
v -0.016759 0.012911 0.046706
v -0.017262 0.012775 0.046544
v -0.018222 0.012743 0.046510
v -0.019628 0.012771 0.046552
v -0.021217 0.012846 0.046599
v -0.022700 0.012930 0.046645
v -0.023847 0.012989 0.046700
v -0.024564 0.013084 0.046822
v -0.025044 0.013263 0.047090
v -0.025087 0.013477 0.047437
v -0.025069 0.013659 0.047743
v -0.025027 0.013824 0.048028
v -0.024593 0.013951 0.048250
v -0.023747 0.013986 0.048257
v -0.022408 0.013967 0.048216
v -0.020842 0.013933 0.048169
v -0.020842 -0.013650 0.048169
v -0.019305 -0.013614 0.048123
v -0.022408 -0.013683 0.048216
v -0.023747 -0.013703 0.048257
v -0.024593 -0.013667 0.048250
v -0.025027 -0.013540 0.048028
v -0.025069 -0.013376 0.047743
v -0.025087 -0.013194 0.047437
v -0.025044 -0.012979 0.047090
v -0.024564 -0.012801 0.046822
v -0.023847 -0.012705 0.046700
v -0.022700 -0.012646 0.046645
v -0.021217 -0.012563 0.046599
v -0.019628 -0.012488 0.046552
v -0.018222 -0.012459 0.046510
v -0.017262 -0.012492 0.046544
v -0.016759 -0.012627 0.046706
v -0.016672 -0.012856 0.046995
v -0.016676 -0.013117 0.047348
v -0.016648 -0.013353 0.047702
v -0.017092 -0.013510 0.047952
v -0.017977 -0.013577 0.048061
v -0.020845 -0.016608 0.048174
v -0.019319 -0.016554 0.048127
v -0.022400 -0.016647 0.048219
v -0.023727 -0.016658 0.048256
v -0.024569 -0.016577 0.048244
v -0.025007 -0.016384 0.048021
v -0.025057 -0.016156 0.047732
v -0.025071 -0.015916 0.047423
v -0.025015 -0.015654 0.047081
v -0.024533 -0.015449 0.046816
v -0.023803 -0.015339 0.046687
v -0.022665 -0.015283 0.046625
v -0.021205 -0.015219 0.046576
v -0.019644 -0.015166 0.046531
v -0.018261 -0.015144 0.046494
v -0.017309 -0.015169 0.046538
v -0.016791 -0.015306 0.046707
v -0.016690 -0.015554 0.046996
v -0.016687 -0.015862 0.047347
v -0.016664 -0.016163 0.047697
v -0.017117 -0.016382 0.047947
v -0.018003 -0.016492 0.048062
v -0.018003 0.016775 0.048062
v -0.019319 0.016838 0.048127
v -0.017117 0.016666 0.047946
v -0.016664 0.016447 0.047697
v -0.016688 0.016145 0.047347
v -0.016691 0.015837 0.046996
v -0.016791 0.015589 0.046707
v -0.017309 0.015453 0.046538
v -0.018261 0.015427 0.046494
v -0.019644 0.015450 0.046531
v -0.021206 0.015502 0.046576
v -0.022665 0.015566 0.046625
v -0.023803 0.015623 0.046687
v -0.024533 0.015732 0.046815
v -0.025015 0.015937 0.047081
v -0.025071 0.016199 0.047423
v -0.025057 0.016440 0.047732
v -0.025007 0.016668 0.048022
v -0.024569 0.016860 0.048244
v -0.023727 0.016942 0.048256
v -0.022400 0.016930 0.048219
v -0.020845 0.016892 0.048174
v -0.020854 -0.018328 0.048202
v -0.019361 -0.018245 0.048156
v -0.022375 -0.018367 0.048244
v -0.023672 -0.018352 0.048268
v -0.024509 -0.018179 0.048236
v -0.024969 -0.017887 0.048006
v -0.025045 -0.017569 0.047701
v -0.025048 -0.017246 0.047372
v -0.024953 -0.016940 0.047034
v -0.024456 -0.016726 0.046769
v -0.023686 -0.016602 0.046634
v -0.022567 -0.016534 0.046551
v -0.021176 -0.016473 0.046494
v -0.019700 -0.016442 0.046455
v -0.018382 -0.016446 0.046436
v -0.017430 -0.016490 0.046491
v -0.016858 -0.016641 0.046681
v -0.016711 -0.016917 0.046982
v -0.016694 -0.017276 0.047340
v -0.016691 -0.017656 0.047688
v -0.017178 -0.017959 0.047944
v -0.018074 -0.018138 0.048080
v -0.023669 0.019748 0.048513
v -0.022338 0.019772 0.048529
v -0.022566 0.017353 0.046064
v -0.023711 0.017466 0.046175
v -0.025252 0.019299 0.048087
v -0.024626 0.019589 0.048420
v -0.025223 0.018007 0.046671
v -0.025412 0.018458 0.047144
v -0.024600 0.017669 0.046318
v -0.016387 0.018082 0.046784
v -0.016689 0.017646 0.046328
v -0.017007 0.019399 0.048159
v -0.016358 0.019067 0.047799
v -0.017461 0.017379 0.046034
v -0.018519 0.017283 0.045979
v -0.018047 0.019578 0.048358
v -0.016310 0.018593 0.047309
v -0.025422 0.018905 0.047640
v -0.019820 0.017265 0.045968
v -0.019367 0.019677 0.048462
v -0.020839 0.019739 0.048505
v -0.021225 0.017288 0.045995
v -0.022338 -0.019488 0.048528
v -0.023668 -0.019464 0.048512
v -0.022565 -0.017070 0.046065
v -0.023710 -0.017183 0.046176
v -0.024625 -0.019304 0.048418
v -0.025250 -0.019014 0.048086
v -0.025409 -0.018174 0.047145
v -0.025221 -0.017724 0.046672
v -0.024598 -0.017386 0.046319
v -0.016384 -0.017799 0.046784
v -0.016686 -0.017363 0.046328
v -0.016356 -0.018785 0.047801
v -0.017005 -0.019117 0.048161
v -0.017459 -0.017095 0.046033
v -0.018518 -0.016998 0.045978
v -0.018046 -0.019295 0.048359
v -0.016306 -0.018311 0.047309
v -0.025419 -0.018622 0.047640
v -0.019819 -0.016981 0.045968
v -0.019367 -0.019393 0.048462
v -0.020839 -0.019455 0.048505
v -0.021225 -0.017005 0.045995
v -0.018075 0.018422 0.048079
v -0.019361 0.018529 0.048156
v -0.017178 0.018242 0.047944
v -0.016692 0.017938 0.047687
v -0.016697 0.017559 0.047339
v -0.016714 0.017200 0.046982
v -0.016860 0.016925 0.046681
v -0.017431 0.016774 0.046492
v -0.018383 0.016730 0.046436
v -0.019701 0.016726 0.046455
v -0.021176 0.016756 0.046494
v -0.022568 0.016817 0.046551
v -0.023686 0.016885 0.046634
v -0.024457 0.017009 0.046769
v -0.024954 0.017223 0.047034
v -0.025049 0.017529 0.047372
v -0.025047 0.017852 0.047701
v -0.024969 0.018171 0.048007
v -0.024509 0.018463 0.048236
v -0.023672 0.018635 0.048268
v -0.022375 0.018650 0.048244
v -0.020854 0.018612 0.048202
v -0.019395 0.019295 0.048253
v -0.018117 0.019181 0.048162
v -0.020859 0.019378 0.048299
v -0.017515 0.017308 0.046341
v -0.018486 0.017253 0.046292
v -0.019760 0.017245 0.046292
v -0.024503 0.019215 0.048279
v -0.023640 0.019398 0.048339
v -0.025019 0.018915 0.048017
v -0.022515 0.017317 0.046384
v -0.023629 0.017402 0.046483
v -0.024450 0.017558 0.046620
v -0.017175 0.018992 0.047996
v -0.016867 0.017497 0.046570
v -0.016626 0.018671 0.047709
v -0.016607 0.018247 0.047324
v -0.016651 0.017827 0.046918
v -0.025137 0.018564 0.047670
v -0.024992 0.017822 0.046909
v -0.025133 0.018187 0.047283
v -0.021172 0.017262 0.046322
v -0.022352 0.019419 0.048334
v -0.022352 -0.019136 0.048333
v -0.023640 -0.019114 0.048338
v -0.020859 -0.019094 0.048299
v -0.024449 -0.017275 0.046621
v -0.023629 -0.017119 0.046484
v -0.022514 -0.017033 0.046384
v -0.024502 -0.018930 0.048278
v -0.025017 -0.018631 0.048016
v -0.025131 -0.017904 0.047283
v -0.024991 -0.017539 0.046910
v -0.025135 -0.018280 0.047670
v -0.017513 -0.017024 0.046340
v -0.016863 -0.017213 0.046570
v -0.016647 -0.017544 0.046918
v -0.016603 -0.017965 0.047324
v -0.016624 -0.018389 0.047710
v -0.017173 -0.018710 0.047998
v -0.018484 -0.016968 0.046290
v -0.019760 -0.016961 0.046292
v -0.018117 -0.018899 0.048162
v -0.021172 -0.016978 0.046322
v -0.019394 -0.019012 0.048253
v 0.001959 -0.010178 0.037714
v 0.003123 -0.010176 0.037058
v 0.003389 -0.010163 0.035873
v 0.000700 -0.010168 0.037418
v 0.000097 -0.010151 0.036378
v 0.000431 -0.010141 0.035218
v 0.001534 -0.010136 0.034576
v 0.002830 -0.010146 0.034836
v 0.002369 -0.010049 0.036512
v 0.001894 -0.010053 0.036787
v 0.001383 -0.010054 0.036664
v 0.001157 -0.010051 0.036246
v 0.001295 -0.010048 0.035794
v 0.001724 -0.010042 0.035538
v 0.002259 -0.010042 0.035631
v 0.002523 -0.010045 0.036045
v -0.031379 0.007969 0.040592
v -0.031664 0.007982 0.040774
v -0.031773 0.007924 0.041081
v -0.031308 0.005458 0.040043
v -0.031585 0.005470 0.040225
v -0.031683 0.005432 0.040539
v -0.002108 0.015112 -0.031560
v -0.002015 0.014984 -0.031849
v -0.001910 0.014710 -0.031999
v -0.001266 0.015349 -0.031055
v -0.001071 0.015236 -0.031290
v -0.000932 0.014965 -0.031401
v -0.031812 0.015460 0.044437
v -0.032096 0.015378 0.044581
v -0.032217 0.015193 0.044822
v -0.031701 0.013930 0.043294
v -0.031983 0.013865 0.043449
v -0.032101 0.013703 0.043710
v -0.013077 0.008442 -0.035103
v -0.012993 0.008376 -0.035416
v -0.012765 0.008191 -0.035570
v -0.014279 0.006656 -0.035105
v -0.014187 0.006609 -0.035417
v -0.013935 0.006472 -0.035580
v -0.008512 0.012197 -0.034093
v -0.008470 0.012081 -0.034410
v -0.008340 0.011814 -0.034577
v -0.010251 0.011037 -0.034609
v -0.010210 0.010928 -0.034928
v -0.010065 0.010672 -0.035098
v -0.013660 0.021067 0.050871
v -0.013578 0.021045 0.051210
v -0.013508 0.020769 0.051412
v -0.015639 0.021100 0.050854
v -0.015585 0.021076 0.051190
v -0.015543 0.020806 0.051395
v -0.031906 0.016756 0.045589
v -0.032189 0.016656 0.045719
v -0.032310 0.016451 0.045942
v -0.029617 0.020893 0.050702
v -0.029753 0.020875 0.051026
v -0.029849 0.020619 0.051245
v -0.027838 0.020989 0.050763
v -0.027869 0.020977 0.051098
v -0.027915 0.020728 0.051318
v -0.019001 0.021134 0.050861
v -0.018971 0.021099 0.051196
v -0.018948 0.020824 0.051391
v -0.020616 0.021131 0.050858
v -0.020595 0.021093 0.051193
v -0.020578 0.020816 0.051385
v -0.023932 0.021094 0.050836
v -0.023937 0.021056 0.051172
v -0.023938 0.020777 0.051362
v -0.025775 0.021058 0.050818
v -0.025837 0.021033 0.051150
v -0.025878 0.020770 0.051360
v -0.009133 0.021055 0.050935
v -0.009010 0.021025 0.051266
v -0.008958 0.020735 0.051460
v -0.011190 0.021048 0.050907
v -0.011193 0.021022 0.051247
v -0.011196 0.020738 0.051437
v 0.000018 0.020904 0.051062
v 0.000076 0.020891 0.051403
v 0.000136 0.020612 0.051598
v 0.001651 0.020665 0.050794
v 0.001779 0.020624 0.051121
v 0.001845 0.020307 0.051267
v 0.003294 0.020197 0.050086
v 0.003469 0.020150 0.050379
v 0.003514 0.019851 0.050546
v -0.001581 0.020991 0.051085
v -0.001577 0.020980 0.051423
v -0.001582 0.020708 0.051627
v 0.020313 0.014571 0.036447
v 0.020544 0.014460 0.036656
v 0.020661 0.014163 0.036750
v 0.017472 0.014861 0.039073
v 0.017763 0.014742 0.039210
v 0.017887 0.014437 0.039311
v 0.009224 0.017270 0.045829
v 0.009401 0.017223 0.046123
v 0.009493 0.016930 0.046267
v 0.007324 0.018344 0.047266
v 0.007414 0.018375 0.047626
v 0.007302 0.018176 0.047921
v 0.021696 0.014358 0.034714
v 0.021974 0.014235 0.034852
v 0.022104 0.013934 0.034904
v 0.022224 0.014166 0.032963
v 0.022525 0.014040 0.033006
v 0.022675 0.013749 0.033029
v 0.022177 0.014011 0.030814
v 0.022480 0.013874 0.030808
v 0.022613 0.013574 0.030844
v 0.019218 0.013256 0.017589
v 0.019498 0.013119 0.017485
v 0.019620 0.012818 0.017434
v 0.019814 0.013337 0.019728
v 0.020103 0.013186 0.019659
v 0.020200 0.012867 0.019648
v 0.018420 0.013234 0.015733
v 0.018676 0.013101 0.015566
v 0.018800 0.012804 0.015496
v 0.011105 0.013402 0.009240
v 0.011368 0.013284 0.009071
v 0.011488 0.012986 0.008992
v 0.012694 0.013339 0.010934
v 0.012912 0.013215 0.010720
v 0.013031 0.012919 0.010636
v 0.008299 0.014153 0.000061
v 0.008611 0.014036 0.000015
v 0.008736 0.013728 -0.000036
v 0.008933 0.013931 0.002441
v 0.009235 0.013815 0.002354
v 0.009352 0.013506 0.002296
v 0.005898 0.015097 -0.009639
v 0.006203 0.014991 -0.009718
v 0.006335 0.014694 -0.009796
v 0.005300 0.015295 -0.012338
v 0.005600 0.015195 -0.012445
v 0.005732 0.014904 -0.012550
v 0.003617 0.015862 -0.020088
v 0.003928 0.015768 -0.020156
v 0.004083 0.015477 -0.020201
v 0.004165 0.015709 -0.017523
v 0.004475 0.015614 -0.017597
v 0.004625 0.015322 -0.017650
v 0.001540 0.015894 -0.027383
v 0.001814 0.015805 -0.027546
v 0.001966 0.015524 -0.027629
v 0.000474 0.015737 -0.028955
v 0.000783 0.015655 -0.029046
v 0.000971 0.015385 -0.029096
v -0.006574 0.013323 -0.033425
v -0.006509 0.013219 -0.033736
v -0.006375 0.012961 -0.033903
v -0.031587 0.012135 0.042206
v -0.031869 0.012084 0.042365
v -0.031987 0.011949 0.042643
v -0.015876 0.002348 -0.035070
v -0.015777 0.002322 -0.035380
v -0.015506 0.002264 -0.035555
v -0.015216 0.004564 -0.035078
v -0.015120 0.004526 -0.035389
v -0.014859 0.004428 -0.035560
v -0.031205 0.002821 0.039683
v -0.031476 0.002825 0.039869
v -0.031564 0.002806 0.040185
v 0.020391 0.013460 0.021945
v 0.020698 0.013315 0.021963
v 0.020809 0.012996 0.022002
v -0.031163 0.020664 0.050536
v -0.031315 0.020633 0.050845
v -0.031402 0.020377 0.051052
v -0.032099 0.020257 0.050047
v -0.032303 0.020165 0.050311
v -0.032335 0.019877 0.050497
v -0.032103 0.019634 0.048917
v -0.032378 0.019522 0.049064
v -0.032476 0.019284 0.049263
v -0.003477 0.021031 0.051049
v -0.003358 0.021008 0.051382
v -0.003306 0.020724 0.051583
v -0.005062 0.021037 0.050999
v -0.005064 0.021025 0.051339
v -0.005066 0.020760 0.051549
v 0.006484 0.014875 -0.007077
v 0.006788 0.014765 -0.007160
v 0.006917 0.014463 -0.007219
v 0.007068 0.014635 -0.004694
v 0.007376 0.014521 -0.004759
v 0.007499 0.014218 -0.004827
v 0.007680 0.014389 -0.002302
v 0.007990 0.014274 -0.002358
v 0.008115 0.013969 -0.002419
v 0.004724 0.015500 -0.014961
v 0.005023 0.015405 -0.015083
v 0.005155 0.015117 -0.015202
v 0.003111 0.015941 -0.022594
v 0.003422 0.015841 -0.022664
v 0.003566 0.015542 -0.022702
v 0.002611 0.015969 -0.024702
v 0.002913 0.015878 -0.024827
v 0.003039 0.015593 -0.024961
v 0.002161 0.015957 -0.026149
v 0.002449 0.015870 -0.026290
v 0.002589 0.015588 -0.026398
v -0.000455 0.015539 -0.030259
v -0.000165 0.015438 -0.030389
v -0.000008 0.015156 -0.030460
v -0.003283 0.014739 -0.032149
v -0.003194 0.014621 -0.032444
v -0.003073 0.014347 -0.032584
v -0.032002 0.017867 0.046726
v -0.032283 0.017755 0.046847
v -0.032403 0.017535 0.047055
v -0.032076 0.018832 0.047845
v -0.032355 0.018716 0.047967
v -0.032469 0.018482 0.048164
v -0.004733 0.014198 -0.032761
v -0.004639 0.014096 -0.033059
v -0.004497 0.013835 -0.033204
v -0.011730 0.009850 -0.034959
v -0.011667 0.009761 -0.035273
v -0.011481 0.009534 -0.035432
v -0.031484 0.010173 0.041306
v -0.031768 0.010154 0.041478
v -0.031882 0.010057 0.041772
v 0.009502 0.013732 0.004746
v 0.009801 0.013620 0.004655
v 0.009932 0.013321 0.004594
v 0.010198 0.013545 0.007087
v 0.010491 0.013424 0.006983
v 0.010612 0.013117 0.006936
v 0.014727 0.013303 0.012620
v 0.014935 0.013181 0.012394
v 0.015080 0.012896 0.012313
v 0.016897 0.013261 0.014187
v 0.017107 0.013130 0.013965
v 0.017228 0.012833 0.013883
v 0.021841 0.013886 0.028703
v 0.022136 0.013742 0.028658
v 0.022254 0.013433 0.028655
v 0.005366 0.019352 0.048626
v 0.005482 0.019360 0.048953
v 0.005485 0.019110 0.049196
v -0.007100 0.021052 0.050978
v -0.006966 0.021025 0.051311
v -0.006902 0.020738 0.051512
v -0.017342 0.021123 0.050848
v -0.017341 0.021096 0.051183
v -0.017341 0.020829 0.051387
v -0.022228 0.021118 0.050843
v -0.022215 0.021081 0.051178
v -0.022201 0.020805 0.051371
v 0.020941 0.013606 0.024251
v 0.021250 0.013463 0.024284
v 0.021369 0.013147 0.024338
v 0.021449 0.013757 0.026559
v 0.021743 0.013611 0.026507
v 0.021855 0.013299 0.026503
v 0.014649 0.015308 0.041419
v 0.014927 0.015205 0.041597
v 0.015066 0.014905 0.041697
v 0.011928 0.016153 0.043690
v 0.012134 0.016101 0.043943
v 0.012209 0.015853 0.044146
v -0.016133 0.000142 -0.035066
v -0.016032 0.000142 -0.035376
v -0.015757 0.000142 -0.035553
v -0.031156 0.000142 0.039558
v -0.031424 0.000142 0.039746
v -0.031507 0.000142 0.040063
v -0.031311 -0.005175 0.040044
v -0.031586 -0.005186 0.040225
v -0.031683 -0.005149 0.040536
v -0.031385 -0.007687 0.040594
v -0.031665 -0.007700 0.040773
v -0.031773 -0.007642 0.041076
v -0.002108 -0.014829 -0.031559
v -0.002015 -0.014700 -0.031848
v -0.001910 -0.014426 -0.031999
v -0.001266 -0.015066 -0.031054
v -0.001072 -0.014952 -0.031290
v -0.000932 -0.014681 -0.031401
v -0.031703 -0.013646 0.043295
v -0.031983 -0.013582 0.043449
v -0.032101 -0.013421 0.043708
v -0.031815 -0.015177 0.044438
v -0.032097 -0.015094 0.044581
v -0.032217 -0.014911 0.044820
v -0.013077 -0.008159 -0.035103
v -0.012993 -0.008092 -0.035416
v -0.012766 -0.007908 -0.035570
v -0.014279 -0.006373 -0.035105
v -0.014187 -0.006325 -0.035417
v -0.013934 -0.006188 -0.035580
v -0.008512 -0.011914 -0.034093
v -0.008470 -0.011798 -0.034410
v -0.008341 -0.011531 -0.034577
v -0.010251 -0.010754 -0.034610
v -0.010210 -0.010645 -0.034928
v -0.010066 -0.010390 -0.035098
v -0.015639 -0.020817 0.050855
v -0.015585 -0.020793 0.051190
v -0.015543 -0.020523 0.051395
v -0.013660 -0.020784 0.050872
v -0.013578 -0.020762 0.051211
v -0.013508 -0.020486 0.051412
v -0.031907 -0.016472 0.045589
v -0.032189 -0.016373 0.045719
v -0.032310 -0.016169 0.045941
v -0.029619 -0.020612 0.050708
v -0.029754 -0.020593 0.051028
v -0.029849 -0.020336 0.051245
v -0.027838 -0.020705 0.050763
v -0.027869 -0.020694 0.051098
v -0.027915 -0.020444 0.051319
v -0.020616 -0.020848 0.050858
v -0.020595 -0.020810 0.051193
v -0.020578 -0.020532 0.051385
v -0.019001 -0.020851 0.050861
v -0.018971 -0.020815 0.051196
v -0.018948 -0.020541 0.051391
v -0.025775 -0.020775 0.050818
v -0.025837 -0.020749 0.051150
v -0.025878 -0.020487 0.051360
v -0.023932 -0.020811 0.050837
v -0.023937 -0.020773 0.051172
v -0.023938 -0.020494 0.051362
v -0.011190 -0.020765 0.050907
v -0.011193 -0.020739 0.051247
v -0.011196 -0.020455 0.051437
v -0.009133 -0.020771 0.050935
v -0.009010 -0.020742 0.051265
v -0.008958 -0.020451 0.051460
v 0.000017 -0.020619 0.051058
v 0.000075 -0.020607 0.051401
v 0.000136 -0.020328 0.051598
v 0.001644 -0.020374 0.050777
v 0.001776 -0.020338 0.051115
v 0.001845 -0.020024 0.051267
v 0.003290 -0.019912 0.050081
v 0.003468 -0.019866 0.050378
v 0.003514 -0.019567 0.050546
v -0.001581 -0.020707 0.051085
v -0.001577 -0.020696 0.051423
v -0.001582 -0.020425 0.051627
v 0.017464 -0.014578 0.039069
v 0.017761 -0.014456 0.039210
v 0.017888 -0.014145 0.039312
v 0.020310 -0.014288 0.036444
v 0.020543 -0.014176 0.036655
v 0.020661 -0.013880 0.036750
v 0.009223 -0.016986 0.045828
v 0.009401 -0.016938 0.046123
v 0.009493 -0.016642 0.046267
v 0.007324 -0.018061 0.047266
v 0.007414 -0.018092 0.047626
v 0.007302 -0.017893 0.047920
v 0.021685 -0.014075 0.034708
v 0.021971 -0.013952 0.034850
v 0.022104 -0.013650 0.034904
v 0.022219 -0.013883 0.032962
v 0.022524 -0.013757 0.033005
v 0.022675 -0.013466 0.033029
v 0.022180 -0.013727 0.030814
v 0.022481 -0.013591 0.030807
v 0.022613 -0.013291 0.030844
v 0.019814 -0.013054 0.019728
v 0.020103 -0.012903 0.019659
v 0.020200 -0.012584 0.019648
v 0.019216 -0.012973 0.017589
v 0.019498 -0.012836 0.017486
v 0.019620 -0.012534 0.017434
v 0.018422 -0.012950 0.015732
v 0.018677 -0.012817 0.015566
v 0.018800 -0.012520 0.015496
v 0.012695 -0.013055 0.010931
v 0.012916 -0.012932 0.010716
v 0.013036 -0.012635 0.010633
v 0.010987 -0.013125 0.009000
v 0.011342 -0.012990 0.008994
v 0.011501 -0.012661 0.008982
v 0.008933 -0.013647 0.002441
v 0.009235 -0.013531 0.002354
v 0.009352 -0.013223 0.002296
v 0.008299 -0.013869 0.000061
v 0.008611 -0.013752 0.000015
v 0.008736 -0.013444 -0.000036
v 0.005898 -0.014814 -0.009639
v 0.006204 -0.014707 -0.009718
v 0.006335 -0.014411 -0.009796
v 0.005300 -0.015011 -0.012338
v 0.005600 -0.014911 -0.012445
v 0.005732 -0.014620 -0.012550
v 0.003617 -0.015579 -0.020088
v 0.003928 -0.015484 -0.020156
v 0.004083 -0.015194 -0.020201
v 0.004165 -0.015426 -0.017523
v 0.004475 -0.015330 -0.017597
v 0.004625 -0.015038 -0.017650
v 0.001540 -0.015610 -0.027383
v 0.001813 -0.015521 -0.027546
v 0.001966 -0.015241 -0.027629
v 0.000471 -0.015453 -0.028954
v 0.000783 -0.015370 -0.029045
v 0.000972 -0.015099 -0.029096
v -0.006574 -0.013039 -0.033427
v -0.006509 -0.012936 -0.033736
v -0.006377 -0.012681 -0.033902
v -0.031587 -0.011852 0.042206
v -0.031869 -0.011801 0.042364
v -0.031987 -0.011668 0.042639
v -0.015216 -0.004280 -0.035078
v -0.015120 -0.004242 -0.035389
v -0.014859 -0.004145 -0.035560
v -0.015876 -0.002065 -0.035070
v -0.015777 -0.002039 -0.035380
v -0.015507 -0.001981 -0.035555
v -0.031207 -0.002538 0.039683
v -0.031477 -0.002542 0.039868
v -0.031565 -0.002523 0.040183
v 0.020392 -0.013177 0.021945
v 0.020698 -0.013031 0.021963
v 0.020809 -0.012713 0.022002
v -0.031168 -0.020384 0.050546
v -0.031316 -0.020351 0.050848
v -0.031402 -0.020093 0.051052
v -0.032104 -0.019350 0.048918
v -0.032378 -0.019239 0.049064
v -0.032477 -0.019002 0.049262
v -0.032093 -0.019973 0.050041
v -0.032302 -0.019881 0.050309
v -0.032335 -0.019594 0.050497
v -0.005062 -0.020753 0.050999
v -0.005064 -0.020742 0.051339
v -0.005066 -0.020477 0.051549
v -0.003477 -0.020747 0.051048
v -0.003358 -0.020724 0.051381
v -0.003306 -0.020440 0.051584
v 0.007068 -0.014352 -0.004694
v 0.007376 -0.014238 -0.004759
v 0.007499 -0.013934 -0.004827
v 0.006484 -0.014592 -0.007077
v 0.006788 -0.014482 -0.007160
v 0.006917 -0.014180 -0.007219
v 0.007680 -0.014105 -0.002302
v 0.007990 -0.013991 -0.002358
v 0.008115 -0.013685 -0.002419
v 0.004724 -0.015216 -0.014961
v 0.005023 -0.015122 -0.015083
v 0.005155 -0.014833 -0.015202
v 0.003111 -0.015657 -0.022594
v 0.003422 -0.015558 -0.022664
v 0.003566 -0.015259 -0.022702
v 0.002606 -0.015685 -0.024701
v 0.002911 -0.015593 -0.024827
v 0.003039 -0.015305 -0.024962
v 0.002156 -0.015673 -0.026147
v 0.002447 -0.015586 -0.026289
v 0.002589 -0.015304 -0.026398
v -0.000449 -0.015256 -0.030261
v -0.000164 -0.015155 -0.030390
v -0.000008 -0.014873 -0.030460
v -0.003283 -0.014456 -0.032148
v -0.003194 -0.014337 -0.032444
v -0.003072 -0.014063 -0.032584
v -0.032002 -0.017584 0.046726
v -0.032284 -0.017472 0.046847
v -0.032402 -0.017252 0.047055
v -0.032076 -0.018549 0.047845
v -0.032355 -0.018433 0.047967
v -0.032469 -0.018199 0.048163
v -0.004733 -0.013915 -0.032761
v -0.004639 -0.013812 -0.033059
v -0.004497 -0.013552 -0.033204
v -0.011730 -0.009567 -0.034959
v -0.011667 -0.009477 -0.035273
v -0.011481 -0.009251 -0.035432
v -0.031484 -0.009889 0.041306
v -0.031768 -0.009871 0.041476
v -0.031882 -0.009776 0.041767
v 0.009502 -0.013448 0.004745
v 0.009802 -0.013337 0.004654
v 0.009933 -0.013038 0.004593
v 0.010202 -0.013261 0.007083
v 0.010496 -0.013140 0.006977
v 0.010618 -0.012832 0.006932
v 0.014724 -0.013019 0.012623
v 0.014934 -0.012897 0.012395
v 0.015081 -0.012609 0.012313
v 0.016900 -0.012977 0.014183
v 0.017108 -0.012847 0.013964
v 0.017228 -0.012550 0.013883
v 0.021841 -0.013603 0.028703
v 0.022136 -0.013459 0.028658
v 0.022254 -0.013149 0.028655
v 0.005363 -0.019066 0.048621
v 0.005481 -0.019074 0.048953
v 0.005484 -0.018822 0.049198
v -0.007100 -0.020768 0.050978
v -0.006966 -0.020742 0.051311
v -0.006902 -0.020455 0.051512
v -0.017342 -0.020839 0.050848
v -0.017341 -0.020812 0.051183
v -0.017341 -0.020546 0.051387
v -0.022228 -0.020835 0.050843
v -0.022215 -0.020798 0.051178
v -0.022201 -0.020521 0.051371
v 0.021449 -0.013474 0.026559
v 0.021743 -0.013328 0.026507
v 0.021855 -0.013016 0.026503
v 0.020942 -0.013322 0.024251
v 0.021250 -0.013180 0.024284
v 0.021369 -0.012865 0.024338
v 0.014644 -0.015024 0.041416
v 0.014926 -0.014918 0.041596
v 0.015067 -0.014610 0.041698
v 0.011927 -0.015870 0.043690
v 0.012133 -0.015817 0.043943
v 0.012209 -0.015568 0.044147
v 0.003630 -0.011370 0.035930
v 0.002995 -0.011092 0.034752
v 0.001548 -0.010829 0.034496
v 0.000402 -0.010796 0.035159
v 0.000037 -0.010982 0.036345
v 0.000674 -0.011312 0.037513
v 0.002092 -0.011518 0.037846
v 0.003274 -0.011496 0.037146
v 0.003551 -0.012884 0.037322
v 0.002273 -0.012948 0.038147
v 0.000519 -0.012507 0.037737
v -0.000190 -0.011784 0.036298
v 0.000241 -0.011401 0.035014
v 0.001501 -0.011482 0.034281
v 0.003275 -0.012057 0.034527
v 0.004099 -0.012646 0.035990
v 0.003789 -0.012167 0.035968
v 0.003373 -0.012367 0.037204
v 0.002180 -0.012402 0.037933
v 0.000657 -0.012066 0.037575
v -0.000003 -0.011529 0.036324
v 0.000383 -0.011228 0.035120
v 0.001558 -0.011286 0.034443
v 0.003105 -0.011716 0.034696
f 1969 1970 1976
f 1969 1976 1975
f 1970 1971 1977
f 1970 1977 1976
f 1971 1972 1978
f 1971 1978 1977
f 1972 1973 1979
f 1972 1979 1978
f 1973 1974 1980
f 1973 1980 1979
f 1974 1969 1975
f 1974 1975 1980
f 1975 1976 1982
f 1975 1982 1981
f 1976 1977 1983
f 1976 1983 1982
f 1977 1978 1984
f 1977 1984 1983
f 1978 1979 1985
f 1978 1985 1984
f 1979 1980 1986
f 1979 1986 1985
f 1980 1975 1981
f 1980 1981 1986
f 1981 1982 1987
f 1982 1983 1987
f 1983 1984 1987
f 1984 1985 1987
f 1985 1986 1987
f 1986 1981 1987
f 1970 1969 1988
f 1970 1988 1989
f 1971 1970 1989
f 1971 1989 1990
f 1972 1971 1990
f 1972 1990 1991
f 1973 1972 1991
f 1973 1991 1992
f 1974 1973 1992
f 1974 1992 1993
f 1969 1974 1993
f 1969 1993 1988
f 1994 1995 2001
f 1994 2001 2000
f 1995 1996 2002
f 1995 2002 2001
f 1996 1997 2003
f 1996 2003 2002
f 1997 1998 2004
f 1997 2004 2003
f 1998 1999 2005
f 1998 2005 2004
f 1999 1994 2000
f 1999 2000 2005
f 2000 2001 2007
f 2000 2007 2006
f 2001 2002 2008
f 2001 2008 2007
f 2002 2003 2009
f 2002 2009 2008
f 2003 2004 2010
f 2003 2010 2009
f 2004 2005 2011
f 2004 2011 2010
f 2005 2000 2006
f 2005 2006 2011
f 2006 2007 2012
f 2007 2008 2012
f 2008 2009 2012
f 2009 2010 2012
f 2010 2011 2012
f 2011 2006 2012
f 1995 1994 2013
f 1995 2013 2014
f 1996 1995 2014
f 1996 2014 2015
f 1997 1996 2015
f 1997 2015 2016
f 1998 1997 2016
f 1998 2016 2017
f 1999 1998 2017
f 1999 2017 2018
f 1994 1999 2018
f 1994 2018 2013
f 2019 2020 2026
f 2019 2026 2025
f 2020 2021 2027
f 2020 2027 2026
f 2021 2022 2028
f 2021 2028 2027
f 2022 2023 2029
f 2022 2029 2028
f 2023 2024 2030
f 2023 2030 2029
f 2024 2019 2025
f 2024 2025 2030
f 2025 2026 2032
f 2025 2032 2031
f 2026 2027 2033
f 2026 2033 2032
f 2027 2028 2034
f 2027 2034 2033
f 2028 2029 2035
f 2028 2035 2034
f 2029 2030 2036
f 2029 2036 2035
f 2030 2025 2031
f 2030 2031 2036
f 2031 2032 2037
f 2032 2033 2037
f 2033 2034 2037
f 2034 2035 2037
f 2035 2036 2037
f 2036 2031 2037
f 2020 2019 2038
f 2020 2038 2039
f 2021 2020 2039
f 2021 2039 2040
f 2022 2021 2040
f 2022 2040 2041
f 2023 2022 2041
f 2023 2041 2042
f 2024 2023 2042
f 2024 2042 2043
f 2019 2024 2043
f 2019 2043 2038
f 2044 2045 2051
f 2044 2051 2050
f 2045 2046 2052
f 2045 2052 2051
f 2046 2047 2053
f 2046 2053 2052
f 2047 2048 2054
f 2047 2054 2053
f 2048 2049 2055
f 2048 2055 2054
f 2049 2044 2050
f 2049 2050 2055
f 2050 2051 2057
f 2050 2057 2056
f 2051 2052 2058
f 2051 2058 2057
f 2052 2053 2059
f 2052 2059 2058
f 2053 2054 2060
f 2053 2060 2059
f 2054 2055 2061
f 2054 2061 2060
f 2055 2050 2056
f 2055 2056 2061
f 2056 2057 2062
f 2057 2058 2062
f 2058 2059 2062
f 2059 2060 2062
f 2060 2061 2062
f 2061 2056 2062
f 2045 2044 2063
f 2045 2063 2064
f 2046 2045 2064
f 2046 2064 2065
f 2047 2046 2065
f 2047 2065 2066
f 2048 2047 2066
f 2048 2066 2067
f 2049 2048 2067
f 2049 2067 2068
f 2044 2049 2068
f 2044 2068 2063
f 2069 2070 2076
f 2069 2076 2075
f 2070 2071 2077
f 2070 2077 2076
f 2071 2072 2078
f 2071 2078 2077
f 2072 2073 2079
f 2072 2079 2078
f 2073 2074 2080
f 2073 2080 2079
f 2074 2069 2075
f 2074 2075 2080
f 2075 2076 2082
f 2075 2082 2081
f 2076 2077 2083
f 2076 2083 2082
f 2077 2078 2084
f 2077 2084 2083
f 2078 2079 2085
f 2078 2085 2084
f 2079 2080 2086
f 2079 2086 2085
f 2080 2075 2081
f 2080 2081 2086
f 2081 2082 2087
f 2082 2083 2087
f 2083 2084 2087
f 2084 2085 2087
f 2085 2086 2087
f 2086 2081 2087
f 2070 2069 2088
f 2070 2088 2089
f 2071 2070 2089
f 2071 2089 2090
f 2072 2071 2090
f 2072 2090 2091
f 2073 2072 2091
f 2073 2091 2092
f 2074 2073 2092
f 2074 2092 2093
f 2069 2074 2093
f 2069 2093 2088
f 2094 2095 2101
f 2094 2101 2100
f 2095 2096 2102
f 2095 2102 2101
f 2096 2097 2103
f 2096 2103 2102
f 2097 2098 2104
f 2097 2104 2103
f 2098 2099 2105
f 2098 2105 2104
f 2099 2094 2100
f 2099 2100 2105
f 2100 2101 2107
f 2100 2107 2106
f 2101 2102 2108
f 2101 2108 2107
f 2102 2103 2109
f 2102 2109 2108
f 2103 2104 2110
f 2103 2110 2109
f 2104 2105 2111
f 2104 2111 2110
f 2105 2100 2106
f 2105 2106 2111
f 2106 2107 2112
f 2107 2108 2112
f 2108 2109 2112
f 2109 2110 2112
f 2110 2111 2112
f 2111 2106 2112
f 2095 2094 2113
f 2095 2113 2114
f 2096 2095 2114
f 2096 2114 2115
f 2097 2096 2115
f 2097 2115 2116
f 2098 2097 2116
f 2098 2116 2117
f 2099 2098 2117
f 2099 2117 2118
f 2094 2099 2118
f 2094 2118 2113
f 2119 2120 2126
f 2119 2126 2125
f 2120 2121 2127
f 2120 2127 2126
f 2121 2122 2128
f 2121 2128 2127
f 2122 2123 2129
f 2122 2129 2128
f 2123 2124 2130
f 2123 2130 2129
f 2124 2119 2125
f 2124 2125 2130
f 2125 2126 2132
f 2125 2132 2131
f 2126 2127 2133
f 2126 2133 2132
f 2127 2128 2134
f 2127 2134 2133
f 2128 2129 2135
f 2128 2135 2134
f 2129 2130 2136
f 2129 2136 2135
f 2130 2125 2131
f 2130 2131 2136
f 2131 2132 2137
f 2132 2133 2137
f 2133 2134 2137
f 2134 2135 2137
f 2135 2136 2137
f 2136 2131 2137
f 2120 2119 2138
f 2120 2138 2139
f 2121 2120 2139
f 2121 2139 2140
f 2122 2121 2140
f 2122 2140 2141
f 2123 2122 2141
f 2123 2141 2142
f 2124 2123 2142
f 2124 2142 2143
f 2119 2124 2143
f 2119 2143 2138
f 2144 2145 2151
f 2144 2151 2150
f 2145 2146 2152
f 2145 2152 2151
f 2146 2147 2153
f 2146 2153 2152
f 2147 2148 2154
f 2147 2154 2153
f 2148 2149 2155
f 2148 2155 2154
f 2149 2144 2150
f 2149 2150 2155
f 2150 2151 2157
f 2150 2157 2156
f 2151 2152 2158
f 2151 2158 2157
f 2152 2153 2159
f 2152 2159 2158
f 2153 2154 2160
f 2153 2160 2159
f 2154 2155 2161
f 2154 2161 2160
f 2155 2150 2156
f 2155 2156 2161
f 2156 2157 2162
f 2157 2158 2162
f 2158 2159 2162
f 2159 2160 2162
f 2160 2161 2162
f 2161 2156 2162
f 2145 2144 2163
f 2145 2163 2164
f 2146 2145 2164
f 2146 2164 2165
f 2147 2146 2165
f 2147 2165 2166
f 2148 2147 2166
f 2148 2166 2167
f 2149 2148 2167
f 2149 2167 2168
f 2144 2149 2168
f 2144 2168 2163
f 2169 2170 2176
f 2169 2176 2175
f 2170 2171 2177
f 2170 2177 2176
f 2171 2172 2178
f 2171 2178 2177
f 2172 2173 2179
f 2172 2179 2178
f 2173 2174 2180
f 2173 2180 2179
f 2174 2169 2175
f 2174 2175 2180
f 2175 2176 2182
f 2175 2182 2181
f 2176 2177 2183
f 2176 2183 2182
f 2177 2178 2184
f 2177 2184 2183
f 2178 2179 2185
f 2178 2185 2184
f 2179 2180 2186
f 2179 2186 2185
f 2180 2175 2181
f 2180 2181 2186
f 2181 2182 2187
f 2182 2183 2187
f 2183 2184 2187
f 2184 2185 2187
f 2185 2186 2187
f 2186 2181 2187
f 2170 2169 2188
f 2170 2188 2189
f 2171 2170 2189
f 2171 2189 2190
f 2172 2171 2190
f 2172 2190 2191
f 2173 2172 2191
f 2173 2191 2192
f 2174 2173 2192
f 2174 2192 2193
f 2169 2174 2193
f 2169 2193 2188
f 2194 2195 2201
f 2194 2201 2200
f 2195 2196 2202
f 2195 2202 2201
f 2196 2197 2203
f 2196 2203 2202
f 2197 2198 2204
f 2197 2204 2203
f 2198 2199 2205
f 2198 2205 2204
f 2199 2194 2200
f 2199 2200 2205
f 2200 2201 2207
f 2200 2207 2206
f 2201 2202 2208
f 2201 2208 2207
f 2202 2203 2209
f 2202 2209 2208
f 2203 2204 2210
f 2203 2210 2209
f 2204 2205 2211
f 2204 2211 2210
f 2205 2200 2206
f 2205 2206 2211
f 2206 2207 2212
f 2207 2208 2212
f 2208 2209 2212
f 2209 2210 2212
f 2210 2211 2212
f 2211 2206 2212
f 2195 2194 2213
f 2195 2213 2214
f 2196 2195 2214
f 2196 2214 2215
f 2197 2196 2215
f 2197 2215 2216
f 2198 2197 2216
f 2198 2216 2217
f 2199 2198 2217
f 2199 2217 2218
f 2194 2199 2218
f 2194 2218 2213
f 2219 2220 2226
f 2219 2226 2225
f 2220 2221 2227
f 2220 2227 2226
f 2221 2222 2228
f 2221 2228 2227
f 2222 2223 2229
f 2222 2229 2228
f 2223 2224 2230
f 2223 2230 2229
f 2224 2219 2225
f 2224 2225 2230
f 2225 2226 2232
f 2225 2232 2231
f 2226 2227 2233
f 2226 2233 2232
f 2227 2228 2234
f 2227 2234 2233
f 2228 2229 2235
f 2228 2235 2234
f 2229 2230 2236
f 2229 2236 2235
f 2230 2225 2231
f 2230 2231 2236
f 2231 2232 2237
f 2232 2233 2237
f 2233 2234 2237
f 2234 2235 2237
f 2235 2236 2237
f 2236 2231 2237
f 2220 2219 2238
f 2220 2238 2239
f 2221 2220 2239
f 2221 2239 2240
f 2222 2221 2240
f 2222 2240 2241
f 2223 2222 2241
f 2223 2241 2242
f 2224 2223 2242
f 2224 2242 2243
f 2219 2224 2243
f 2219 2243 2238
f 2244 2245 2251
f 2244 2251 2250
f 2245 2246 2252
f 2245 2252 2251
f 2246 2247 2253
f 2246 2253 2252
f 2247 2248 2254
f 2247 2254 2253
f 2248 2249 2255
f 2248 2255 2254
f 2249 2244 2250
f 2249 2250 2255
f 2250 2251 2257
f 2250 2257 2256
f 2251 2252 2258
f 2251 2258 2257
f 2252 2253 2259
f 2252 2259 2258
f 2253 2254 2260
f 2253 2260 2259
f 2254 2255 2261
f 2254 2261 2260
f 2255 2250 2256
f 2255 2256 2261
f 2256 2257 2262
f 2257 2258 2262
f 2258 2259 2262
f 2259 2260 2262
f 2260 2261 2262
f 2261 2256 2262
f 2245 2244 2263
f 2245 2263 2264
f 2246 2245 2264
f 2246 2264 2265
f 2247 2246 2265
f 2247 2265 2266
f 2248 2247 2266
f 2248 2266 2267
f 2249 2248 2267
f 2249 2267 2268
f 2244 2249 2268
f 2244 2268 2263
f 2269 2270 2276
f 2269 2276 2275
f 2270 2271 2277
f 2270 2277 2276
f 2271 2272 2278
f 2271 2278 2277
f 2272 2273 2279
f 2272 2279 2278
f 2273 2274 2280
f 2273 2280 2279
f 2274 2269 2275
f 2274 2275 2280
f 2275 2276 2282
f 2275 2282 2281
f 2276 2277 2283
f 2276 2283 2282
f 2277 2278 2284
f 2277 2284 2283
f 2278 2279 2285
f 2278 2285 2284
f 2279 2280 2286
f 2279 2286 2285
f 2280 2275 2281
f 2280 2281 2286
f 2281 2282 2287
f 2282 2283 2287
f 2283 2284 2287
f 2284 2285 2287
f 2285 2286 2287
f 2286 2281 2287
f 2270 2269 2288
f 2270 2288 2289
f 2271 2270 2289
f 2271 2289 2290
f 2272 2271 2290
f 2272 2290 2291
f 2273 2272 2291
f 2273 2291 2292
f 2274 2273 2292
f 2274 2292 2293
f 2269 2274 2293
f 2269 2293 2288
f 2294 2295 2301
f 2294 2301 2300
f 2295 2296 2302
f 2295 2302 2301
f 2296 2297 2303
f 2296 2303 2302
f 2297 2298 2304
f 2297 2304 2303
f 2298 2299 2305
f 2298 2305 2304
f 2299 2294 2300
f 2299 2300 2305
f 2300 2301 2307
f 2300 2307 2306
f 2301 2302 2308
f 2301 2308 2307
f 2302 2303 2309
f 2302 2309 2308
f 2303 2304 2310
f 2303 2310 2309
f 2304 2305 2311
f 2304 2311 2310
f 2305 2300 2306
f 2305 2306 2311
f 2306 2307 2312
f 2307 2308 2312
f 2308 2309 2312
f 2309 2310 2312
f 2310 2311 2312
f 2311 2306 2312
f 2295 2294 2313
f 2295 2313 2314
f 2296 2295 2314
f 2296 2314 2315
f 2297 2296 2315
f 2297 2315 2316
f 2298 2297 2316
f 2298 2316 2317
f 2299 2298 2317
f 2299 2317 2318
f 2294 2299 2318
f 2294 2318 2313
f 2319 2320 2326
f 2319 2326 2325
f 2320 2321 2327
f 2320 2327 2326
f 2321 2322 2328
f 2321 2328 2327
f 2322 2323 2329
f 2322 2329 2328
f 2323 2324 2330
f 2323 2330 2329
f 2324 2319 2325
f 2324 2325 2330
f 2325 2326 2332
f 2325 2332 2331
f 2326 2327 2333
f 2326 2333 2332
f 2327 2328 2334
f 2327 2334 2333
f 2328 2329 2335
f 2328 2335 2334
f 2329 2330 2336
f 2329 2336 2335
f 2330 2325 2331
f 2330 2331 2336
f 2331 2332 2337
f 2332 2333 2337
f 2333 2334 2337
f 2334 2335 2337
f 2335 2336 2337
f 2336 2331 2337
f 2320 2319 2338
f 2320 2338 2339
f 2321 2320 2339
f 2321 2339 2340
f 2322 2321 2340
f 2322 2340 2341
f 2323 2322 2341
f 2323 2341 2342
f 2324 2323 2342
f 2324 2342 2343
f 2319 2324 2343
f 2319 2343 2338
f 2344 2345 2351
f 2344 2351 2350
f 2345 2346 2352
f 2345 2352 2351
f 2346 2347 2353
f 2346 2353 2352
f 2347 2348 2354
f 2347 2354 2353
f 2348 2349 2355
f 2348 2355 2354
f 2349 2344 2350
f 2349 2350 2355
f 2350 2351 2357
f 2350 2357 2356
f 2351 2352 2358
f 2351 2358 2357
f 2352 2353 2359
f 2352 2359 2358
f 2353 2354 2360
f 2353 2360 2359
f 2354 2355 2361
f 2354 2361 2360
f 2355 2350 2356
f 2355 2356 2361
f 2356 2357 2362
f 2357 2358 2362
f 2358 2359 2362
f 2359 2360 2362
f 2360 2361 2362
f 2361 2356 2362
f 2345 2344 2363
f 2345 2363 2364
f 2346 2345 2364
f 2346 2364 2365
f 2347 2346 2365
f 2347 2365 2366
f 2348 2347 2366
f 2348 2366 2367
f 2349 2348 2367
f 2349 2367 2368
f 2344 2349 2368
f 2344 2368 2363
f 2369 2370 2376
f 2369 2376 2375
f 2370 2371 2377
f 2370 2377 2376
f 2371 2372 2378
f 2371 2378 2377
f 2372 2373 2379
f 2372 2379 2378
f 2373 2374 2380
f 2373 2380 2379
f 2374 2369 2375
f 2374 2375 2380
f 2375 2376 2382
f 2375 2382 2381
f 2376 2377 2383
f 2376 2383 2382
f 2377 2378 2384
f 2377 2384 2383
f 2378 2379 2385
f 2378 2385 2384
f 2379 2380 2386
f 2379 2386 2385
f 2380 2375 2381
f 2380 2381 2386
f 2381 2382 2387
f 2382 2383 2387
f 2383 2384 2387
f 2384 2385 2387
f 2385 2386 2387
f 2386 2381 2387
f 2370 2369 2388
f 2370 2388 2389
f 2371 2370 2389
f 2371 2389 2390
f 2372 2371 2390
f 2372 2390 2391
f 2373 2372 2391
f 2373 2391 2392
f 2374 2373 2392
f 2374 2392 2393
f 2369 2374 2393
f 2369 2393 2388
f 2394 2395 2401
f 2394 2401 2400
f 2395 2396 2402
f 2395 2402 2401
f 2396 2397 2403
f 2396 2403 2402
f 2397 2398 2404
f 2397 2404 2403
f 2398 2399 2405
f 2398 2405 2404
f 2399 2394 2400
f 2399 2400 2405
f 2400 2401 2407
f 2400 2407 2406
f 2401 2402 2408
f 2401 2408 2407
f 2402 2403 2409
f 2402 2409 2408
f 2403 2404 2410
f 2403 2410 2409
f 2404 2405 2411
f 2404 2411 2410
f 2405 2400 2406
f 2405 2406 2411
f 2406 2407 2412
f 2407 2408 2412
f 2408 2409 2412
f 2409 2410 2412
f 2410 2411 2412
f 2411 2406 2412
f 2395 2394 2413
f 2395 2413 2414
f 2396 2395 2414
f 2396 2414 2415
f 2397 2396 2415
f 2397 2415 2416
f 2398 2397 2416
f 2398 2416 2417
f 2399 2398 2417
f 2399 2417 2418
f 2394 2399 2418
f 2394 2418 2413
f 2419 2420 2426
f 2419 2426 2425
f 2420 2421 2427
f 2420 2427 2426
f 2421 2422 2428
f 2421 2428 2427
f 2422 2423 2429
f 2422 2429 2428
f 2423 2424 2430
f 2423 2430 2429
f 2424 2419 2425
f 2424 2425 2430
f 2425 2426 2432
f 2425 2432 2431
f 2426 2427 2433
f 2426 2433 2432
f 2427 2428 2434
f 2427 2434 2433
f 2428 2429 2435
f 2428 2435 2434
f 2429 2430 2436
f 2429 2436 2435
f 2430 2425 2431
f 2430 2431 2436
f 2431 2432 2437
f 2432 2433 2437
f 2433 2434 2437
f 2434 2435 2437
f 2435 2436 2437
f 2436 2431 2437
f 2420 2419 2438
f 2420 2438 2439
f 2421 2420 2439
f 2421 2439 2440
f 2422 2421 2440
f 2422 2440 2441
f 2423 2422 2441
f 2423 2441 2442
f 2424 2423 2442
f 2424 2442 2443
f 2419 2424 2443
f 2419 2443 2438
f 2444 2445 2451
f 2444 2451 2450
f 2445 2446 2452
f 2445 2452 2451
f 2446 2447 2453
f 2446 2453 2452
f 2447 2448 2454
f 2447 2454 2453
f 2448 2449 2455
f 2448 2455 2454
f 2449 2444 2450
f 2449 2450 2455
f 2450 2451 2457
f 2450 2457 2456
f 2451 2452 2458
f 2451 2458 2457
f 2452 2453 2459
f 2452 2459 2458
f 2453 2454 2460
f 2453 2460 2459
f 2454 2455 2461
f 2454 2461 2460
f 2455 2450 2456
f 2455 2456 2461
f 2456 2457 2462
f 2457 2458 2462
f 2458 2459 2462
f 2459 2460 2462
f 2460 2461 2462
f 2461 2456 2462
f 2445 2444 2463
f 2445 2463 2464
f 2446 2445 2464
f 2446 2464 2465
f 2447 2446 2465
f 2447 2465 2466
f 2448 2447 2466
f 2448 2466 2467
f 2449 2448 2467
f 2449 2467 2468
f 2444 2449 2468
f 2444 2468 2463
f 2469 2470 2476
f 2469 2476 2475
f 2470 2471 2477
f 2470 2477 2476
f 2471 2472 2478
f 2471 2478 2477
f 2472 2473 2479
f 2472 2479 2478
f 2473 2474 2480
f 2473 2480 2479
f 2474 2469 2475
f 2474 2475 2480
f 2475 2476 2482
f 2475 2482 2481
f 2476 2477 2483
f 2476 2483 2482
f 2477 2478 2484
f 2477 2484 2483
f 2478 2479 2485
f 2478 2485 2484
f 2479 2480 2486
f 2479 2486 2485
f 2480 2475 2481
f 2480 2481 2486
f 2481 2482 2487
f 2482 2483 2487
f 2483 2484 2487
f 2484 2485 2487
f 2485 2486 2487
f 2486 2481 2487
f 2470 2469 2488
f 2470 2488 2489
f 2471 2470 2489
f 2471 2489 2490
f 2472 2471 2490
f 2472 2490 2491
f 2473 2472 2491
f 2473 2491 2492
f 2474 2473 2492
f 2474 2492 2493
f 2469 2474 2493
f 2469 2493 2488
f 2494 2495 2501
f 2494 2501 2500
f 2495 2496 2502
f 2495 2502 2501
f 2496 2497 2503
f 2496 2503 2502
f 2497 2498 2504
f 2497 2504 2503
f 2498 2499 2505
f 2498 2505 2504
f 2499 2494 2500
f 2499 2500 2505
f 2500 2501 2507
f 2500 2507 2506
f 2501 2502 2508
f 2501 2508 2507
f 2502 2503 2509
f 2502 2509 2508
f 2503 2504 2510
f 2503 2510 2509
f 2504 2505 2511
f 2504 2511 2510
f 2505 2500 2506
f 2505 2506 2511
f 2506 2507 2512
f 2507 2508 2512
f 2508 2509 2512
f 2509 2510 2512
f 2510 2511 2512
f 2511 2506 2512
f 2495 2494 2513
f 2495 2513 2514
f 2496 2495 2514
f 2496 2514 2515
f 2497 2496 2515
f 2497 2515 2516
f 2498 2497 2516
f 2498 2516 2517
f 2499 2498 2517
f 2499 2517 2518
f 2494 2499 2518
f 2494 2518 2513
f 2519 2520 2526
f 2519 2526 2525
f 2520 2521 2527
f 2520 2527 2526
f 2521 2522 2528
f 2521 2528 2527
f 2522 2523 2529
f 2522 2529 2528
f 2523 2524 2530
f 2523 2530 2529
f 2524 2519 2525
f 2524 2525 2530
f 2525 2526 2532
f 2525 2532 2531
f 2526 2527 2533
f 2526 2533 2532
f 2527 2528 2534
f 2527 2534 2533
f 2528 2529 2535
f 2528 2535 2534
f 2529 2530 2536
f 2529 2536 2535
f 2530 2525 2531
f 2530 2531 2536
f 2531 2532 2537
f 2532 2533 2537
f 2533 2534 2537
f 2534 2535 2537
f 2535 2536 2537
f 2536 2531 2537
f 2520 2519 2538
f 2520 2538 2539
f 2521 2520 2539
f 2521 2539 2540
f 2522 2521 2540
f 2522 2540 2541
f 2523 2522 2541
f 2523 2541 2542
f 2524 2523 2542
f 2524 2542 2543
f 2519 2524 2543
f 2519 2543 2538
f 2544 2545 2551
f 2544 2551 2550
f 2545 2546 2552
f 2545 2552 2551
f 2546 2547 2553
f 2546 2553 2552
f 2547 2548 2554
f 2547 2554 2553
f 2548 2549 2555
f 2548 2555 2554
f 2549 2544 2550
f 2549 2550 2555
f 2550 2551 2557
f 2550 2557 2556
f 2551 2552 2558
f 2551 2558 2557
f 2552 2553 2559
f 2552 2559 2558
f 2553 2554 2560
f 2553 2560 2559
f 2554 2555 2561
f 2554 2561 2560
f 2555 2550 2556
f 2555 2556 2561
f 2556 2557 2562
f 2557 2558 2562
f 2558 2559 2562
f 2559 2560 2562
f 2560 2561 2562
f 2561 2556 2562
f 2545 2544 2563
f 2545 2563 2564
f 2546 2545 2564
f 2546 2564 2565
f 2547 2546 2565
f 2547 2565 2566
f 2548 2547 2566
f 2548 2566 2567
f 2549 2548 2567
f 2549 2567 2568
f 2544 2549 2568
f 2544 2568 2563
f 2569 2570 2576
f 2569 2576 2575
f 2570 2571 2577
f 2570 2577 2576
f 2571 2572 2578
f 2571 2578 2577
f 2572 2573 2579
f 2572 2579 2578
f 2573 2574 2580
f 2573 2580 2579
f 2574 2569 2575
f 2574 2575 2580
f 2575 2576 2582
f 2575 2582 2581
f 2576 2577 2583
f 2576 2583 2582
f 2577 2578 2584
f 2577 2584 2583
f 2578 2579 2585
f 2578 2585 2584
f 2579 2580 2586
f 2579 2586 2585
f 2580 2575 2581
f 2580 2581 2586
f 2581 2582 2587
f 2582 2583 2587
f 2583 2584 2587
f 2584 2585 2587
f 2585 2586 2587
f 2586 2581 2587
f 2570 2569 2588
f 2570 2588 2589
f 2571 2570 2589
f 2571 2589 2590
f 2572 2571 2590
f 2572 2590 2591
f 2573 2572 2591
f 2573 2591 2592
f 2574 2573 2592
f 2574 2592 2593
f 2569 2574 2593
f 2569 2593 2588
f 2594 2595 2601
f 2594 2601 2600
f 2595 2596 2602
f 2595 2602 2601
f 2596 2597 2603
f 2596 2603 2602
f 2597 2598 2604
f 2597 2604 2603
f 2598 2599 2605
f 2598 2605 2604
f 2599 2594 2600
f 2599 2600 2605
f 2600 2601 2607
f 2600 2607 2606
f 2601 2602 2608
f 2601 2608 2607
f 2602 2603 2609
f 2602 2609 2608
f 2603 2604 2610
f 2603 2610 2609
f 2604 2605 2611
f 2604 2611 2610
f 2605 2600 2606
f 2605 2606 2611
f 2606 2607 2612
f 2607 2608 2612
f 2608 2609 2612
f 2609 2610 2612
f 2610 2611 2612
f 2611 2606 2612
f 2595 2594 2613
f 2595 2613 2614
f 2596 2595 2614
f 2596 2614 2615
f 2597 2596 2615
f 2597 2615 2616
f 2598 2597 2616
f 2598 2616 2617
f 2599 2598 2617
f 2599 2617 2618
f 2594 2599 2618
f 2594 2618 2613
f 2619 2620 2626
f 2619 2626 2625
f 2620 2621 2627
f 2620 2627 2626
f 2621 2622 2628
f 2621 2628 2627
f 2622 2623 2629
f 2622 2629 2628
f 2623 2624 2630
f 2623 2630 2629
f 2624 2619 2625
f 2624 2625 2630
f 2625 2626 2632
f 2625 2632 2631
f 2626 2627 2633
f 2626 2633 2632
f 2627 2628 2634
f 2627 2634 2633
f 2628 2629 2635
f 2628 2635 2634
f 2629 2630 2636
f 2629 2636 2635
f 2630 2625 2631
f 2630 2631 2636
f 2631 2632 2637
f 2632 2633 2637
f 2633 2634 2637
f 2634 2635 2637
f 2635 2636 2637
f 2636 2631 2637
f 2620 2619 2638
f 2620 2638 2639
f 2621 2620 2639
f 2621 2639 2640
f 2622 2621 2640
f 2622 2640 2641
f 2623 2622 2641
f 2623 2641 2642
f 2624 2623 2642
f 2624 2642 2643
f 2619 2624 2643
f 2619 2643 2638
f 2644 2645 2651
f 2644 2651 2650
f 2645 2646 2652
f 2645 2652 2651
f 2646 2647 2653
f 2646 2653 2652
f 2647 2648 2654
f 2647 2654 2653
f 2648 2649 2655
f 2648 2655 2654
f 2649 2644 2650
f 2649 2650 2655
f 2650 2651 2657
f 2650 2657 2656
f 2651 2652 2658
f 2651 2658 2657
f 2652 2653 2659
f 2652 2659 2658
f 2653 2654 2660
f 2653 2660 2659
f 2654 2655 2661
f 2654 2661 2660
f 2655 2650 2656
f 2655 2656 2661
f 2656 2657 2662
f 2657 2658 2662
f 2658 2659 2662
f 2659 2660 2662
f 2660 2661 2662
f 2661 2656 2662
f 2645 2644 2663
f 2645 2663 2664
f 2646 2645 2664
f 2646 2664 2665
f 2647 2646 2665
f 2647 2665 2666
f 2648 2647 2666
f 2648 2666 2667
f 2649 2648 2667
f 2649 2667 2668
f 2644 2649 2668
f 2644 2668 2663
f 2669 2670 2676
f 2669 2676 2675
f 2670 2671 2677
f 2670 2677 2676
f 2671 2672 2678
f 2671 2678 2677
f 2672 2673 2679
f 2672 2679 2678
f 2673 2674 2680
f 2673 2680 2679
f 2674 2669 2675
f 2674 2675 2680
f 2675 2676 2682
f 2675 2682 2681
f 2676 2677 2683
f 2676 2683 2682
f 2677 2678 2684
f 2677 2684 2683
f 2678 2679 2685
f 2678 2685 2684
f 2679 2680 2686
f 2679 2686 2685
f 2680 2675 2681
f 2680 2681 2686
f 2681 2682 2687
f 2682 2683 2687
f 2683 2684 2687
f 2684 2685 2687
f 2685 2686 2687
f 2686 2681 2687
f 2670 2669 2688
f 2670 2688 2689
f 2671 2670 2689
f 2671 2689 2690
f 2672 2671 2690
f 2672 2690 2691
f 2673 2672 2691
f 2673 2691 2692
f 2674 2673 2692
f 2674 2692 2693
f 2669 2674 2693
f 2669 2693 2688
f 2694 2695 2701
f 2694 2701 2700
f 2695 2696 2702
f 2695 2702 2701
f 2696 2697 2703
f 2696 2703 2702
f 2697 2698 2704
f 2697 2704 2703
f 2698 2699 2705
f 2698 2705 2704
f 2699 2694 2700
f 2699 2700 2705
f 2700 2701 2707
f 2700 2707 2706
f 2701 2702 2708
f 2701 2708 2707
f 2702 2703 2709
f 2702 2709 2708
f 2703 2704 2710
f 2703 2710 2709
f 2704 2705 2711
f 2704 2711 2710
f 2705 2700 2706
f 2705 2706 2711
f 2706 2707 2712
f 2707 2708 2712
f 2708 2709 2712
f 2709 2710 2712
f 2710 2711 2712
f 2711 2706 2712
f 2695 2694 2713
f 2695 2713 2714
f 2696 2695 2714
f 2696 2714 2715
f 2697 2696 2715
f 2697 2715 2716
f 2698 2697 2716
f 2698 2716 2717
f 2699 2698 2717
f 2699 2717 2718
f 2694 2699 2718
f 2694 2718 2713
f 2719 2720 2726
f 2719 2726 2725
f 2720 2721 2727
f 2720 2727 2726
f 2721 2722 2728
f 2721 2728 2727
f 2722 2723 2729
f 2722 2729 2728
f 2723 2724 2730
f 2723 2730 2729
f 2724 2719 2725
f 2724 2725 2730
f 2725 2726 2732
f 2725 2732 2731
f 2726 2727 2733
f 2726 2733 2732
f 2727 2728 2734
f 2727 2734 2733
f 2728 2729 2735
f 2728 2735 2734
f 2729 2730 2736
f 2729 2736 2735
f 2730 2725 2731
f 2730 2731 2736
f 2731 2732 2737
f 2732 2733 2737
f 2733 2734 2737
f 2734 2735 2737
f 2735 2736 2737
f 2736 2731 2737
f 2720 2719 2738
f 2720 2738 2739
f 2721 2720 2739
f 2721 2739 2740
f 2722 2721 2740
f 2722 2740 2741
f 2723 2722 2741
f 2723 2741 2742
f 2724 2723 2742
f 2724 2742 2743
f 2719 2724 2743
f 2719 2743 2738
f 2744 2745 2751
f 2744 2751 2750
f 2745 2746 2752
f 2745 2752 2751
f 2746 2747 2753
f 2746 2753 2752
f 2747 2748 2754
f 2747 2754 2753
f 2748 2749 2755
f 2748 2755 2754
f 2749 2744 2750
f 2749 2750 2755
f 2750 2751 2757
f 2750 2757 2756
f 2751 2752 2758
f 2751 2758 2757
f 2752 2753 2759
f 2752 2759 2758
f 2753 2754 2760
f 2753 2760 2759
f 2754 2755 2761
f 2754 2761 2760
f 2755 2750 2756
f 2755 2756 2761
f 2756 2757 2762
f 2757 2758 2762
f 2758 2759 2762
f 2759 2760 2762
f 2760 2761 2762
f 2761 2756 2762
f 2745 2744 2763
f 2745 2763 2764
f 2746 2745 2764
f 2746 2764 2765
f 2747 2746 2765
f 2747 2765 2766
f 2748 2747 2766
f 2748 2766 2767
f 2749 2748 2767
f 2749 2767 2768
f 2744 2749 2768
f 2744 2768 2763
f 2769 2770 2776
f 2769 2776 2775
f 2770 2771 2777
f 2770 2777 2776
f 2771 2772 2778
f 2771 2778 2777
f 2772 2773 2779
f 2772 2779 2778
f 2773 2774 2780
f 2773 2780 2779
f 2774 2769 2775
f 2774 2775 2780
f 2775 2776 2782
f 2775 2782 2781
f 2776 2777 2783
f 2776 2783 2782
f 2777 2778 2784
f 2777 2784 2783
f 2778 2779 2785
f 2778 2785 2784
f 2779 2780 2786
f 2779 2786 2785
f 2780 2775 2781
f 2780 2781 2786
f 2781 2782 2787
f 2782 2783 2787
f 2783 2784 2787
f 2784 2785 2787
f 2785 2786 2787
f 2786 2781 2787
f 2770 2769 2788
f 2770 2788 2789
f 2771 2770 2789
f 2771 2789 2790
f 2772 2771 2790
f 2772 2790 2791
f 2773 2772 2791
f 2773 2791 2792
f 2774 2773 2792
f 2774 2792 2793
f 2769 2774 2793
f 2769 2793 2788
f 2794 2795 2801
f 2794 2801 2800
f 2795 2796 2802
f 2795 2802 2801
f 2796 2797 2803
f 2796 2803 2802
f 2797 2798 2804
f 2797 2804 2803
f 2798 2799 2805
f 2798 2805 2804
f 2799 2794 2800
f 2799 2800 2805
f 2800 2801 2807
f 2800 2807 2806
f 2801 2802 2808
f 2801 2808 2807
f 2802 2803 2809
f 2802 2809 2808
f 2803 2804 2810
f 2803 2810 2809
f 2804 2805 2811
f 2804 2811 2810
f 2805 2800 2806
f 2805 2806 2811
f 2806 2807 2812
f 2807 2808 2812
f 2808 2809 2812
f 2809 2810 2812
f 2810 2811 2812
f 2811 2806 2812
f 2795 2794 2813
f 2795 2813 2814
f 2796 2795 2814
f 2796 2814 2815
f 2797 2796 2815
f 2797 2815 2816
f 2798 2797 2816
f 2798 2816 2817
f 2799 2798 2817
f 2799 2817 2818
f 2794 2799 2818
f 2794 2818 2813
f 2819 2820 2826
f 2819 2826 2825
f 2820 2821 2827
f 2820 2827 2826
f 2821 2822 2828
f 2821 2828 2827
f 2822 2823 2829
f 2822 2829 2828
f 2823 2824 2830
f 2823 2830 2829
f 2824 2819 2825
f 2824 2825 2830
f 2825 2826 2832
f 2825 2832 2831
f 2826 2827 2833
f 2826 2833 2832
f 2827 2828 2834
f 2827 2834 2833
f 2828 2829 2835
f 2828 2835 2834
f 2829 2830 2836
f 2829 2836 2835
f 2830 2825 2831
f 2830 2831 2836
f 2831 2832 2837
f 2832 2833 2837
f 2833 2834 2837
f 2834 2835 2837
f 2835 2836 2837
f 2836 2831 2837
f 2820 2819 2838
f 2820 2838 2839
f 2821 2820 2839
f 2821 2839 2840
f 2822 2821 2840
f 2822 2840 2841
f 2823 2822 2841
f 2823 2841 2842
f 2824 2823 2842
f 2824 2842 2843
f 2819 2824 2843
f 2819 2843 2838
f 2844 2845 2851
f 2844 2851 2850
f 2845 2846 2852
f 2845 2852 2851
f 2846 2847 2853
f 2846 2853 2852
f 2847 2848 2854
f 2847 2854 2853
f 2848 2849 2855
f 2848 2855 2854
f 2849 2844 2850
f 2849 2850 2855
f 2850 2851 2857
f 2850 2857 2856
f 2851 2852 2858
f 2851 2858 2857
f 2852 2853 2859
f 2852 2859 2858
f 2853 2854 2860
f 2853 2860 2859
f 2854 2855 2861
f 2854 2861 2860
f 2855 2850 2856
f 2855 2856 2861
f 2856 2857 2862
f 2857 2858 2862
f 2858 2859 2862
f 2859 2860 2862
f 2860 2861 2862
f 2861 2856 2862
f 2845 2844 2863
f 2845 2863 2864
f 2846 2845 2864
f 2846 2864 2865
f 2847 2846 2865
f 2847 2865 2866
f 2848 2847 2866
f 2848 2866 2867
f 2849 2848 2867
f 2849 2867 2868
f 2844 2849 2868
f 2844 2868 2863
f 2869 2870 2876
f 2869 2876 2875
f 2870 2871 2877
f 2870 2877 2876
f 2871 2872 2878
f 2871 2878 2877
f 2872 2873 2879
f 2872 2879 2878
f 2873 2874 2880
f 2873 2880 2879
f 2874 2869 2875
f 2874 2875 2880
f 2875 2876 2882
f 2875 2882 2881
f 2876 2877 2883
f 2876 2883 2882
f 2877 2878 2884
f 2877 2884 2883
f 2878 2879 2885
f 2878 2885 2884
f 2879 2880 2886
f 2879 2886 2885
f 2880 2875 2881
f 2880 2881 2886
f 2881 2882 2887
f 2882 2883 2887
f 2883 2884 2887
f 2884 2885 2887
f 2885 2886 2887
f 2886 2881 2887
f 2870 2869 2888
f 2870 2888 2889
f 2871 2870 2889
f 2871 2889 2890
f 2872 2871 2890
f 2872 2890 2891
f 2873 2872 2891
f 2873 2891 2892
f 2874 2873 2892
f 2874 2892 2893
f 2869 2874 2893
f 2869 2893 2888
f 2894 2895 2901
f 2894 2901 2900
f 2895 2896 2902
f 2895 2902 2901
f 2896 2897 2903
f 2896 2903 2902
f 2897 2898 2904
f 2897 2904 2903
f 2898 2899 2905
f 2898 2905 2904
f 2899 2894 2900
f 2899 2900 2905
f 2900 2901 2907
f 2900 2907 2906
f 2901 2902 2908
f 2901 2908 2907
f 2902 2903 2909
f 2902 2909 2908
f 2903 2904 2910
f 2903 2910 2909
f 2904 2905 2911
f 2904 2911 2910
f 2905 2900 2906
f 2905 2906 2911
f 2906 2907 2912
f 2907 2908 2912
f 2908 2909 2912
f 2909 2910 2912
f 2910 2911 2912
f 2911 2906 2912
f 2895 2894 2913
f 2895 2913 2914
f 2896 2895 2914
f 2896 2914 2915
f 2897 2896 2915
f 2897 2915 2916
f 2898 2897 2916
f 2898 2916 2917
f 2899 2898 2917
f 2899 2917 2918
f 2894 2899 2918
f 2894 2918 2913
f 2919 2920 2926
f 2919 2926 2925
f 2920 2921 2927
f 2920 2927 2926
f 2921 2922 2928
f 2921 2928 2927
f 2922 2923 2929
f 2922 2929 2928
f 2923 2924 2930
f 2923 2930 2929
f 2924 2919 2925
f 2924 2925 2930
f 2925 2926 2932
f 2925 2932 2931
f 2926 2927 2933
f 2926 2933 2932
f 2927 2928 2934
f 2927 2934 2933
f 2928 2929 2935
f 2928 2935 2934
f 2929 2930 2936
f 2929 2936 2935
f 2930 2925 2931
f 2930 2931 2936
f 2931 2932 2937
f 2932 2933 2937
f 2933 2934 2937
f 2934 2935 2937
f 2935 2936 2937
f 2936 2931 2937
f 2920 2919 2938
f 2920 2938 2939
f 2921 2920 2939
f 2921 2939 2940
f 2922 2921 2940
f 2922 2940 2941
f 2923 2922 2941
f 2923 2941 2942
f 2924 2923 2942
f 2924 2942 2943
f 2919 2924 2943
f 2919 2943 2938
f 2944 2945 2951
f 2944 2951 2950
f 2945 2946 2952
f 2945 2952 2951
f 2946 2947 2953
f 2946 2953 2952
f 2947 2948 2954
f 2947 2954 2953
f 2948 2949 2955
f 2948 2955 2954
f 2949 2944 2950
f 2949 2950 2955
f 2950 2951 2957
f 2950 2957 2956
f 2951 2952 2958
f 2951 2958 2957
f 2952 2953 2959
f 2952 2959 2958
f 2953 2954 2960
f 2953 2960 2959
f 2954 2955 2961
f 2954 2961 2960
f 2955 2950 2956
f 2955 2956 2961
f 2956 2957 2962
f 2957 2958 2962
f 2958 2959 2962
f 2959 2960 2962
f 2960 2961 2962
f 2961 2956 2962
f 2945 2944 2963
f 2945 2963 2964
f 2946 2945 2964
f 2946 2964 2965
f 2947 2946 2965
f 2947 2965 2966
f 2948 2947 2966
f 2948 2966 2967
f 2949 2948 2967
f 2949 2967 2968
f 2944 2949 2968
f 2944 2968 2963
f 2969 2970 2976
f 2969 2976 2975
f 2970 2971 2977
f 2970 2977 2976
f 2971 2972 2978
f 2971 2978 2977
f 2972 2973 2979
f 2972 2979 2978
f 2973 2974 2980
f 2973 2980 2979
f 2974 2969 2975
f 2974 2975 2980
f 2975 2976 2982
f 2975 2982 2981
f 2976 2977 2983
f 2976 2983 2982
f 2977 2978 2984
f 2977 2984 2983
f 2978 2979 2985
f 2978 2985 2984
f 2979 2980 2986
f 2979 2986 2985
f 2980 2975 2981
f 2980 2981 2986
f 2981 2982 2987
f 2982 2983 2987
f 2983 2984 2987
f 2984 2985 2987
f 2985 2986 2987
f 2986 2981 2987
f 2970 2969 2988
f 2970 2988 2989
f 2971 2970 2989
f 2971 2989 2990
f 2972 2971 2990
f 2972 2990 2991
f 2973 2972 2991
f 2973 2991 2992
f 2974 2973 2992
f 2974 2992 2993
f 2969 2974 2993
f 2969 2993 2988
f 2994 2995 3001
f 2994 3001 3000
f 2995 2996 3002
f 2995 3002 3001
f 2996 2997 3003
f 2996 3003 3002
f 2997 2998 3004
f 2997 3004 3003
f 2998 2999 3005
f 2998 3005 3004
f 2999 2994 3000
f 2999 3000 3005
f 3000 3001 3007
f 3000 3007 3006
f 3001 3002 3008
f 3001 3008 3007
f 3002 3003 3009
f 3002 3009 3008
f 3003 3004 3010
f 3003 3010 3009
f 3004 3005 3011
f 3004 3011 3010
f 3005 3000 3006
f 3005 3006 3011
f 3006 3007 3012
f 3007 3008 3012
f 3008 3009 3012
f 3009 3010 3012
f 3010 3011 3012
f 3011 3006 3012
f 2995 2994 3013
f 2995 3013 3014
f 2996 2995 3014
f 2996 3014 3015
f 2997 2996 3015
f 2997 3015 3016
f 2998 2997 3016
f 2998 3016 3017
f 2999 2998 3017
f 2999 3017 3018
f 2994 2999 3018
f 2994 3018 3013
f 3019 3020 3026
f 3019 3026 3025
f 3020 3021 3027
f 3020 3027 3026
f 3021 3022 3028
f 3021 3028 3027
f 3022 3023 3029
f 3022 3029 3028
f 3023 3024 3030
f 3023 3030 3029
f 3024 3019 3025
f 3024 3025 3030
f 3025 3026 3032
f 3025 3032 3031
f 3026 3027 3033
f 3026 3033 3032
f 3027 3028 3034
f 3027 3034 3033
f 3028 3029 3035
f 3028 3035 3034
f 3029 3030 3036
f 3029 3036 3035
f 3030 3025 3031
f 3030 3031 3036
f 3031 3032 3037
f 3032 3033 3037
f 3033 3034 3037
f 3034 3035 3037
f 3035 3036 3037
f 3036 3031 3037
f 3020 3019 3038
f 3020 3038 3039
f 3021 3020 3039
f 3021 3039 3040
f 3022 3021 3040
f 3022 3040 3041
f 3023 3022 3041
f 3023 3041 3042
f 3024 3023 3042
f 3024 3042 3043
f 3019 3024 3043
f 3019 3043 3038
f 3044 3045 3051
f 3044 3051 3050
f 3045 3046 3052
f 3045 3052 3051
f 3046 3047 3053
f 3046 3053 3052
f 3047 3048 3054
f 3047 3054 3053
f 3048 3049 3055
f 3048 3055 3054
f 3049 3044 3050
f 3049 3050 3055
f 3050 3051 3057
f 3050 3057 3056
f 3051 3052 3058
f 3051 3058 3057
f 3052 3053 3059
f 3052 3059 3058
f 3053 3054 3060
f 3053 3060 3059
f 3054 3055 3061
f 3054 3061 3060
f 3055 3050 3056
f 3055 3056 3061
f 3056 3057 3062
f 3057 3058 3062
f 3058 3059 3062
f 3059 3060 3062
f 3060 3061 3062
f 3061 3056 3062
f 3045 3044 3063
f 3045 3063 3064
f 3046 3045 3064
f 3046 3064 3065
f 3047 3046 3065
f 3047 3065 3066
f 3048 3047 3066
f 3048 3066 3067
f 3049 3048 3067
f 3049 3067 3068
f 3044 3049 3068
f 3044 3068 3063
f 3069 3070 3076
f 3069 3076 3075
f 3070 3071 3077
f 3070 3077 3076
f 3071 3072 3078
f 3071 3078 3077
f 3072 3073 3079
f 3072 3079 3078
f 3073 3074 3080
f 3073 3080 3079
f 3074 3069 3075
f 3074 3075 3080
f 3075 3076 3082
f 3075 3082 3081
f 3076 3077 3083
f 3076 3083 3082
f 3077 3078 3084
f 3077 3084 3083
f 3078 3079 3085
f 3078 3085 3084
f 3079 3080 3086
f 3079 3086 3085
f 3080 3075 3081
f 3080 3081 3086
f 3081 3082 3087
f 3082 3083 3087
f 3083 3084 3087
f 3084 3085 3087
f 3085 3086 3087
f 3086 3081 3087
f 3070 3069 3088
f 3070 3088 3089
f 3071 3070 3089
f 3071 3089 3090
f 3072 3071 3090
f 3072 3090 3091
f 3073 3072 3091
f 3073 3091 3092
f 3074 3073 3092
f 3074 3092 3093
f 3069 3074 3093
f 3069 3093 3088
f 3094 3095 3101
f 3094 3101 3100
f 3095 3096 3102
f 3095 3102 3101
f 3096 3097 3103
f 3096 3103 3102
f 3097 3098 3104
f 3097 3104 3103
f 3098 3099 3105
f 3098 3105 3104
f 3099 3094 3100
f 3099 3100 3105
f 3100 3101 3107
f 3100 3107 3106
f 3101 3102 3108
f 3101 3108 3107
f 3102 3103 3109
f 3102 3109 3108
f 3103 3104 3110
f 3103 3110 3109
f 3104 3105 3111
f 3104 3111 3110
f 3105 3100 3106
f 3105 3106 3111
f 3106 3107 3112
f 3107 3108 3112
f 3108 3109 3112
f 3109 3110 3112
f 3110 3111 3112
f 3111 3106 3112
f 3095 3094 3113
f 3095 3113 3114
f 3096 3095 3114
f 3096 3114 3115
f 3097 3096 3115
f 3097 3115 3116
f 3098 3097 3116
f 3098 3116 3117
f 3099 3098 3117
f 3099 3117 3118
f 3094 3099 3118
f 3094 3118 3113
f 3119 3120 3126
f 3119 3126 3125
f 3120 3121 3127
f 3120 3127 3126
f 3121 3122 3128
f 3121 3128 3127
f 3122 3123 3129
f 3122 3129 3128
f 3123 3124 3130
f 3123 3130 3129
f 3124 3119 3125
f 3124 3125 3130
f 3125 3126 3132
f 3125 3132 3131
f 3126 3127 3133
f 3126 3133 3132
f 3127 3128 3134
f 3127 3134 3133
f 3128 3129 3135
f 3128 3135 3134
f 3129 3130 3136
f 3129 3136 3135
f 3130 3125 3131
f 3130 3131 3136
f 3131 3132 3137
f 3132 3133 3137
f 3133 3134 3137
f 3134 3135 3137
f 3135 3136 3137
f 3136 3131 3137
f 3120 3119 3138
f 3120 3138 3139
f 3121 3120 3139
f 3121 3139 3140
f 3122 3121 3140
f 3122 3140 3141
f 3123 3122 3141
f 3123 3141 3142
f 3124 3123 3142
f 3124 3142 3143
f 3119 3124 3143
f 3119 3143 3138
f 3144 3145 3151
f 3144 3151 3150
f 3145 3146 3152
f 3145 3152 3151
f 3146 3147 3153
f 3146 3153 3152
f 3147 3148 3154
f 3147 3154 3153
f 3148 3149 3155
f 3148 3155 3154
f 3149 3144 3150
f 3149 3150 3155
f 3150 3151 3157
f 3150 3157 3156
f 3151 3152 3158
f 3151 3158 3157
f 3152 3153 3159
f 3152 3159 3158
f 3153 3154 3160
f 3153 3160 3159
f 3154 3155 3161
f 3154 3161 3160
f 3155 3150 3156
f 3155 3156 3161
f 3156 3157 3162
f 3157 3158 3162
f 3158 3159 3162
f 3159 3160 3162
f 3160 3161 3162
f 3161 3156 3162
f 3145 3144 3163
f 3145 3163 3164
f 3146 3145 3164
f 3146 3164 3165
f 3147 3146 3165
f 3147 3165 3166
f 3148 3147 3166
f 3148 3166 3167
f 3149 3148 3167
f 3149 3167 3168
f 3144 3149 3168
f 3144 3168 3163
f 3169 3170 3176
f 3169 3176 3175
f 3170 3171 3177
f 3170 3177 3176
f 3171 3172 3178
f 3171 3178 3177
f 3172 3173 3179
f 3172 3179 3178
f 3173 3174 3180
f 3173 3180 3179
f 3174 3169 3175
f 3174 3175 3180
f 3175 3176 3182
f 3175 3182 3181
f 3176 3177 3183
f 3176 3183 3182
f 3177 3178 3184
f 3177 3184 3183
f 3178 3179 3185
f 3178 3185 3184
f 3179 3180 3186
f 3179 3186 3185
f 3180 3175 3181
f 3180 3181 3186
f 3181 3182 3187
f 3182 3183 3187
f 3183 3184 3187
f 3184 3185 3187
f 3185 3186 3187
f 3186 3181 3187
f 3170 3169 3188
f 3170 3188 3189
f 3171 3170 3189
f 3171 3189 3190
f 3172 3171 3190
f 3172 3190 3191
f 3173 3172 3191
f 3173 3191 3192
f 3174 3173 3192
f 3174 3192 3193
f 3169 3174 3193
f 3169 3193 3188
f 3194 3195 3201
f 3194 3201 3200
f 3195 3196 3202
f 3195 3202 3201
f 3196 3197 3203
f 3196 3203 3202
f 3197 3198 3204
f 3197 3204 3203
f 3198 3199 3205
f 3198 3205 3204
f 3199 3194 3200
f 3199 3200 3205
f 3200 3201 3207
f 3200 3207 3206
f 3201 3202 3208
f 3201 3208 3207
f 3202 3203 3209
f 3202 3209 3208
f 3203 3204 3210
f 3203 3210 3209
f 3204 3205 3211
f 3204 3211 3210
f 3205 3200 3206
f 3205 3206 3211
f 3206 3207 3212
f 3207 3208 3212
f 3208 3209 3212
f 3209 3210 3212
f 3210 3211 3212
f 3211 3206 3212
f 3195 3194 3213
f 3195 3213 3214
f 3196 3195 3214
f 3196 3214 3215
f 3197 3196 3215
f 3197 3215 3216
f 3198 3197 3216
f 3198 3216 3217
f 3199 3198 3217
f 3199 3217 3218
f 3194 3199 3218
f 3194 3218 3213
f 3219 3220 3226
f 3219 3226 3225
f 3220 3221 3227
f 3220 3227 3226
f 3221 3222 3228
f 3221 3228 3227
f 3222 3223 3229
f 3222 3229 3228
f 3223 3224 3230
f 3223 3230 3229
f 3224 3219 3225
f 3224 3225 3230
f 3225 3226 3232
f 3225 3232 3231
f 3226 3227 3233
f 3226 3233 3232
f 3227 3228 3234
f 3227 3234 3233
f 3228 3229 3235
f 3228 3235 3234
f 3229 3230 3236
f 3229 3236 3235
f 3230 3225 3231
f 3230 3231 3236
f 3231 3232 3237
f 3232 3233 3237
f 3233 3234 3237
f 3234 3235 3237
f 3235 3236 3237
f 3236 3231 3237
f 3220 3219 3238
f 3220 3238 3239
f 3221 3220 3239
f 3221 3239 3240
f 3222 3221 3240
f 3222 3240 3241
f 3223 3222 3241
f 3223 3241 3242
f 3224 3223 3242
f 3224 3242 3243
f 3219 3224 3243
f 3219 3243 3238
f 3244 3245 3251
f 3244 3251 3250
f 3245 3246 3252
f 3245 3252 3251
f 3246 3247 3253
f 3246 3253 3252
f 3247 3248 3254
f 3247 3254 3253
f 3248 3249 3255
f 3248 3255 3254
f 3249 3244 3250
f 3249 3250 3255
f 3250 3251 3257
f 3250 3257 3256
f 3251 3252 3258
f 3251 3258 3257
f 3252 3253 3259
f 3252 3259 3258
f 3253 3254 3260
f 3253 3260 3259
f 3254 3255 3261
f 3254 3261 3260
f 3255 3250 3256
f 3255 3256 3261
f 3256 3257 3262
f 3257 3258 3262
f 3258 3259 3262
f 3259 3260 3262
f 3260 3261 3262
f 3261 3256 3262
f 3245 3244 3263
f 3245 3263 3264
f 3246 3245 3264
f 3246 3264 3265
f 3247 3246 3265
f 3247 3265 3266
f 3248 3247 3266
f 3248 3266 3267
f 3249 3248 3267
f 3249 3267 3268
f 3244 3249 3268
f 3244 3268 3263
f 3269 3270 3276
f 3269 3276 3275
f 3270 3271 3277
f 3270 3277 3276
f 3271 3272 3278
f 3271 3278 3277
f 3272 3273 3279
f 3272 3279 3278
f 3273 3274 3280
f 3273 3280 3279
f 3274 3269 3275
f 3274 3275 3280
f 3275 3276 3282
f 3275 3282 3281
f 3276 3277 3283
f 3276 3283 3282
f 3277 3278 3284
f 3277 3284 3283
f 3278 3279 3285
f 3278 3285 3284
f 3279 3280 3286
f 3279 3286 3285
f 3280 3275 3281
f 3280 3281 3286
f 3281 3282 3287
f 3282 3283 3287
f 3283 3284 3287
f 3284 3285 3287
f 3285 3286 3287
f 3286 3281 3287
f 3270 3269 3288
f 3270 3288 3289
f 3271 3270 3289
f 3271 3289 3290
f 3272 3271 3290
f 3272 3290 3291
f 3273 3272 3291
f 3273 3291 3292
f 3274 3273 3292
f 3274 3292 3293
f 3269 3274 3293
f 3269 3293 3288
f 3294 3295 3301
f 3294 3301 3300
f 3295 3296 3302
f 3295 3302 3301
f 3296 3297 3303
f 3296 3303 3302
f 3297 3298 3304
f 3297 3304 3303
f 3298 3299 3305
f 3298 3305 3304
f 3299 3294 3300
f 3299 3300 3305
f 3300 3301 3307
f 3300 3307 3306
f 3301 3302 3308
f 3301 3308 3307
f 3302 3303 3309
f 3302 3309 3308
f 3303 3304 3310
f 3303 3310 3309
f 3304 3305 3311
f 3304 3311 3310
f 3305 3300 3306
f 3305 3306 3311
f 3306 3307 3312
f 3307 3308 3312
f 3308 3309 3312
f 3309 3310 3312
f 3310 3311 3312
f 3311 3306 3312
f 3295 3294 3313
f 3295 3313 3314
f 3296 3295 3314
f 3296 3314 3315
f 3297 3296 3315
f 3297 3315 3316
f 3298 3297 3316
f 3298 3316 3317
f 3299 3298 3317
f 3299 3317 3318
f 3294 3299 3318
f 3294 3318 3313
f 3319 3320 3326
f 3319 3326 3325
f 3320 3321 3327
f 3320 3327 3326
f 3321 3322 3328
f 3321 3328 3327
f 3322 3323 3329
f 3322 3329 3328
f 3323 3324 3330
f 3323 3330 3329
f 3324 3319 3325
f 3324 3325 3330
f 3325 3326 3332
f 3325 3332 3331
f 3326 3327 3333
f 3326 3333 3332
f 3327 3328 3334
f 3327 3334 3333
f 3328 3329 3335
f 3328 3335 3334
f 3329 3330 3336
f 3329 3336 3335
f 3330 3325 3331
f 3330 3331 3336
f 3331 3332 3337
f 3332 3333 3337
f 3333 3334 3337
f 3334 3335 3337
f 3335 3336 3337
f 3336 3331 3337
f 3320 3319 3338
f 3320 3338 3339
f 3321 3320 3339
f 3321 3339 3340
f 3322 3321 3340
f 3322 3340 3341
f 3323 3322 3341
f 3323 3341 3342
f 3324 3323 3342
f 3324 3342 3343
f 3319 3324 3343
f 3319 3343 3338
f 3344 3345 3351
f 3344 3351 3350
f 3345 3346 3352
f 3345 3352 3351
f 3346 3347 3353
f 3346 3353 3352
f 3347 3348 3354
f 3347 3354 3353
f 3348 3349 3355
f 3348 3355 3354
f 3349 3344 3350
f 3349 3350 3355
f 3350 3351 3357
f 3350 3357 3356
f 3351 3352 3358
f 3351 3358 3357
f 3352 3353 3359
f 3352 3359 3358
f 3353 3354 3360
f 3353 3360 3359
f 3354 3355 3361
f 3354 3361 3360
f 3355 3350 3356
f 3355 3356 3361
f 3356 3357 3362
f 3357 3358 3362
f 3358 3359 3362
f 3359 3360 3362
f 3360 3361 3362
f 3361 3356 3362
f 3345 3344 3363
f 3345 3363 3364
f 3346 3345 3364
f 3346 3364 3365
f 3347 3346 3365
f 3347 3365 3366
f 3348 3347 3366
f 3348 3366 3367
f 3349 3348 3367
f 3349 3367 3368
f 3344 3349 3368
f 3344 3368 3363
f 3369 3375 3376
f 3369 3376 3370
f 3370 3376 3377
f 3370 3377 3371
f 3371 3377 3378
f 3371 3378 3372
f 3372 3378 3379
f 3372 3379 3373
f 3373 3379 3380
f 3373 3380 3374
f 3374 3380 3375
f 3374 3375 3369
f 3375 3381 3382
f 3375 3382 3376
f 3376 3382 3383
f 3376 3383 3377
f 3377 3383 3384
f 3377 3384 3378
f 3378 3384 3385
f 3378 3385 3379
f 3379 3385 3386
f 3379 3386 3380
f 3380 3386 3381
f 3380 3381 3375
f 3381 3387 3382
f 3382 3387 3383
f 3383 3387 3384
f 3384 3387 3385
f 3385 3387 3386
f 3386 3387 3381
f 3370 3389 3388
f 3370 3388 3369
f 3371 3390 3389
f 3371 3389 3370
f 3372 3391 3390
f 3372 3390 3371
f 3373 3392 3391
f 3373 3391 3372
f 3374 3393 3392
f 3374 3392 3373
f 3369 3388 3393
f 3369 3393 3374
f 3394 3400 3401
f 3394 3401 3395
f 3395 3401 3402
f 3395 3402 3396
f 3396 3402 3403
f 3396 3403 3397
f 3397 3403 3404
f 3397 3404 3398
f 3398 3404 3405
f 3398 3405 3399
f 3399 3405 3400
f 3399 3400 3394
f 3400 3406 3407
f 3400 3407 3401
f 3401 3407 3408
f 3401 3408 3402
f 3402 3408 3409
f 3402 3409 3403
f 3403 3409 3410
f 3403 3410 3404
f 3404 3410 3411
f 3404 3411 3405
f 3405 3411 3406
f 3405 3406 3400
f 3406 3412 3407
f 3407 3412 3408
f 3408 3412 3409
f 3409 3412 3410
f 3410 3412 3411
f 3411 3412 3406
f 3395 3414 3413
f 3395 3413 3394
f 3396 3415 3414
f 3396 3414 3395
f 3397 3416 3415
f 3397 3415 3396
f 3398 3417 3416
f 3398 3416 3397
f 3399 3418 3417
f 3399 3417 3398
f 3394 3413 3418
f 3394 3418 3399
f 3419 3425 3426
f 3419 3426 3420
f 3420 3426 3427
f 3420 3427 3421
f 3421 3427 3428
f 3421 3428 3422
f 3422 3428 3429
f 3422 3429 3423
f 3423 3429 3430
f 3423 3430 3424
f 3424 3430 3425
f 3424 3425 3419
f 3425 3431 3432
f 3425 3432 3426
f 3426 3432 3433
f 3426 3433 3427
f 3427 3433 3434
f 3427 3434 3428
f 3428 3434 3435
f 3428 3435 3429
f 3429 3435 3436
f 3429 3436 3430
f 3430 3436 3431
f 3430 3431 3425
f 3431 3437 3432
f 3432 3437 3433
f 3433 3437 3434
f 3434 3437 3435
f 3435 3437 3436
f 3436 3437 3431
f 3420 3439 3438
f 3420 3438 3419
f 3421 3440 3439
f 3421 3439 3420
f 3422 3441 3440
f 3422 3440 3421
f 3423 3442 3441
f 3423 3441 3422
f 3424 3443 3442
f 3424 3442 3423
f 3419 3438 3443
f 3419 3443 3424
f 3444 3450 3451
f 3444 3451 3445
f 3445 3451 3452
f 3445 3452 3446
f 3446 3452 3453
f 3446 3453 3447
f 3447 3453 3454
f 3447 3454 3448
f 3448 3454 3455
f 3448 3455 3449
f 3449 3455 3450
f 3449 3450 3444
f 3450 3456 3457
f 3450 3457 3451
f 3451 3457 3458
f 3451 3458 3452
f 3452 3458 3459
f 3452 3459 3453
f 3453 3459 3460
f 3453 3460 3454
f 3454 3460 3461
f 3454 3461 3455
f 3455 3461 3456
f 3455 3456 3450
f 3456 3462 3457
f 3457 3462 3458
f 3458 3462 3459
f 3459 3462 3460
f 3460 3462 3461
f 3461 3462 3456
f 3445 3464 3463
f 3445 3463 3444
f 3446 3465 3464
f 3446 3464 3445
f 3447 3466 3465
f 3447 3465 3446
f 3448 3467 3466
f 3448 3466 3447
f 3449 3468 3467
f 3449 3467 3448
f 3444 3463 3468
f 3444 3468 3449
f 3469 3475 3476
f 3469 3476 3470
f 3470 3476 3477
f 3470 3477 3471
f 3471 3477 3478
f 3471 3478 3472
f 3472 3478 3479
f 3472 3479 3473
f 3473 3479 3480
f 3473 3480 3474
f 3474 3480 3475
f 3474 3475 3469
f 3475 3481 3482
f 3475 3482 3476
f 3476 3482 3483
f 3476 3483 3477
f 3477 3483 3484
f 3477 3484 3478
f 3478 3484 3485
f 3478 3485 3479
f 3479 3485 3486
f 3479 3486 3480
f 3480 3486 3481
f 3480 3481 3475
f 3481 3487 3482
f 3482 3487 3483
f 3483 3487 3484
f 3484 3487 3485
f 3485 3487 3486
f 3486 3487 3481
f 3470 3489 3488
f 3470 3488 3469
f 3471 3490 3489
f 3471 3489 3470
f 3472 3491 3490
f 3472 3490 3471
f 3473 3492 3491
f 3473 3491 3472
f 3474 3493 3492
f 3474 3492 3473
f 3469 3488 3493
f 3469 3493 3474
f 3494 3500 3501
f 3494 3501 3495
f 3495 3501 3502
f 3495 3502 3496
f 3496 3502 3503
f 3496 3503 3497
f 3497 3503 3504
f 3497 3504 3498
f 3498 3504 3505
f 3498 3505 3499
f 3499 3505 3500
f 3499 3500 3494
f 3500 3506 3507
f 3500 3507 3501
f 3501 3507 3508
f 3501 3508 3502
f 3502 3508 3509
f 3502 3509 3503
f 3503 3509 3510
f 3503 3510 3504
f 3504 3510 3511
f 3504 3511 3505
f 3505 3511 3506
f 3505 3506 3500
f 3506 3512 3507
f 3507 3512 3508
f 3508 3512 3509
f 3509 3512 3510
f 3510 3512 3511
f 3511 3512 3506
f 3495 3514 3513
f 3495 3513 3494
f 3496 3515 3514
f 3496 3514 3495
f 3497 3516 3515
f 3497 3515 3496
f 3498 3517 3516
f 3498 3516 3497
f 3499 3518 3517
f 3499 3517 3498
f 3494 3513 3518
f 3494 3518 3499
f 3519 3525 3526
f 3519 3526 3520
f 3520 3526 3527
f 3520 3527 3521
f 3521 3527 3528
f 3521 3528 3522
f 3522 3528 3529
f 3522 3529 3523
f 3523 3529 3530
f 3523 3530 3524
f 3524 3530 3525
f 3524 3525 3519
f 3525 3531 3532
f 3525 3532 3526
f 3526 3532 3533
f 3526 3533 3527
f 3527 3533 3534
f 3527 3534 3528
f 3528 3534 3535
f 3528 3535 3529
f 3529 3535 3536
f 3529 3536 3530
f 3530 3536 3531
f 3530 3531 3525
f 3531 3537 3532
f 3532 3537 3533
f 3533 3537 3534
f 3534 3537 3535
f 3535 3537 3536
f 3536 3537 3531
f 3520 3539 3538
f 3520 3538 3519
f 3521 3540 3539
f 3521 3539 3520
f 3522 3541 3540
f 3522 3540 3521
f 3523 3542 3541
f 3523 3541 3522
f 3524 3543 3542
f 3524 3542 3523
f 3519 3538 3543
f 3519 3543 3524
f 3544 3550 3551
f 3544 3551 3545
f 3545 3551 3552
f 3545 3552 3546
f 3546 3552 3553
f 3546 3553 3547
f 3547 3553 3554
f 3547 3554 3548
f 3548 3554 3555
f 3548 3555 3549
f 3549 3555 3550
f 3549 3550 3544
f 3550 3556 3557
f 3550 3557 3551
f 3551 3557 3558
f 3551 3558 3552
f 3552 3558 3559
f 3552 3559 3553
f 3553 3559 3560
f 3553 3560 3554
f 3554 3560 3561
f 3554 3561 3555
f 3555 3561 3556
f 3555 3556 3550
f 3556 3562 3557
f 3557 3562 3558
f 3558 3562 3559
f 3559 3562 3560
f 3560 3562 3561
f 3561 3562 3556
f 3545 3564 3563
f 3545 3563 3544
f 3546 3565 3564
f 3546 3564 3545
f 3547 3566 3565
f 3547 3565 3546
f 3548 3567 3566
f 3548 3566 3547
f 3549 3568 3567
f 3549 3567 3548
f 3544 3563 3568
f 3544 3568 3549
f 3569 3575 3576
f 3569 3576 3570
f 3570 3576 3577
f 3570 3577 3571
f 3571 3577 3578
f 3571 3578 3572
f 3572 3578 3579
f 3572 3579 3573
f 3573 3579 3580
f 3573 3580 3574
f 3574 3580 3575
f 3574 3575 3569
f 3575 3581 3582
f 3575 3582 3576
f 3576 3582 3583
f 3576 3583 3577
f 3577 3583 3584
f 3577 3584 3578
f 3578 3584 3585
f 3578 3585 3579
f 3579 3585 3586
f 3579 3586 3580
f 3580 3586 3581
f 3580 3581 3575
f 3581 3587 3582
f 3582 3587 3583
f 3583 3587 3584
f 3584 3587 3585
f 3585 3587 3586
f 3586 3587 3581
f 3570 3589 3588
f 3570 3588 3569
f 3571 3590 3589
f 3571 3589 3570
f 3572 3591 3590
f 3572 3590 3571
f 3573 3592 3591
f 3573 3591 3572
f 3574 3593 3592
f 3574 3592 3573
f 3569 3588 3593
f 3569 3593 3574
f 3594 3600 3601
f 3594 3601 3595
f 3595 3601 3602
f 3595 3602 3596
f 3596 3602 3603
f 3596 3603 3597
f 3597 3603 3604
f 3597 3604 3598
f 3598 3604 3605
f 3598 3605 3599
f 3599 3605 3600
f 3599 3600 3594
f 3600 3606 3607
f 3600 3607 3601
f 3601 3607 3608
f 3601 3608 3602
f 3602 3608 3609
f 3602 3609 3603
f 3603 3609 3610
f 3603 3610 3604
f 3604 3610 3611
f 3604 3611 3605
f 3605 3611 3606
f 3605 3606 3600
f 3606 3612 3607
f 3607 3612 3608
f 3608 3612 3609
f 3609 3612 3610
f 3610 3612 3611
f 3611 3612 3606
f 3595 3614 3613
f 3595 3613 3594
f 3596 3615 3614
f 3596 3614 3595
f 3597 3616 3615
f 3597 3615 3596
f 3598 3617 3616
f 3598 3616 3597
f 3599 3618 3617
f 3599 3617 3598
f 3594 3613 3618
f 3594 3618 3599
f 3619 3625 3626
f 3619 3626 3620
f 3620 3626 3627
f 3620 3627 3621
f 3621 3627 3628
f 3621 3628 3622
f 3622 3628 3629
f 3622 3629 3623
f 3623 3629 3630
f 3623 3630 3624
f 3624 3630 3625
f 3624 3625 3619
f 3625 3631 3632
f 3625 3632 3626
f 3626 3632 3633
f 3626 3633 3627
f 3627 3633 3634
f 3627 3634 3628
f 3628 3634 3635
f 3628 3635 3629
f 3629 3635 3636
f 3629 3636 3630
f 3630 3636 3631
f 3630 3631 3625
f 3631 3637 3632
f 3632 3637 3633
f 3633 3637 3634
f 3634 3637 3635
f 3635 3637 3636
f 3636 3637 3631
f 3620 3639 3638
f 3620 3638 3619
f 3621 3640 3639
f 3621 3639 3620
f 3622 3641 3640
f 3622 3640 3621
f 3623 3642 3641
f 3623 3641 3622
f 3624 3643 3642
f 3624 3642 3623
f 3619 3638 3643
f 3619 3643 3624
f 3644 3650 3651
f 3644 3651 3645
f 3645 3651 3652
f 3645 3652 3646
f 3646 3652 3653
f 3646 3653 3647
f 3647 3653 3654
f 3647 3654 3648
f 3648 3654 3655
f 3648 3655 3649
f 3649 3655 3650
f 3649 3650 3644
f 3650 3656 3657
f 3650 3657 3651
f 3651 3657 3658
f 3651 3658 3652
f 3652 3658 3659
f 3652 3659 3653
f 3653 3659 3660
f 3653 3660 3654
f 3654 3660 3661
f 3654 3661 3655
f 3655 3661 3656
f 3655 3656 3650
f 3656 3662 3657
f 3657 3662 3658
f 3658 3662 3659
f 3659 3662 3660
f 3660 3662 3661
f 3661 3662 3656
f 3645 3664 3663
f 3645 3663 3644
f 3646 3665 3664
f 3646 3664 3645
f 3647 3666 3665
f 3647 3665 3646
f 3648 3667 3666
f 3648 3666 3647
f 3649 3668 3667
f 3649 3667 3648
f 3644 3663 3668
f 3644 3668 3649
f 3669 3675 3676
f 3669 3676 3670
f 3670 3676 3677
f 3670 3677 3671
f 3671 3677 3678
f 3671 3678 3672
f 3672 3678 3679
f 3672 3679 3673
f 3673 3679 3680
f 3673 3680 3674
f 3674 3680 3675
f 3674 3675 3669
f 3675 3681 3682
f 3675 3682 3676
f 3676 3682 3683
f 3676 3683 3677
f 3677 3683 3684
f 3677 3684 3678
f 3678 3684 3685
f 3678 3685 3679
f 3679 3685 3686
f 3679 3686 3680
f 3680 3686 3681
f 3680 3681 3675
f 3681 3687 3682
f 3682 3687 3683
f 3683 3687 3684
f 3684 3687 3685
f 3685 3687 3686
f 3686 3687 3681
f 3670 3689 3688
f 3670 3688 3669
f 3671 3690 3689
f 3671 3689 3670
f 3672 3691 3690
f 3672 3690 3671
f 3673 3692 3691
f 3673 3691 3672
f 3674 3693 3692
f 3674 3692 3673
f 3669 3688 3693
f 3669 3693 3674
f 3694 3700 3701
f 3694 3701 3695
f 3695 3701 3702
f 3695 3702 3696
f 3696 3702 3703
f 3696 3703 3697
f 3697 3703 3704
f 3697 3704 3698
f 3698 3704 3705
f 3698 3705 3699
f 3699 3705 3700
f 3699 3700 3694
f 3700 3706 3707
f 3700 3707 3701
f 3701 3707 3708
f 3701 3708 3702
f 3702 3708 3709
f 3702 3709 3703
f 3703 3709 3710
f 3703 3710 3704
f 3704 3710 3711
f 3704 3711 3705
f 3705 3711 3706
f 3705 3706 3700
f 3706 3712 3707
f 3707 3712 3708
f 3708 3712 3709
f 3709 3712 3710
f 3710 3712 3711
f 3711 3712 3706
f 3695 3714 3713
f 3695 3713 3694
f 3696 3715 3714
f 3696 3714 3695
f 3697 3716 3715
f 3697 3715 3696
f 3698 3717 3716
f 3698 3716 3697
f 3699 3718 3717
f 3699 3717 3698
f 3694 3713 3718
f 3694 3718 3699
f 3719 3725 3726
f 3719 3726 3720
f 3720 3726 3727
f 3720 3727 3721
f 3721 3727 3728
f 3721 3728 3722
f 3722 3728 3729
f 3722 3729 3723
f 3723 3729 3730
f 3723 3730 3724
f 3724 3730 3725
f 3724 3725 3719
f 3725 3731 3732
f 3725 3732 3726
f 3726 3732 3733
f 3726 3733 3727
f 3727 3733 3734
f 3727 3734 3728
f 3728 3734 3735
f 3728 3735 3729
f 3729 3735 3736
f 3729 3736 3730
f 3730 3736 3731
f 3730 3731 3725
f 3731 3737 3732
f 3732 3737 3733
f 3733 3737 3734
f 3734 3737 3735
f 3735 3737 3736
f 3736 3737 3731
f 3720 3739 3738
f 3720 3738 3719
f 3721 3740 3739
f 3721 3739 3720
f 3722 3741 3740
f 3722 3740 3721
f 3723 3742 3741
f 3723 3741 3722
f 3724 3743 3742
f 3724 3742 3723
f 3719 3738 3743
f 3719 3743 3724
f 3744 3750 3751
f 3744 3751 3745
f 3745 3751 3752
f 3745 3752 3746
f 3746 3752 3753
f 3746 3753 3747
f 3747 3753 3754
f 3747 3754 3748
f 3748 3754 3755
f 3748 3755 3749
f 3749 3755 3750
f 3749 3750 3744
f 3750 3756 3757
f 3750 3757 3751
f 3751 3757 3758
f 3751 3758 3752
f 3752 3758 3759
f 3752 3759 3753
f 3753 3759 3760
f 3753 3760 3754
f 3754 3760 3761
f 3754 3761 3755
f 3755 3761 3756
f 3755 3756 3750
f 3756 3762 3757
f 3757 3762 3758
f 3758 3762 3759
f 3759 3762 3760
f 3760 3762 3761
f 3761 3762 3756
f 3745 3764 3763
f 3745 3763 3744
f 3746 3765 3764
f 3746 3764 3745
f 3747 3766 3765
f 3747 3765 3746
f 3748 3767 3766
f 3748 3766 3747
f 3749 3768 3767
f 3749 3767 3748
f 3744 3763 3768
f 3744 3768 3749
f 3769 3775 3776
f 3769 3776 3770
f 3770 3776 3777
f 3770 3777 3771
f 3771 3777 3778
f 3771 3778 3772
f 3772 3778 3779
f 3772 3779 3773
f 3773 3779 3780
f 3773 3780 3774
f 3774 3780 3775
f 3774 3775 3769
f 3775 3781 3782
f 3775 3782 3776
f 3776 3782 3783
f 3776 3783 3777
f 3777 3783 3784
f 3777 3784 3778
f 3778 3784 3785
f 3778 3785 3779
f 3779 3785 3786
f 3779 3786 3780
f 3780 3786 3781
f 3780 3781 3775
f 3781 3787 3782
f 3782 3787 3783
f 3783 3787 3784
f 3784 3787 3785
f 3785 3787 3786
f 3786 3787 3781
f 3770 3789 3788
f 3770 3788 3769
f 3771 3790 3789
f 3771 3789 3770
f 3772 3791 3790
f 3772 3790 3771
f 3773 3792 3791
f 3773 3791 3772
f 3774 3793 3792
f 3774 3792 3773
f 3769 3788 3793
f 3769 3793 3774
f 3794 3800 3801
f 3794 3801 3795
f 3795 3801 3802
f 3795 3802 3796
f 3796 3802 3803
f 3796 3803 3797
f 3797 3803 3804
f 3797 3804 3798
f 3798 3804 3805
f 3798 3805 3799
f 3799 3805 3800
f 3799 3800 3794
f 3800 3806 3807
f 3800 3807 3801
f 3801 3807 3808
f 3801 3808 3802
f 3802 3808 3809
f 3802 3809 3803
f 3803 3809 3810
f 3803 3810 3804
f 3804 3810 3811
f 3804 3811 3805
f 3805 3811 3806
f 3805 3806 3800
f 3806 3812 3807
f 3807 3812 3808
f 3808 3812 3809
f 3809 3812 3810
f 3810 3812 3811
f 3811 3812 3806
f 3795 3814 3813
f 3795 3813 3794
f 3796 3815 3814
f 3796 3814 3795
f 3797 3816 3815
f 3797 3815 3796
f 3798 3817 3816
f 3798 3816 3797
f 3799 3818 3817
f 3799 3817 3798
f 3794 3813 3818
f 3794 3818 3799
f 3819 3825 3826
f 3819 3826 3820
f 3820 3826 3827
f 3820 3827 3821
f 3821 3827 3828
f 3821 3828 3822
f 3822 3828 3829
f 3822 3829 3823
f 3823 3829 3830
f 3823 3830 3824
f 3824 3830 3825
f 3824 3825 3819
f 3825 3831 3832
f 3825 3832 3826
f 3826 3832 3833
f 3826 3833 3827
f 3827 3833 3834
f 3827 3834 3828
f 3828 3834 3835
f 3828 3835 3829
f 3829 3835 3836
f 3829 3836 3830
f 3830 3836 3831
f 3830 3831 3825
f 3831 3837 3832
f 3832 3837 3833
f 3833 3837 3834
f 3834 3837 3835
f 3835 3837 3836
f 3836 3837 3831
f 3820 3839 3838
f 3820 3838 3819
f 3821 3840 3839
f 3821 3839 3820
f 3822 3841 3840
f 3822 3840 3821
f 3823 3842 3841
f 3823 3841 3822
f 3824 3843 3842
f 3824 3842 3823
f 3819 3838 3843
f 3819 3843 3824
f 3844 3850 3851
f 3844 3851 3845
f 3845 3851 3852
f 3845 3852 3846
f 3846 3852 3853
f 3846 3853 3847
f 3847 3853 3854
f 3847 3854 3848
f 3848 3854 3855
f 3848 3855 3849
f 3849 3855 3850
f 3849 3850 3844
f 3850 3856 3857
f 3850 3857 3851
f 3851 3857 3858
f 3851 3858 3852
f 3852 3858 3859
f 3852 3859 3853
f 3853 3859 3860
f 3853 3860 3854
f 3854 3860 3861
f 3854 3861 3855
f 3855 3861 3856
f 3855 3856 3850
f 3856 3862 3857
f 3857 3862 3858
f 3858 3862 3859
f 3859 3862 3860
f 3860 3862 3861
f 3861 3862 3856
f 3845 3864 3863
f 3845 3863 3844
f 3846 3865 3864
f 3846 3864 3845
f 3847 3866 3865
f 3847 3865 3846
f 3848 3867 3866
f 3848 3866 3847
f 3849 3868 3867
f 3849 3867 3848
f 3844 3863 3868
f 3844 3868 3849
f 3869 3875 3876
f 3869 3876 3870
f 3870 3876 3877
f 3870 3877 3871
f 3871 3877 3878
f 3871 3878 3872
f 3872 3878 3879
f 3872 3879 3873
f 3873 3879 3880
f 3873 3880 3874
f 3874 3880 3875
f 3874 3875 3869
f 3875 3881 3882
f 3875 3882 3876
f 3876 3882 3883
f 3876 3883 3877
f 3877 3883 3884
f 3877 3884 3878
f 3878 3884 3885
f 3878 3885 3879
f 3879 3885 3886
f 3879 3886 3880
f 3880 3886 3881
f 3880 3881 3875
f 3881 3887 3882
f 3882 3887 3883
f 3883 3887 3884
f 3884 3887 3885
f 3885 3887 3886
f 3886 3887 3881
f 3870 3889 3888
f 3870 3888 3869
f 3871 3890 3889
f 3871 3889 3870
f 3872 3891 3890
f 3872 3890 3871
f 3873 3892 3891
f 3873 3891 3872
f 3874 3893 3892
f 3874 3892 3873
f 3869 3888 3893
f 3869 3893 3874
f 3894 3900 3901
f 3894 3901 3895
f 3895 3901 3902
f 3895 3902 3896
f 3896 3902 3903
f 3896 3903 3897
f 3897 3903 3904
f 3897 3904 3898
f 3898 3904 3905
f 3898 3905 3899
f 3899 3905 3900
f 3899 3900 3894
f 3900 3906 3907
f 3900 3907 3901
f 3901 3907 3908
f 3901 3908 3902
f 3902 3908 3909
f 3902 3909 3903
f 3903 3909 3910
f 3903 3910 3904
f 3904 3910 3911
f 3904 3911 3905
f 3905 3911 3906
f 3905 3906 3900
f 3906 3912 3907
f 3907 3912 3908
f 3908 3912 3909
f 3909 3912 3910
f 3910 3912 3911
f 3911 3912 3906
f 3895 3914 3913
f 3895 3913 3894
f 3896 3915 3914
f 3896 3914 3895
f 3897 3916 3915
f 3897 3915 3896
f 3898 3917 3916
f 3898 3916 3897
f 3899 3918 3917
f 3899 3917 3898
f 3894 3913 3918
f 3894 3918 3899
f 3919 3925 3926
f 3919 3926 3920
f 3920 3926 3927
f 3920 3927 3921
f 3921 3927 3928
f 3921 3928 3922
f 3922 3928 3929
f 3922 3929 3923
f 3923 3929 3930
f 3923 3930 3924
f 3924 3930 3925
f 3924 3925 3919
f 3925 3931 3932
f 3925 3932 3926
f 3926 3932 3933
f 3926 3933 3927
f 3927 3933 3934
f 3927 3934 3928
f 3928 3934 3935
f 3928 3935 3929
f 3929 3935 3936
f 3929 3936 3930
f 3930 3936 3931
f 3930 3931 3925
f 3931 3937 3932
f 3932 3937 3933
f 3933 3937 3934
f 3934 3937 3935
f 3935 3937 3936
f 3936 3937 3931
f 3920 3939 3938
f 3920 3938 3919
f 3921 3940 3939
f 3921 3939 3920
f 3922 3941 3940
f 3922 3940 3921
f 3923 3942 3941
f 3923 3941 3922
f 3924 3943 3942
f 3924 3942 3923
f 3919 3938 3943
f 3919 3943 3924
f 3944 3950 3951
f 3944 3951 3945
f 3945 3951 3952
f 3945 3952 3946
f 3946 3952 3953
f 3946 3953 3947
f 3947 3953 3954
f 3947 3954 3948
f 3948 3954 3955
f 3948 3955 3949
f 3949 3955 3950
f 3949 3950 3944
f 3950 3956 3957
f 3950 3957 3951
f 3951 3957 3958
f 3951 3958 3952
f 3952 3958 3959
f 3952 3959 3953
f 3953 3959 3960
f 3953 3960 3954
f 3954 3960 3961
f 3954 3961 3955
f 3955 3961 3956
f 3955 3956 3950
f 3956 3962 3957
f 3957 3962 3958
f 3958 3962 3959
f 3959 3962 3960
f 3960 3962 3961
f 3961 3962 3956
f 3945 3964 3963
f 3945 3963 3944
f 3946 3965 3964
f 3946 3964 3945
f 3947 3966 3965
f 3947 3965 3946
f 3948 3967 3966
f 3948 3966 3947
f 3949 3968 3967
f 3949 3967 3948
f 3944 3963 3968
f 3944 3968 3949
f 3969 3975 3976
f 3969 3976 3970
f 3970 3976 3977
f 3970 3977 3971
f 3971 3977 3978
f 3971 3978 3972
f 3972 3978 3979
f 3972 3979 3973
f 3973 3979 3980
f 3973 3980 3974
f 3974 3980 3975
f 3974 3975 3969
f 3975 3981 3982
f 3975 3982 3976
f 3976 3982 3983
f 3976 3983 3977
f 3977 3983 3984
f 3977 3984 3978
f 3978 3984 3985
f 3978 3985 3979
f 3979 3985 3986
f 3979 3986 3980
f 3980 3986 3981
f 3980 3981 3975
f 3981 3987 3982
f 3982 3987 3983
f 3983 3987 3984
f 3984 3987 3985
f 3985 3987 3986
f 3986 3987 3981
f 3970 3989 3988
f 3970 3988 3969
f 3971 3990 3989
f 3971 3989 3970
f 3972 3991 3990
f 3972 3990 3971
f 3973 3992 3991
f 3973 3991 3972
f 3974 3993 3992
f 3974 3992 3973
f 3969 3988 3993
f 3969 3993 3974
f 3994 4000 4001
f 3994 4001 3995
f 3995 4001 4002
f 3995 4002 3996
f 3996 4002 4003
f 3996 4003 3997
f 3997 4003 4004
f 3997 4004 3998
f 3998 4004 4005
f 3998 4005 3999
f 3999 4005 4000
f 3999 4000 3994
f 4000 4006 4007
f 4000 4007 4001
f 4001 4007 4008
f 4001 4008 4002
f 4002 4008 4009
f 4002 4009 4003
f 4003 4009 4010
f 4003 4010 4004
f 4004 4010 4011
f 4004 4011 4005
f 4005 4011 4006
f 4005 4006 4000
f 4006 4012 4007
f 4007 4012 4008
f 4008 4012 4009
f 4009 4012 4010
f 4010 4012 4011
f 4011 4012 4006
f 3995 4014 4013
f 3995 4013 3994
f 3996 4015 4014
f 3996 4014 3995
f 3997 4016 4015
f 3997 4015 3996
f 3998 4017 4016
f 3998 4016 3997
f 3999 4018 4017
f 3999 4017 3998
f 3994 4013 4018
f 3994 4018 3999
f 4019 4025 4026
f 4019 4026 4020
f 4020 4026 4027
f 4020 4027 4021
f 4021 4027 4028
f 4021 4028 4022
f 4022 4028 4029
f 4022 4029 4023
f 4023 4029 4030
f 4023 4030 4024
f 4024 4030 4025
f 4024 4025 4019
f 4025 4031 4032
f 4025 4032 4026
f 4026 4032 4033
f 4026 4033 4027
f 4027 4033 4034
f 4027 4034 4028
f 4028 4034 4035
f 4028 4035 4029
f 4029 4035 4036
f 4029 4036 4030
f 4030 4036 4031
f 4030 4031 4025
f 4031 4037 4032
f 4032 4037 4033
f 4033 4037 4034
f 4034 4037 4035
f 4035 4037 4036
f 4036 4037 4031
f 4020 4039 4038
f 4020 4038 4019
f 4021 4040 4039
f 4021 4039 4020
f 4022 4041 4040
f 4022 4040 4021
f 4023 4042 4041
f 4023 4041 4022
f 4024 4043 4042
f 4024 4042 4023
f 4019 4038 4043
f 4019 4043 4024
f 4044 4050 4051
f 4044 4051 4045
f 4045 4051 4052
f 4045 4052 4046
f 4046 4052 4053
f 4046 4053 4047
f 4047 4053 4054
f 4047 4054 4048
f 4048 4054 4055
f 4048 4055 4049
f 4049 4055 4050
f 4049 4050 4044
f 4050 4056 4057
f 4050 4057 4051
f 4051 4057 4058
f 4051 4058 4052
f 4052 4058 4059
f 4052 4059 4053
f 4053 4059 4060
f 4053 4060 4054
f 4054 4060 4061
f 4054 4061 4055
f 4055 4061 4056
f 4055 4056 4050
f 4056 4062 4057
f 4057 4062 4058
f 4058 4062 4059
f 4059 4062 4060
f 4060 4062 4061
f 4061 4062 4056
f 4045 4064 4063
f 4045 4063 4044
f 4046 4065 4064
f 4046 4064 4045
f 4047 4066 4065
f 4047 4065 4046
f 4048 4067 4066
f 4048 4066 4047
f 4049 4068 4067
f 4049 4067 4048
f 4044 4063 4068
f 4044 4068 4049
f 4069 4075 4076
f 4069 4076 4070
f 4070 4076 4077
f 4070 4077 4071
f 4071 4077 4078
f 4071 4078 4072
f 4072 4078 4079
f 4072 4079 4073
f 4073 4079 4080
f 4073 4080 4074
f 4074 4080 4075
f 4074 4075 4069
f 4075 4081 4082
f 4075 4082 4076
f 4076 4082 4083
f 4076 4083 4077
f 4077 4083 4084
f 4077 4084 4078
f 4078 4084 4085
f 4078 4085 4079
f 4079 4085 4086
f 4079 4086 4080
f 4080 4086 4081
f 4080 4081 4075
f 4081 4087 4082
f 4082 4087 4083
f 4083 4087 4084
f 4084 4087 4085
f 4085 4087 4086
f 4086 4087 4081
f 4070 4089 4088
f 4070 4088 4069
f 4071 4090 4089
f 4071 4089 4070
f 4072 4091 4090
f 4072 4090 4071
f 4073 4092 4091
f 4073 4091 4072
f 4074 4093 4092
f 4074 4092 4073
f 4069 4088 4093
f 4069 4093 4074
f 4094 4100 4101
f 4094 4101 4095
f 4095 4101 4102
f 4095 4102 4096
f 4096 4102 4103
f 4096 4103 4097
f 4097 4103 4104
f 4097 4104 4098
f 4098 4104 4105
f 4098 4105 4099
f 4099 4105 4100
f 4099 4100 4094
f 4100 4106 4107
f 4100 4107 4101
f 4101 4107 4108
f 4101 4108 4102
f 4102 4108 4109
f 4102 4109 4103
f 4103 4109 4110
f 4103 4110 4104
f 4104 4110 4111
f 4104 4111 4105
f 4105 4111 4106
f 4105 4106 4100
f 4106 4112 4107
f 4107 4112 4108
f 4108 4112 4109
f 4109 4112 4110
f 4110 4112 4111
f 4111 4112 4106
f 4095 4114 4113
f 4095 4113 4094
f 4096 4115 4114
f 4096 4114 4095
f 4097 4116 4115
f 4097 4115 4096
f 4098 4117 4116
f 4098 4116 4097
f 4099 4118 4117
f 4099 4117 4098
f 4094 4113 4118
f 4094 4118 4099
f 4119 4125 4126
f 4119 4126 4120
f 4120 4126 4127
f 4120 4127 4121
f 4121 4127 4128
f 4121 4128 4122
f 4122 4128 4129
f 4122 4129 4123
f 4123 4129 4130
f 4123 4130 4124
f 4124 4130 4125
f 4124 4125 4119
f 4125 4131 4132
f 4125 4132 4126
f 4126 4132 4133
f 4126 4133 4127
f 4127 4133 4134
f 4127 4134 4128
f 4128 4134 4135
f 4128 4135 4129
f 4129 4135 4136
f 4129 4136 4130
f 4130 4136 4131
f 4130 4131 4125
f 4131 4137 4132
f 4132 4137 4133
f 4133 4137 4134
f 4134 4137 4135
f 4135 4137 4136
f 4136 4137 4131
f 4120 4139 4138
f 4120 4138 4119
f 4121 4140 4139
f 4121 4139 4120
f 4122 4141 4140
f 4122 4140 4121
f 4123 4142 4141
f 4123 4141 4122
f 4124 4143 4142
f 4124 4142 4123
f 4119 4138 4143
f 4119 4143 4124
f 4144 4150 4151
f 4144 4151 4145
f 4145 4151 4152
f 4145 4152 4146
f 4146 4152 4153
f 4146 4153 4147
f 4147 4153 4154
f 4147 4154 4148
f 4148 4154 4155
f 4148 4155 4149
f 4149 4155 4150
f 4149 4150 4144
f 4150 4156 4157
f 4150 4157 4151
f 4151 4157 4158
f 4151 4158 4152
f 4152 4158 4159
f 4152 4159 4153
f 4153 4159 4160
f 4153 4160 4154
f 4154 4160 4161
f 4154 4161 4155
f 4155 4161 4156
f 4155 4156 4150
f 4156 4162 4157
f 4157 4162 4158
f 4158 4162 4159
f 4159 4162 4160
f 4160 4162 4161
f 4161 4162 4156
f 4145 4164 4163
f 4145 4163 4144
f 4146 4165 4164
f 4146 4164 4145
f 4147 4166 4165
f 4147 4165 4146
f 4148 4167 4166
f 4148 4166 4147
f 4149 4168 4167
f 4149 4167 4148
f 4144 4163 4168
f 4144 4168 4149
f 4169 4175 4176
f 4169 4176 4170
f 4170 4176 4177
f 4170 4177 4171
f 4171 4177 4178
f 4171 4178 4172
f 4172 4178 4179
f 4172 4179 4173
f 4173 4179 4180
f 4173 4180 4174
f 4174 4180 4175
f 4174 4175 4169
f 4175 4181 4182
f 4175 4182 4176
f 4176 4182 4183
f 4176 4183 4177
f 4177 4183 4184
f 4177 4184 4178
f 4178 4184 4185
f 4178 4185 4179
f 4179 4185 4186
f 4179 4186 4180
f 4180 4186 4181
f 4180 4181 4175
f 4181 4187 4182
f 4182 4187 4183
f 4183 4187 4184
f 4184 4187 4185
f 4185 4187 4186
f 4186 4187 4181
f 4170 4189 4188
f 4170 4188 4169
f 4171 4190 4189
f 4171 4189 4170
f 4172 4191 4190
f 4172 4190 4171
f 4173 4192 4191
f 4173 4191 4172
f 4174 4193 4192
f 4174 4192 4173
f 4169 4188 4193
f 4169 4193 4174
f 4194 4200 4201
f 4194 4201 4195
f 4195 4201 4202
f 4195 4202 4196
f 4196 4202 4203
f 4196 4203 4197
f 4197 4203 4204
f 4197 4204 4198
f 4198 4204 4205
f 4198 4205 4199
f 4199 4205 4200
f 4199 4200 4194
f 4200 4206 4207
f 4200 4207 4201
f 4201 4207 4208
f 4201 4208 4202
f 4202 4208 4209
f 4202 4209 4203
f 4203 4209 4210
f 4203 4210 4204
f 4204 4210 4211
f 4204 4211 4205
f 4205 4211 4206
f 4205 4206 4200
f 4206 4212 4207
f 4207 4212 4208
f 4208 4212 4209
f 4209 4212 4210
f 4210 4212 4211
f 4211 4212 4206
f 4195 4214 4213
f 4195 4213 4194
f 4196 4215 4214
f 4196 4214 4195
f 4197 4216 4215
f 4197 4215 4196
f 4198 4217 4216
f 4198 4216 4197
f 4199 4218 4217
f 4199 4217 4198
f 4194 4213 4218
f 4194 4218 4199
f 4219 4225 4226
f 4219 4226 4220
f 4220 4226 4227
f 4220 4227 4221
f 4221 4227 4228
f 4221 4228 4222
f 4222 4228 4229
f 4222 4229 4223
f 4223 4229 4230
f 4223 4230 4224
f 4224 4230 4225
f 4224 4225 4219
f 4225 4231 4232
f 4225 4232 4226
f 4226 4232 4233
f 4226 4233 4227
f 4227 4233 4234
f 4227 4234 4228
f 4228 4234 4235
f 4228 4235 4229
f 4229 4235 4236
f 4229 4236 4230
f 4230 4236 4231
f 4230 4231 4225
f 4231 4237 4232
f 4232 4237 4233
f 4233 4237 4234
f 4234 4237 4235
f 4235 4237 4236
f 4236 4237 4231
f 4220 4239 4238
f 4220 4238 4219
f 4221 4240 4239
f 4221 4239 4220
f 4222 4241 4240
f 4222 4240 4221
f 4223 4242 4241
f 4223 4241 4222
f 4224 4243 4242
f 4224 4242 4223
f 4219 4238 4243
f 4219 4243 4224
f 4244 4250 4251
f 4244 4251 4245
f 4245 4251 4252
f 4245 4252 4246
f 4246 4252 4253
f 4246 4253 4247
f 4247 4253 4254
f 4247 4254 4248
f 4248 4254 4255
f 4248 4255 4249
f 4249 4255 4250
f 4249 4250 4244
f 4250 4256 4257
f 4250 4257 4251
f 4251 4257 4258
f 4251 4258 4252
f 4252 4258 4259
f 4252 4259 4253
f 4253 4259 4260
f 4253 4260 4254
f 4254 4260 4261
f 4254 4261 4255
f 4255 4261 4256
f 4255 4256 4250
f 4256 4262 4257
f 4257 4262 4258
f 4258 4262 4259
f 4259 4262 4260
f 4260 4262 4261
f 4261 4262 4256
f 4245 4264 4263
f 4245 4263 4244
f 4246 4265 4264
f 4246 4264 4245
f 4247 4266 4265
f 4247 4265 4246
f 4248 4267 4266
f 4248 4266 4247
f 4249 4268 4267
f 4249 4267 4248
f 4244 4263 4268
f 4244 4268 4249
f 4269 4275 4276
f 4269 4276 4270
f 4270 4276 4277
f 4270 4277 4271
f 4271 4277 4278
f 4271 4278 4272
f 4272 4278 4279
f 4272 4279 4273
f 4273 4279 4280
f 4273 4280 4274
f 4274 4280 4275
f 4274 4275 4269
f 4275 4281 4282
f 4275 4282 4276
f 4276 4282 4283
f 4276 4283 4277
f 4277 4283 4284
f 4277 4284 4278
f 4278 4284 4285
f 4278 4285 4279
f 4279 4285 4286
f 4279 4286 4280
f 4280 4286 4281
f 4280 4281 4275
f 4281 4287 4282
f 4282 4287 4283
f 4283 4287 4284
f 4284 4287 4285
f 4285 4287 4286
f 4286 4287 4281
f 4270 4289 4288
f 4270 4288 4269
f 4271 4290 4289
f 4271 4289 4270
f 4272 4291 4290
f 4272 4290 4271
f 4273 4292 4291
f 4273 4291 4272
f 4274 4293 4292
f 4274 4292 4273
f 4269 4288 4293
f 4269 4293 4274
f 4294 4300 4301
f 4294 4301 4295
f 4295 4301 4302
f 4295 4302 4296
f 4296 4302 4303
f 4296 4303 4297
f 4297 4303 4304
f 4297 4304 4298
f 4298 4304 4305
f 4298 4305 4299
f 4299 4305 4300
f 4299 4300 4294
f 4300 4306 4307
f 4300 4307 4301
f 4301 4307 4308
f 4301 4308 4302
f 4302 4308 4309
f 4302 4309 4303
f 4303 4309 4310
f 4303 4310 4304
f 4304 4310 4311
f 4304 4311 4305
f 4305 4311 4306
f 4305 4306 4300
f 4306 4312 4307
f 4307 4312 4308
f 4308 4312 4309
f 4309 4312 4310
f 4310 4312 4311
f 4311 4312 4306
f 4295 4314 4313
f 4295 4313 4294
f 4296 4315 4314
f 4296 4314 4295
f 4297 4316 4315
f 4297 4315 4296
f 4298 4317 4316
f 4298 4316 4297
f 4299 4318 4317
f 4299 4317 4298
f 4294 4313 4318
f 4294 4318 4299
f 4319 4325 4326
f 4319 4326 4320
f 4320 4326 4327
f 4320 4327 4321
f 4321 4327 4328
f 4321 4328 4322
f 4322 4328 4329
f 4322 4329 4323
f 4323 4329 4330
f 4323 4330 4324
f 4324 4330 4325
f 4324 4325 4319
f 4325 4331 4332
f 4325 4332 4326
f 4326 4332 4333
f 4326 4333 4327
f 4327 4333 4334
f 4327 4334 4328
f 4328 4334 4335
f 4328 4335 4329
f 4329 4335 4336
f 4329 4336 4330
f 4330 4336 4331
f 4330 4331 4325
f 4331 4337 4332
f 4332 4337 4333
f 4333 4337 4334
f 4334 4337 4335
f 4335 4337 4336
f 4336 4337 4331
f 4320 4339 4338
f 4320 4338 4319
f 4321 4340 4339
f 4321 4339 4320
f 4322 4341 4340
f 4322 4340 4321
f 4323 4342 4341
f 4323 4341 4322
f 4324 4343 4342
f 4324 4342 4323
f 4319 4338 4343
f 4319 4343 4324
f 4344 4350 4351
f 4344 4351 4345
f 4345 4351 4352
f 4345 4352 4346
f 4346 4352 4353
f 4346 4353 4347
f 4347 4353 4354
f 4347 4354 4348
f 4348 4354 4355
f 4348 4355 4349
f 4349 4355 4350
f 4349 4350 4344
f 4350 4356 4357
f 4350 4357 4351
f 4351 4357 4358
f 4351 4358 4352
f 4352 4358 4359
f 4352 4359 4353
f 4353 4359 4360
f 4353 4360 4354
f 4354 4360 4361
f 4354 4361 4355
f 4355 4361 4356
f 4355 4356 4350
f 4356 4362 4357
f 4357 4362 4358
f 4358 4362 4359
f 4359 4362 4360
f 4360 4362 4361
f 4361 4362 4356
f 4345 4364 4363
f 4345 4363 4344
f 4346 4365 4364
f 4346 4364 4345
f 4347 4366 4365
f 4347 4365 4346
f 4348 4367 4366
f 4348 4366 4347
f 4349 4368 4367
f 4349 4367 4348
f 4344 4363 4368
f 4344 4368 4349
f 4369 4375 4376
f 4369 4376 4370
f 4370 4376 4377
f 4370 4377 4371
f 4371 4377 4378
f 4371 4378 4372
f 4372 4378 4379
f 4372 4379 4373
f 4373 4379 4380
f 4373 4380 4374
f 4374 4380 4375
f 4374 4375 4369
f 4375 4381 4382
f 4375 4382 4376
f 4376 4382 4383
f 4376 4383 4377
f 4377 4383 4384
f 4377 4384 4378
f 4378 4384 4385
f 4378 4385 4379
f 4379 4385 4386
f 4379 4386 4380
f 4380 4386 4381
f 4380 4381 4375
f 4381 4387 4382
f 4382 4387 4383
f 4383 4387 4384
f 4384 4387 4385
f 4385 4387 4386
f 4386 4387 4381
f 4370 4389 4388
f 4370 4388 4369
f 4371 4390 4389
f 4371 4389 4370
f 4372 4391 4390
f 4372 4390 4371
f 4373 4392 4391
f 4373 4391 4372
f 4374 4393 4392
f 4374 4392 4373
f 4369 4388 4393
f 4369 4393 4374
f 4394 4400 4401
f 4394 4401 4395
f 4395 4401 4402
f 4395 4402 4396
f 4396 4402 4403
f 4396 4403 4397
f 4397 4403 4404
f 4397 4404 4398
f 4398 4404 4405
f 4398 4405 4399
f 4399 4405 4400
f 4399 4400 4394
f 4400 4406 4407
f 4400 4407 4401
f 4401 4407 4408
f 4401 4408 4402
f 4402 4408 4409
f 4402 4409 4403
f 4403 4409 4410
f 4403 4410 4404
f 4404 4410 4411
f 4404 4411 4405
f 4405 4411 4406
f 4405 4406 4400
f 4406 4412 4407
f 4407 4412 4408
f 4408 4412 4409
f 4409 4412 4410
f 4410 4412 4411
f 4411 4412 4406
f 4395 4414 4413
f 4395 4413 4394
f 4396 4415 4414
f 4396 4414 4395
f 4397 4416 4415
f 4397 4415 4396
f 4398 4417 4416
f 4398 4416 4397
f 4399 4418 4417
f 4399 4417 4398
f 4394 4413 4418
f 4394 4418 4399
f 4419 4425 4426
f 4419 4426 4420
f 4420 4426 4427
f 4420 4427 4421
f 4421 4427 4428
f 4421 4428 4422
f 4422 4428 4429
f 4422 4429 4423
f 4423 4429 4430
f 4423 4430 4424
f 4424 4430 4425
f 4424 4425 4419
f 4425 4431 4432
f 4425 4432 4426
f 4426 4432 4433
f 4426 4433 4427
f 4427 4433 4434
f 4427 4434 4428
f 4428 4434 4435
f 4428 4435 4429
f 4429 4435 4436
f 4429 4436 4430
f 4430 4436 4431
f 4430 4431 4425
f 4431 4437 4432
f 4432 4437 4433
f 4433 4437 4434
f 4434 4437 4435
f 4435 4437 4436
f 4436 4437 4431
f 4420 4439 4438
f 4420 4438 4419
f 4421 4440 4439
f 4421 4439 4420
f 4422 4441 4440
f 4422 4440 4421
f 4423 4442 4441
f 4423 4441 4422
f 4424 4443 4442
f 4424 4442 4423
f 4419 4438 4443
f 4419 4443 4424
f 4444 4450 4451
f 4444 4451 4445
f 4445 4451 4452
f 4445 4452 4446
f 4446 4452 4453
f 4446 4453 4447
f 4447 4453 4454
f 4447 4454 4448
f 4448 4454 4455
f 4448 4455 4449
f 4449 4455 4450
f 4449 4450 4444
f 4450 4456 4457
f 4450 4457 4451
f 4451 4457 4458
f 4451 4458 4452
f 4452 4458 4459
f 4452 4459 4453
f 4453 4459 4460
f 4453 4460 4454
f 4454 4460 4461
f 4454 4461 4455
f 4455 4461 4456
f 4455 4456 4450
f 4456 4462 4457
f 4457 4462 4458
f 4458 4462 4459
f 4459 4462 4460
f 4460 4462 4461
f 4461 4462 4456
f 4445 4464 4463
f 4445 4463 4444
f 4446 4465 4464
f 4446 4464 4445
f 4447 4466 4465
f 4447 4465 4446
f 4448 4467 4466
f 4448 4466 4447
f 4449 4468 4467
f 4449 4467 4448
f 4444 4463 4468
f 4444 4468 4449
f 4469 4475 4476
f 4469 4476 4470
f 4470 4476 4477
f 4470 4477 4471
f 4471 4477 4478
f 4471 4478 4472
f 4472 4478 4479
f 4472 4479 4473
f 4473 4479 4480
f 4473 4480 4474
f 4474 4480 4475
f 4474 4475 4469
f 4475 4481 4482
f 4475 4482 4476
f 4476 4482 4483
f 4476 4483 4477
f 4477 4483 4484
f 4477 4484 4478
f 4478 4484 4485
f 4478 4485 4479
f 4479 4485 4486
f 4479 4486 4480
f 4480 4486 4481
f 4480 4481 4475
f 4481 4487 4482
f 4482 4487 4483
f 4483 4487 4484
f 4484 4487 4485
f 4485 4487 4486
f 4486 4487 4481
f 4470 4489 4488
f 4470 4488 4469
f 4471 4490 4489
f 4471 4489 4470
f 4472 4491 4490
f 4472 4490 4471
f 4473 4492 4491
f 4473 4491 4472
f 4474 4493 4492
f 4474 4492 4473
f 4469 4488 4493
f 4469 4493 4474
f 4494 4500 4501
f 4494 4501 4495
f 4495 4501 4502
f 4495 4502 4496
f 4496 4502 4503
f 4496 4503 4497
f 4497 4503 4504
f 4497 4504 4498
f 4498 4504 4505
f 4498 4505 4499
f 4499 4505 4500
f 4499 4500 4494
f 4500 4506 4507
f 4500 4507 4501
f 4501 4507 4508
f 4501 4508 4502
f 4502 4508 4509
f 4502 4509 4503
f 4503 4509 4510
f 4503 4510 4504
f 4504 4510 4511
f 4504 4511 4505
f 4505 4511 4506
f 4505 4506 4500
f 4506 4512 4507
f 4507 4512 4508
f 4508 4512 4509
f 4509 4512 4510
f 4510 4512 4511
f 4511 4512 4506
f 4495 4514 4513
f 4495 4513 4494
f 4496 4515 4514
f 4496 4514 4495
f 4497 4516 4515
f 4497 4515 4496
f 4498 4517 4516
f 4498 4516 4497
f 4499 4518 4517
f 4499 4517 4498
f 4494 4513 4518
f 4494 4518 4499
f 4519 4525 4526
f 4519 4526 4520
f 4520 4526 4527
f 4520 4527 4521
f 4521 4527 4528
f 4521 4528 4522
f 4522 4528 4529
f 4522 4529 4523
f 4523 4529 4530
f 4523 4530 4524
f 4524 4530 4525
f 4524 4525 4519
f 4525 4531 4532
f 4525 4532 4526
f 4526 4532 4533
f 4526 4533 4527
f 4527 4533 4534
f 4527 4534 4528
f 4528 4534 4535
f 4528 4535 4529
f 4529 4535 4536
f 4529 4536 4530
f 4530 4536 4531
f 4530 4531 4525
f 4531 4537 4532
f 4532 4537 4533
f 4533 4537 4534
f 4534 4537 4535
f 4535 4537 4536
f 4536 4537 4531
f 4520 4539 4538
f 4520 4538 4519
f 4521 4540 4539
f 4521 4539 4520
f 4522 4541 4540
f 4522 4540 4521
f 4523 4542 4541
f 4523 4541 4522
f 4524 4543 4542
f 4524 4542 4523
f 4519 4538 4543
f 4519 4543 4524
f 4544 4550 4551
f 4544 4551 4545
f 4545 4551 4552
f 4545 4552 4546
f 4546 4552 4553
f 4546 4553 4547
f 4547 4553 4554
f 4547 4554 4548
f 4548 4554 4555
f 4548 4555 4549
f 4549 4555 4550
f 4549 4550 4544
f 4550 4556 4557
f 4550 4557 4551
f 4551 4557 4558
f 4551 4558 4552
f 4552 4558 4559
f 4552 4559 4553
f 4553 4559 4560
f 4553 4560 4554
f 4554 4560 4561
f 4554 4561 4555
f 4555 4561 4556
f 4555 4556 4550
f 4556 4562 4557
f 4557 4562 4558
f 4558 4562 4559
f 4559 4562 4560
f 4560 4562 4561
f 4561 4562 4556
f 4545 4564 4563
f 4545 4563 4544
f 4546 4565 4564
f 4546 4564 4545
f 4547 4566 4565
f 4547 4565 4546
f 4548 4567 4566
f 4548 4566 4547
f 4549 4568 4567
f 4549 4567 4548
f 4544 4563 4568
f 4544 4568 4549
f 4569 4575 4576
f 4569 4576 4570
f 4570 4576 4577
f 4570 4577 4571
f 4571 4577 4578
f 4571 4578 4572
f 4572 4578 4579
f 4572 4579 4573
f 4573 4579 4580
f 4573 4580 4574
f 4574 4580 4575
f 4574 4575 4569
f 4575 4581 4582
f 4575 4582 4576
f 4576 4582 4583
f 4576 4583 4577
f 4577 4583 4584
f 4577 4584 4578
f 4578 4584 4585
f 4578 4585 4579
f 4579 4585 4586
f 4579 4586 4580
f 4580 4586 4581
f 4580 4581 4575
f 4581 4587 4582
f 4582 4587 4583
f 4583 4587 4584
f 4584 4587 4585
f 4585 4587 4586
f 4586 4587 4581
f 4570 4589 4588
f 4570 4588 4569
f 4571 4590 4589
f 4571 4589 4570
f 4572 4591 4590
f 4572 4590 4571
f 4573 4592 4591
f 4573 4591 4572
f 4574 4593 4592
f 4574 4592 4573
f 4569 4588 4593
f 4569 4593 4574
f 4594 4600 4601
f 4594 4601 4595
f 4595 4601 4602
f 4595 4602 4596
f 4596 4602 4603
f 4596 4603 4597
f 4597 4603 4604
f 4597 4604 4598
f 4598 4604 4605
f 4598 4605 4599
f 4599 4605 4600
f 4599 4600 4594
f 4600 4606 4607
f 4600 4607 4601
f 4601 4607 4608
f 4601 4608 4602
f 4602 4608 4609
f 4602 4609 4603
f 4603 4609 4610
f 4603 4610 4604
f 4604 4610 4611
f 4604 4611 4605
f 4605 4611 4606
f 4605 4606 4600
f 4606 4612 4607
f 4607 4612 4608
f 4608 4612 4609
f 4609 4612 4610
f 4610 4612 4611
f 4611 4612 4606
f 4595 4614 4613
f 4595 4613 4594
f 4596 4615 4614
f 4596 4614 4595
f 4597 4616 4615
f 4597 4615 4596
f 4598 4617 4616
f 4598 4616 4597
f 4599 4618 4617
f 4599 4617 4598
f 4594 4613 4618
f 4594 4618 4599
f 4619 4625 4626
f 4619 4626 4620
f 4620 4626 4627
f 4620 4627 4621
f 4621 4627 4628
f 4621 4628 4622
f 4622 4628 4629
f 4622 4629 4623
f 4623 4629 4630
f 4623 4630 4624
f 4624 4630 4625
f 4624 4625 4619
f 4625 4631 4632
f 4625 4632 4626
f 4626 4632 4633
f 4626 4633 4627
f 4627 4633 4634
f 4627 4634 4628
f 4628 4634 4635
f 4628 4635 4629
f 4629 4635 4636
f 4629 4636 4630
f 4630 4636 4631
f 4630 4631 4625
f 4631 4637 4632
f 4632 4637 4633
f 4633 4637 4634
f 4634 4637 4635
f 4635 4637 4636
f 4636 4637 4631
f 4620 4639 4638
f 4620 4638 4619
f 4621 4640 4639
f 4621 4639 4620
f 4622 4641 4640
f 4622 4640 4621
f 4623 4642 4641
f 4623 4641 4622
f 4624 4643 4642
f 4624 4642 4623
f 4619 4638 4643
f 4619 4643 4624
f 4644 4650 4651
f 4644 4651 4645
f 4645 4651 4652
f 4645 4652 4646
f 4646 4652 4653
f 4646 4653 4647
f 4647 4653 4654
f 4647 4654 4648
f 4648 4654 4655
f 4648 4655 4649
f 4649 4655 4650
f 4649 4650 4644
f 4650 4656 4657
f 4650 4657 4651
f 4651 4657 4658
f 4651 4658 4652
f 4652 4658 4659
f 4652 4659 4653
f 4653 4659 4660
f 4653 4660 4654
f 4654 4660 4661
f 4654 4661 4655
f 4655 4661 4656
f 4655 4656 4650
f 4656 4662 4657
f 4657 4662 4658
f 4658 4662 4659
f 4659 4662 4660
f 4660 4662 4661
f 4661 4662 4656
f 4645 4664 4663
f 4645 4663 4644
f 4646 4665 4664
f 4646 4664 4645
f 4647 4666 4665
f 4647 4665 4646
f 4648 4667 4666
f 4648 4666 4647
f 4649 4668 4667
f 4649 4667 4648
f 4644 4663 4668
f 4644 4668 4649
f 4669 4675 4676
f 4669 4676 4670
f 4670 4676 4677
f 4670 4677 4671
f 4671 4677 4678
f 4671 4678 4672
f 4672 4678 4679
f 4672 4679 4673
f 4673 4679 4680
f 4673 4680 4674
f 4674 4680 4675
f 4674 4675 4669
f 4675 4681 4682
f 4675 4682 4676
f 4676 4682 4683
f 4676 4683 4677
f 4677 4683 4684
f 4677 4684 4678
f 4678 4684 4685
f 4678 4685 4679
f 4679 4685 4686
f 4679 4686 4680
f 4680 4686 4681
f 4680 4681 4675
f 4681 4687 4682
f 4682 4687 4683
f 4683 4687 4684
f 4684 4687 4685
f 4685 4687 4686
f 4686 4687 4681
f 4670 4689 4688
f 4670 4688 4669
f 4671 4690 4689
f 4671 4689 4670
f 4672 4691 4690
f 4672 4690 4671
f 4673 4692 4691
f 4673 4691 4672
f 4674 4693 4692
f 4674 4692 4673
f 4669 4688 4693
f 4669 4693 4674
f 4694 4700 4701
f 4694 4701 4695
f 4695 4701 4702
f 4695 4702 4696
f 4696 4702 4703
f 4696 4703 4697
f 4697 4703 4704
f 4697 4704 4698
f 4698 4704 4705
f 4698 4705 4699
f 4699 4705 4700
f 4699 4700 4694
f 4700 4706 4707
f 4700 4707 4701
f 4701 4707 4708
f 4701 4708 4702
f 4702 4708 4709
f 4702 4709 4703
f 4703 4709 4710
f 4703 4710 4704
f 4704 4710 4711
f 4704 4711 4705
f 4705 4711 4706
f 4705 4706 4700
f 4706 4712 4707
f 4707 4712 4708
f 4708 4712 4709
f 4709 4712 4710
f 4710 4712 4711
f 4711 4712 4706
f 4695 4714 4713
f 4695 4713 4694
f 4696 4715 4714
f 4696 4714 4695
f 4697 4716 4715
f 4697 4715 4696
f 4698 4717 4716
f 4698 4716 4697
f 4699 4718 4717
f 4699 4717 4698
f 4694 4713 4718
f 4694 4718 4699
f 4719 4725 4726
f 4719 4726 4720
f 4720 4726 4727
f 4720 4727 4721
f 4721 4727 4728
f 4721 4728 4722
f 4722 4728 4729
f 4722 4729 4723
f 4723 4729 4730
f 4723 4730 4724
f 4724 4730 4725
f 4724 4725 4719
f 4725 4731 4732
f 4725 4732 4726
f 4726 4732 4733
f 4726 4733 4727
f 4727 4733 4734
f 4727 4734 4728
f 4728 4734 4735
f 4728 4735 4729
f 4729 4735 4736
f 4729 4736 4730
f 4730 4736 4731
f 4730 4731 4725
f 4731 4737 4732
f 4732 4737 4733
f 4733 4737 4734
f 4734 4737 4735
f 4735 4737 4736
f 4736 4737 4731
f 4720 4739 4738
f 4720 4738 4719
f 4721 4740 4739
f 4721 4739 4720
f 4722 4741 4740
f 4722 4740 4721
f 4723 4742 4741
f 4723 4741 4722
f 4724 4743 4742
f 4724 4742 4723
f 4719 4738 4743
f 4719 4743 4724
f 4744 4750 4751
f 4744 4751 4745
f 4745 4751 4752
f 4745 4752 4746
f 4746 4752 4753
f 4746 4753 4747
f 4747 4753 4754
f 4747 4754 4748
f 4748 4754 4755
f 4748 4755 4749
f 4749 4755 4750
f 4749 4750 4744
f 4750 4756 4757
f 4750 4757 4751
f 4751 4757 4758
f 4751 4758 4752
f 4752 4758 4759
f 4752 4759 4753
f 4753 4759 4760
f 4753 4760 4754
f 4754 4760 4761
f 4754 4761 4755
f 4755 4761 4756
f 4755 4756 4750
f 4756 4762 4757
f 4757 4762 4758
f 4758 4762 4759
f 4759 4762 4760
f 4760 4762 4761
f 4761 4762 4756
f 4745 4764 4763
f 4745 4763 4744
f 4746 4765 4764
f 4746 4764 4745
f 4747 4766 4765
f 4747 4765 4746
f 4748 4767 4766
f 4748 4766 4747
f 4749 4768 4767
f 4749 4767 4748
f 4744 4763 4768
f 4744 4768 4749
f 4774 4773 4772
f 4774 4772 4771
f 4778 4777 4776
f 4778 4776 4775
f 4782 4781 4780
f 4782 4780 4779
f 4786 4785 4784
f 4786 4784 4783
f 4794 4793 4792
f 4794 4792 4791
f 4798 4797 4796
f 4798 4796 4795
f 4802 4801 4800
f 4802 4800 4799
f 4810 4809 4808
f 4810 4808 4807
f 4814 4813 4812
f 4814 4812 4811
f 4814 4816 4815
f 4814 4815 4813
f 4820 4819 4818
f 4820 4818 4817
f 4824 4823 4822
f 4824 4822 4821
f 4828 4827 4826
f 4828 4826 4825
f 4832 4831 4830
f 4832 4830 4829
f 4836 4835 4834
f 4836 4834 4833
f 4840 4839 4838
f 4840 4838 4837
f 4844 4843 4842
f 4844 4842 4841
f 4848 4847 4846
f 4848 4846 4845
f 4852 4851 4850
f 4852 4850 4849
f 4858 4857 4856
f 4858 4856 4855
f 4862 4861 4860
f 4862 4860 4859
f 4865 4864 4855
f 4865 4855 4856
f 4871 4870 4869
f 4871 4869 4868
f 4875 4874 4873
f 4875 4873 4872
f 4872 4877 4876
f 4872 4876 4875
f 4885 4884 4883
f 4885 4883 4882
f 4885 4887 4886
f 4885 4886 4884
f 4891 4890 4889
f 4891 4889 4888
f 4849 4895 4894
f 4849 4894 4852
f 4903 4902 4901
f 4903 4901 4900
f 4914 4913 4912
f 4914 4912 4911
f 4921 4774 4771
f 4921 4771 4920
f 4923 4794 4791
f 4923 4791 4922
f 4911 4925 4924
f 4911 4924 4914
f 4929 4928 4927
f 4929 4927 4926
f 4939 4938 4937
f 4939 4937 4936
f 4943 4942 4941
f 4943 4941 4940
f 4947 4946 4945
f 4947 4945 4944
f 4951 4950 4791
f 4951 4791 4792
f 4922 4791 4950
f 4922 4950 4952
f 4795 4796 4954
f 4795 4954 4953
f 4838 4956 4955
f 4838 4955 4837
f 4828 4825 4958
f 4828 4958 4957
f 4802 4799 4960
f 4802 4960 4959
f 4943 4940 4962
f 4943 4962 4961
f 4965 4964 4860
f 4965 4860 4861
f 4856 4857 4967
f 4856 4967 4966
f 4966 4968 4865
f 4966 4865 4856
f 4972 4971 4970
f 4972 4970 4969
f 4976 4975 4974
f 4976 4974 4973
f 4978 4850 4851
f 4978 4851 4977
f 4980 4815 4816
f 4980 4816 4979
f 4982 4873 4874
f 4982 4874 4981
f 4984 4886 4887
f 4984 4887 4983
f 4857 4858 4986
f 4857 4986 4985
f 4987 4967 4857
f 4987 4857 4985
f 4992 4991 4990
f 4992 4990 4989
f 4973 4974 4994
f 4973 4994 4993
f 4996 4989 4990
f 4996 4990 4995
f 5002 5001 5000
f 5002 5000 4999
f 5006 5005 5004
f 5006 5004 5003
f 5010 5009 5008
f 5010 5008 5007
f 5014 5013 5012
f 5014 5012 5011
f 5018 5017 5016
f 5018 5016 5015
f 5022 5021 5020
f 5022 5020 5019
f 5024 5020 5021
f 5024 5021 5023
f 4809 4810 5026
f 4809 5026 5025
f 5028 5027 4902
f 5028 4902 4903
f 5030 5029 4848
f 5030 4848 4845
f 5032 5031 4819
f 5032 4819 4820
f 5034 5033 4870
f 5034 4870 4871
f 5036 5035 4890
f 5036 4890 4891
f 4861 4862 5038
f 4861 5038 5037
f 5037 5039 4965
f 5037 4965 4861
f 5044 5043 5042
f 5044 5042 5041
f 5048 5047 5046
f 5048 5046 5045
f 5047 5044 5041
f 5047 5041 5046
f 4903 4809 5025
f 4903 5025 5028
f 4900 4808 4809
f 4900 4809 4903
f 4989 4974 4975
f 4989 4975 4992
f 4974 4989 4996
f 4974 4996 4994
f 5050 5049 4993
f 5050 4993 4994
f 4994 4996 5051
f 4994 5051 5050
f 4996 4995 5052
f 4996 5052 5051
f 5054 5048 5045
f 5054 5045 5053
f 4867 5056 5055
f 4867 5055 4866
f 5060 5059 5058
f 5060 5058 5057
f 5064 5063 5062
f 5064 5062 5061
f 5066 5064 5061
f 5066 5061 5065
f 5065 5068 5067
f 5065 5067 5066
f 5072 5071 5070
f 5072 5070 5069
f 5023 5074 5073
f 5023 5073 5024
f 4772 4773 5076
f 4772 5076 5075
f 5078 5077 4792
f 5078 4792 4793
f 5077 5079 4951
f 5077 4951 4792
f 5081 5080 4912
f 5081 4912 4913
f 5055 5084 5083
f 5055 5083 4866
f 5090 5089 5088
f 5090 5088 5087
f 5088 5092 5091
f 5088 5091 5087
f 5096 5095 5094
f 5096 5094 5093
f 5098 5096 5093
f 5098 5093 5097
f 5098 5097 5100
f 5098 5100 5099
f 5104 5103 5102
f 5104 5102 5101
f 5110 5109 5108
f 5110 5108 5107
f 5114 5113 5112
f 5114 5112 5111
f 5111 5112 5116
f 5111 5116 5115
f 5120 5119 5118
f 5120 5118 5117
f 4834 5124 5123
f 4834 5123 4833
f 4837 5126 5125
f 4837 5125 4840
f 5126 4837 4955
f 5126 4955 5127
f 4841 5129 5128
f 4841 5128 4844
f 5123 5124 5109
f 5123 5109 5110
f 5113 5125 5126
f 5113 5126 5112
f 5112 5126 5127
f 5112 5127 5116
f 5119 5128 5129
f 5119 5129 5118
f 5011 5132 5131
f 5011 5131 5014
f 5134 5131 5132
f 5134 5132 5133
f 5136 5134 5133
f 5136 5133 5135
f 4831 5120 5117
f 4831 5117 4830
f 5115 4958 4825
f 5115 4825 5111
f 4826 5114 5111
f 4826 5111 4825
f 5107 5108 4824
f 5107 4824 4821
f 5007 5136 5135
f 5007 5135 5010
f 5139 4832 4829
f 5139 4829 5138
f 5141 4828 4957
f 5141 4957 5140
f 5141 5142 4827
f 5141 4827 4828
f 4823 5144 5143
f 4823 5143 4822
f 5146 5008 5009
f 5146 5009 5145
f 4783 5139 5138
f 4783 5138 4786
f 4799 5141 5140
f 4799 5140 4960
f 4799 4800 5142
f 4799 5142 5141
f 5144 4782 4779
f 5144 4779 5143
f 5005 5146 5145
f 5005 5145 5004
f 4785 5149 5148
f 4785 5148 4784
f 5151 4802 4959
f 5151 4959 5150
f 5151 5152 4801
f 5151 4801 4802
f 4781 5154 5153
f 4781 5153 4780
f 5156 5006 5003
f 5156 5003 5155
f 5149 5159 5158
f 5149 5158 5148
f 5161 5151 5150
f 5161 5150 5160
f 5161 5162 5152
f 5161 5152 5151
f 5154 5164 5163
f 5154 5163 5153
f 5166 5156 5155
f 5166 5155 5165
f 5159 5169 5168
f 5159 5168 5158
f 5171 5161 5160
f 5171 5160 5170
f 5171 5172 5162
f 5171 5162 5161
f 5164 5174 5173
f 5164 5173 5163
f 5176 5166 5165
f 5176 5165 5175
f 4999 5176 5175
f 4999 5175 5002
f 5174 4939 4936
f 5174 4936 5173
f 4940 4941 5172
f 4940 5172 5171
f 4940 5171 5170
f 4940 5170 4962
f 5169 4947 4944
f 5169 4944 5168
f 4946 5179 5178
f 4946 5178 4945
f 5181 4943 4961
f 5181 4961 5180
f 5181 5182 4942
f 5181 4942 4943
f 4938 5184 5183
f 4938 5183 4937
f 5186 5000 5001
f 5186 5001 5185
f 5180 4963 4805
f 5180 4805 5181
f 4806 5182 5181
f 4806 5181 4805
f 4804 5183 5184
f 4804 5184 4803
f 4997 5186 5185
f 4997 5185 4998
f 4945 5178 5189
f 4945 5189 5188
f 4944 4945 5188
f 4944 5188 5190
f 5168 4944 5190
f 5168 5190 5191
f 5158 5168 5191
f 5158 5191 5192
f 5148 5158 5192
f 5148 5192 5193
f 4784 5148 5193
f 4784 5193 5194
f 4783 4784 5194
f 4783 5194 5195
f 5195 5196 5139
f 5195 5139 4783
f 5196 5197 4832
f 5196 4832 5139
f 5197 5198 4831
f 5197 4831 4832
f 5198 5199 5120
f 5198 5120 4831
f 5199 5200 5119
f 5199 5119 5120
f 5200 5201 5128
f 5200 5128 5119
f 4844 5128 5201
f 4844 5201 5202
f 5202 5203 4843
f 5202 4843 4844
f 5205 4929 4926
f 5205 4926 5204
f 4914 4924 5207
f 4914 5207 5206
f 5206 5208 4913
f 5206 4913 4914
f 4913 5208 5209
f 4913 5209 5081
f 5041 5042 5211
f 5041 5211 5210
f 5046 5041 5210
f 5046 5210 5212
f 5045 5046 5212
f 5045 5212 5213
f 5045 5213 5214
f 5045 5214 5053
f 5216 5072 5069
f 5216 5069 5215
f 5066 5067 5218
f 5066 5218 5217
f 5217 5219 5064
f 5217 5064 5066
f 5219 5220 5063
f 5219 5063 5064
f 5222 5101 5102
f 5222 5102 5221
f 5224 5060 5057
f 5224 5057 5223
f 5228 5227 5226
f 5228 5226 5225
f 5225 5230 5229
f 5225 5229 5228
f 4969 5234 5233
f 4969 5233 4972
f 5236 5235 5234
f 5236 5234 4969
f 5213 5238 5237
f 5213 5237 5214
f 5215 5240 5239
f 5215 5239 5216
f 5217 5218 5049
f 5217 5049 5050
f 5050 5051 5219
f 5050 5219 5217
f 5051 5052 5220
f 5051 5220 5219
f 5100 5222 5221
f 5100 5221 5099
f 4894 4895 5224
f 4894 5224 5223
f 5225 5226 4864
f 5225 4864 4865
f 4865 4968 5230
f 4865 5230 5225
f 5234 5235 5212
f 5234 5212 5210
f 5211 5233 5234
f 5211 5234 5210
f 5208 4951 5079
f 5208 5079 5209
f 5206 4950 4951
f 5206 4951 5208
f 4952 4950 5206
f 4952 5206 5207
f 4953 4954 5205
f 4953 5205 5204
f 5202 4955 4956
f 5202 4956 5203
f 5127 4955 5202
f 5127 5202 5201
f 5116 5127 5201
f 5116 5201 5200
f 5115 5116 5200
f 5115 5200 5199
f 5198 4958 5115
f 5198 5115 5199
f 4957 4958 5198
f 4957 5198 5197
f 5140 4957 5197
f 5140 5197 5196
f 4960 5140 5196
f 4960 5196 5195
f 4959 4960 5195
f 4959 5195 5194
f 5150 4959 5194
f 5150 5194 5193
f 5160 5150 5193
f 5160 5193 5192
f 5170 5160 5192
f 5170 5192 5191
f 4962 5170 5191
f 4962 5191 5190
f 4961 4962 5190
f 4961 5190 5188
f 5180 4961 5188
f 5180 5188 5189
f 5241 4963 5180
f 5241 5180 5189
f 5242 5243 5182
f 5242 5182 4806
f 4942 5182 5243
f 4942 5243 5244
f 4941 4942 5244
f 4941 5244 5245
f 5172 4941 5245
f 5172 5245 5246
f 5162 5172 5246
f 5162 5246 5247
f 5152 5162 5247
f 5152 5247 5248
f 4801 5152 5248
f 4801 5248 5249
f 4800 4801 5249
f 4800 5249 5250
f 5142 4800 5250
f 5142 5250 5251
f 4827 5142 5251
f 4827 5251 5252
f 4826 4827 5252
f 4826 5252 5253
f 5254 5114 4826
f 5254 4826 5253
f 5255 5113 5114
f 5255 5114 5254
f 5256 5125 5113
f 5256 5113 5255
f 4840 5125 5256
f 4840 5256 5257
f 5257 5258 4839
f 5257 4839 4840
f 5260 5259 4797
f 5260 4797 4798
f 5262 5261 4794
f 5262 4794 4923
f 5261 5263 4793
f 5261 4793 4794
f 4793 5263 5264
f 4793 5264 5078
f 5267 4860 4964
f 5267 4964 5266
f 4859 4860 5267
f 4859 5267 5268
f 4888 4889 5270
f 4888 5270 5269
f 4868 4869 5272
f 4868 5272 5271
f 4817 4818 5274
f 4817 5274 5273
f 4847 5276 5275
f 4847 5275 4846
f 5278 5091 5092
f 5278 5092 5277
f 4900 4901 5280
f 4900 5280 5279
f 5281 4808 4900
f 5281 4900 5279
f 4807 4808 5281
f 4807 5281 5282
f 5263 4772 5075
f 5263 5075 5264
f 4771 4772 5263
f 4771 5263 5261
f 4920 4771 5261
f 4920 5261 5262
f 4775 4776 5259
f 4775 5259 5260
f 5257 4834 4835
f 5257 4835 5258
f 5257 5256 5124
f 5257 5124 4834
f 5109 5124 5256
f 5109 5256 5255
f 5108 5109 5255
f 5108 5255 5254
f 4824 5108 5254
f 4824 5254 5253
f 5252 4823 4824
f 5252 4824 5253
f 5251 5144 4823
f 5251 4823 5252
f 5250 4782 5144
f 5250 5144 5251
f 5249 4781 4782
f 5249 4782 5250
f 5248 5154 4781
f 5248 4781 5249
f 5247 5164 5154
f 5247 5154 5248
f 5246 5174 5164
f 5246 5164 5247
f 5245 4939 5174
f 5245 5174 5246
f 5244 4938 4939
f 5244 4939 5245
f 5243 5184 4938
f 5243 4938 5244
f 4803 5184 5243
f 4803 5243 5242
f 5013 5284 5283
f 5013 5283 5012
f 5286 5285 4835
f 5286 4835 4836
f 5258 4835 5285
f 5258 5285 5287
f 4839 5258 5287
f 4839 5287 5288
f 4838 4839 5288
f 4838 5288 5289
f 5289 5290 4956
f 5289 4956 4838
f 5203 4956 5290
f 5203 5290 5291
f 4843 5203 5291
f 4843 5291 5292
f 5293 4842 4843
f 5293 4843 5292
f 5284 5296 5295
f 5284 5295 5283
f 5298 5297 5285
f 5298 5285 5286
f 5287 5285 5297
f 5287 5297 5299
f 5288 5287 5299
f 5288 5299 5300
f 5289 5288 5300
f 5289 5300 5301
f 5301 5302 5290
f 5301 5290 5289
f 5291 5290 5302
f 5291 5302 5303
f 5292 5291 5303
f 5292 5303 5304
f 5305 5293 5292
f 5305 5292 5304
f 5296 5018 5015
f 5296 5015 5295
f 4775 5297 5298
f 4775 5298 4778
f 5299 5297 4775
f 5299 4775 5260
f 5300 5299 5260
f 5300 5260 4798
f 5301 5300 4798
f 5301 4798 4795
f 4953 5302 5301
f 4953 5301 4795
f 5303 5302 4953
f 5303 4953 5204
f 5304 5303 5204
f 5304 5204 4926
f 4927 5305 5304
f 4927 5304 4926
f 5017 5308 5307
f 5017 5307 5016
f 4776 4777 5310
f 4776 5310 5309
f 5259 4776 5309
f 5259 5309 5311
f 4797 5259 5311
f 4797 5311 5312
f 4796 4797 5312
f 4796 5312 5313
f 4954 4796 5313
f 4954 5313 5314
f 5205 4954 5314
f 5205 5314 5315
f 5315 5316 4929
f 5315 4929 5205
f 5316 5317 4928
f 5316 4928 4929
f 5308 5320 5319
f 5308 5319 5307
f 5309 5310 5322
f 5309 5322 5321
f 5311 5309 5321
f 5311 5321 5323
f 5312 5311 5323
f 5312 5323 5324
f 5313 5312 5324
f 5313 5324 5325
f 5314 5313 5325
f 5314 5325 5326
f 5315 5314 5326
f 5315 5326 5327
f 5327 5328 5316
f 5327 5316 5315
f 5328 5329 5317
f 5328 5317 5316
f 5320 5022 5019
f 5320 5019 5319
f 5321 5322 4921
f 5321 4921 4920
f 5323 5321 4920
f 5323 4920 5262
f 5324 5323 5262
f 5324 5262 4923
f 5325 5324 4923
f 5325 4923 4922
f 5326 5325 4922
f 5326 4922 4952
f 5327 5326 4952
f 5327 4952 5207
f 4924 5328 5327
f 4924 5327 5207
f 4925 5329 5328
f 4925 5328 4924
f 5042 5043 5333
f 5042 5333 5332
f 5211 5042 5332
f 5211 5332 5334
f 5335 5233 5211
f 5335 5211 5334
f 4972 5233 5335
f 4972 5335 5336
f 5337 4971 4972
f 5337 4972 5336
f 5281 4975 4976
f 5281 4976 5282
f 4992 4975 5281
f 4992 5281 5279
f 5279 5280 4991
f 5279 4991 4992
f 5277 5094 5095
f 5277 5095 5278
f 5275 5276 4978
f 5275 4978 4977
f 5274 4980 4979
f 5274 4979 5273
f 5272 4982 4981
f 5272 4981 5271
f 5270 4984 4983
f 5270 4983 5269
f 4985 4986 5268
f 4985 5268 5267
f 5266 4987 4985
f 5266 4985 5267
f 5216 5239 5339
f 5216 5339 5338
f 5072 5216 5338
f 5072 5338 5340
f 5341 5071 5072
f 5341 5072 5340
f 5027 5090 5087
f 5027 5087 4902
f 4901 4902 5087
f 4901 5087 5091
f 5280 4901 5091
f 5280 5091 5278
f 4991 5280 5278
f 4991 5278 5095
f 4990 4991 5095
f 4990 5095 5096
f 4990 5096 5098
f 4990 5098 4995
f 5052 4995 5098
f 5052 5098 5099
f 5220 5052 5099
f 5220 5099 5221
f 5063 5220 5221
f 5063 5221 5102
f 5103 5062 5063
f 5103 5063 5102
f 5089 5344 5343
f 5089 5343 5088
f 5345 5092 5088
f 5345 5088 5343
f 5277 5092 5345
f 5277 5345 5346
f 5347 5094 5277
f 5347 5277 5346
f 5093 5094 5347
f 5093 5347 5348
f 5093 5348 5349
f 5093 5349 5097
f 5100 5097 5349
f 5100 5349 5350
f 5351 5222 5100
f 5351 5100 5350
f 5352 5101 5222
f 5352 5222 5351
f 5353 5104 5101
f 5353 5101 5352
f 5352 5057 5058
f 5352 5058 5353
f 5351 5223 5057
f 5351 5057 5352
f 4894 5223 5351
f 4894 5351 5350
f 5349 4852 4894
f 5349 4894 5350
f 5349 5348 4851
f 5349 4851 4852
f 5347 4977 4851
f 5347 4851 5348
f 5275 4977 5347
f 5275 5347 5346
f 5345 4846 5275
f 5345 5275 5346
f 5343 4845 4846
f 5343 4846 5345
f 4845 5343 5344
f 4845 5344 5030
f 5029 5032 4820
f 5029 4820 4848
f 4820 4817 4847
f 4820 4847 4848
f 4817 5273 5276
f 4817 5276 4847
f 4978 5276 5273
f 4978 5273 4979
f 4979 4816 4850
f 4979 4850 4978
f 4850 4816 4814
f 4850 4814 4849
f 4814 4811 4895
f 4814 4895 4849
f 5224 4895 4811
f 5224 4811 5355
f 5355 5356 5060
f 5355 5060 5224
f 5356 5357 5059
f 5356 5059 5060
f 5031 5359 5358
f 5031 5358 4819
f 4818 4819 5358
f 4818 5358 5360
f 5274 4818 5360
f 5274 5360 5361
f 5361 5362 4980
f 5361 4980 5274
f 5362 5363 4815
f 5362 4815 4980
f 4813 4815 5363
f 4813 5363 5364
f 4812 4813 5364
f 4812 5364 5365
f 5359 5034 4871
f 5359 4871 5358
f 5360 5358 4871
f 5360 4871 4868
f 5361 5360 4868
f 5361 4868 5271
f 4981 5362 5361
f 4981 5361 5271
f 4874 5363 5362
f 4874 5362 4981
f 5363 4874 4875
f 5363 4875 5364
f 5365 5364 4875
f 5365 4875 4876
f 5033 5368 5367
f 5033 5367 4870
f 4869 4870 5367
f 4869 5367 5369
f 5272 4869 5369
f 5272 5369 5370
f 5370 5371 4982
f 5370 4982 5272
f 5371 5372 4873
f 5371 4873 4982
f 4872 4873 5372
f 4872 5372 5373
f 5373 5374 4877
f 5373 4877 4872
f 5368 5036 4891
f 5368 4891 5367
f 5369 5367 4891
f 5369 4891 4888
f 5370 5369 4888
f 5370 4888 5269
f 4983 5371 5370
f 4983 5370 5269
f 4887 5372 5371
f 4887 5371 4983
f 5372 4887 4885
f 5372 4885 5373
f 4882 5374 5373
f 4882 5373 4885
f 5035 5038 4862
f 5035 4862 4890
f 4889 4890 4862
f 4889 4862 4859
f 5270 4889 4859
f 5270 4859 5268
f 4986 4984 5270
f 4986 5270 5268
f 4858 4886 4984
f 4858 4984 4986
f 4886 4858 4855
f 4886 4855 4884
f 4883 4884 4855
f 4883 4855 4864
f 5039 5040 4770
f 5039 4770 4965
f 4769 4964 4965
f 4769 4965 4770
f 5266 4964 4769
f 5266 4769 5265
f 4988 4987 5266
f 4988 5266 5265
f 4790 4967 4987
f 4790 4987 4988
f 4967 4790 4789
f 4967 4789 4966
f 4863 4968 4966
f 4863 4966 4789
f 5230 4968 4863
f 5230 4863 5231
f 5229 5230 5231
f 5229 5231 5232
f 5083 5084 5085
f 5083 5085 5086
f 5212 5235 5238
f 5212 5238 5213
f 4969 4970 5376
f 4969 5376 5236
f 4976 4973 5378
f 4976 5378 5377
f 5380 4971 5337
f 5380 5337 5379
f 5381 4970 4971
f 5381 4971 5380
f 5382 5376 4970
f 5382 4970 5381
f 5384 5383 5376
f 5384 5376 5382
f 5386 5385 5383
f 5386 5383 5384
f 5377 5378 5385
f 5377 5385 5386
f 4807 5282 5388
f 4807 5388 5387
f 5392 5391 5390
f 5392 5390 5389
f 5389 5390 5394
f 5389 5394 5393
f 5382 5381 5390
f 5382 5390 5391
f 5393 5394 5396
f 5393 5396 5395
f 5381 5380 5394
f 5381 5394 5390
f 5394 5380 5379
f 5394 5379 5396
f 5282 4976 5377
f 5282 5377 5388
f 5400 5399 5398
f 5400 5398 5397
f 5404 5403 5402
f 5404 5402 5401
f 5406 5404 5401
f 5406 5401 5405
f 5408 5406 5405
f 5408 5405 5407
f 5407 5410 5409
f 5407 5409 5408
f 5410 5412 5411
f 5410 5411 5409
f 5414 5411 5412
f 5414 5412 5413
f 5416 5414 5413
f 5416 5413 5415
f 5415 5418 5417
f 5415 5417 5416
f 5422 5026 4810
f 5422 4810 5421
f 5426 5425 5424
f 5426 5424 5423
f 5425 5422 5421
f 5425 5421 5424
f 5428 5426 5423
f 5428 5423 5427
f 5430 5428 5427
f 5430 5427 5429
f 4807 5387 5421
f 4807 5421 4810
f 5387 5392 5424
f 5387 5424 5421
f 5423 5424 5392
f 5423 5392 5389
f 5393 5427 5423
f 5393 5423 5389
f 5429 5427 5393
f 5429 5393 5395
f 5403 5397 5398
f 5403 5398 5402
f 4773 5024 5073
f 4773 5073 5076
f 5020 5024 4773
f 5020 4773 4774
f 5019 5020 4774
f 5019 4774 4921
f 5322 5319 5019
f 5322 5019 4921
f 5310 5307 5319
f 5310 5319 5322
f 4777 5016 5307
f 4777 5307 5310
f 5015 5016 4777
f 5015 4777 4778
f 4778 5298 5295
f 4778 5295 5015
f 5283 5295 5298
f 5283 5298 5286
f 5012 5283 5286
f 5012 5286 4836
f 5011 5012 4836
f 5011 4836 4833
f 5123 5132 5011
f 5123 5011 4833
f 5110 5133 5132
f 5110 5132 5123
f 5110 5107 5135
f 5110 5135 5133
f 5010 5135 5107
f 5010 5107 4821
f 5009 5010 4821
f 5009 4821 4822
f 5145 5009 4822
f 5145 4822 5143
f 5004 5145 5143
f 5004 5143 4779
f 4780 5003 5004
f 4780 5004 4779
f 5153 5155 5003
f 5153 5003 4780
f 5163 5165 5155
f 5163 5155 5153
f 5173 5175 5165
f 5173 5165 5163
f 5002 5175 5173
f 5002 5173 4936
f 5001 5002 4936
f 5001 4936 4937
f 5185 5001 4937
f 5185 4937 5183
f 4998 5185 5183
f 4998 5183 4804
f 5377 5386 5384
f 5377 5384 5388
f 5391 5392 5387
f 5391 5387 5388
f 5382 5391 5388
f 5382 5388 5384
f 5074 5400 5397
f 5074 5397 5073
f 5076 5073 5397
f 5076 5397 5403
f 5075 5076 5403
f 5075 5403 5404
f 5264 5075 5404
f 5264 5404 5406
f 5078 5264 5406
f 5078 5406 5408
f 5408 5409 5077
f 5408 5077 5078
f 5409 5411 5079
f 5409 5079 5077
f 5209 5079 5411
f 5209 5411 5414
f 5081 5209 5414
f 5081 5414 5416
f 5416 5417 5080
f 5416 5080 5081
f 5399 5430 5429
f 5399 5429 5398
f 5402 5398 5429
f 5402 5429 5395
f 5401 5402 5395
f 5401 5395 5396
f 5405 5401 5396
f 5405 5396 5379
f 5407 5405 5379
f 5407 5379 5337
f 5336 5410 5407
f 5336 5407 5337
f 5335 5412 5410
f 5335 5410 5336
f 5413 5412 5335
f 5413 5335 5334
f 5415 5413 5334
f 5415 5334 5332
f 5333 5418 5415
f 5333 5415 5332
f 5383 5433 5432
f 5383 5432 5431
f 5214 5237 5435
f 5214 5435 5434
f 5053 5214 5434
f 5053 5434 5436
f 5437 5054 5053
f 5437 5053 5436
f 5432 5237 5238
f 5432 5238 5431
f 5434 5435 5440
f 5434 5440 5439
f 5436 5434 5439
f 5436 5439 5441
f 5442 5437 5436
f 5442 5436 5441
f 5237 5432 5433
f 5237 5433 5435
f 5385 5444 5433
f 5385 5433 5383
f 5383 5431 5236
f 5383 5236 5376
f 5235 5236 5431
f 5235 5431 5238
f 5435 5433 5444
f 5435 5444 5440
f 5378 5447 5446
f 5378 5446 5445
f 4973 4993 5447
f 4973 5447 5378
f 5444 5385 5378
f 5444 5378 5445
f 5069 5070 5442
f 5069 5442 5441
f 5215 5069 5441
f 5215 5441 5439
f 5440 5240 5215
f 5440 5215 5439
f 5445 5240 5440
f 5445 5440 5444
f 5338 5339 5049
f 5338 5049 5218
f 5340 5338 5218
f 5340 5218 5067
f 5068 5341 5340
f 5068 5340 5067
f 5339 5447 4993
f 5339 4993 5049
f 5239 5446 5447
f 5239 5447 5339
f 5446 5239 5240
f 5446 5240 5445
f 5449 5448 4812
f 5449 4812 5365
f 4811 4812 5448
f 4811 5448 5450
f 5452 5356 5355
f 5452 5355 5451
f 4811 5450 5451
f 4811 5451 5355
f 5454 5226 5227
f 5454 5227 5453
f 5226 5454 5455
f 5226 5455 4864
f 4883 4864 5455
f 4883 5455 5456
f 5456 5457 4882
f 5456 4882 4883
f 5457 5458 5374
f 5457 5374 4882
f 5458 5459 4877
f 5458 4877 5374
f 4876 4877 5459
f 4876 5459 5460
f 5460 5449 5365
f 5460 5365 4876
f 5462 5186 4997
f 5462 4997 5461
f 5463 5000 5186
f 5463 5186 5462
f 4999 5000 5463
f 4999 5463 5464
f 5465 5176 4999
f 5465 4999 5464
f 5466 5166 5176
f 5466 5176 5465
f 5467 5156 5166
f 5467 5166 5466
f 5468 5006 5156
f 5468 5156 5467
f 5470 5146 5005
f 5470 5005 5469
f 5471 5008 5146
f 5471 5146 5470
f 5007 5008 5471
f 5007 5471 5472
f 5473 5136 5007
f 5473 5007 5472
f 5475 5308 5017
f 5475 5017 5474
f 5476 5320 5308
f 5476 5308 5475
f 5477 5022 5320
f 5477 5320 5476
f 5478 5021 5022
f 5478 5022 5477
f 5023 5021 5478
f 5023 5478 5479
f 5481 5430 5399
f 5481 5399 5480
f 5481 5482 5428
f 5481 5428 5430
f 5482 5483 5426
f 5482 5426 5428
f 5483 5484 5425
f 5483 5425 5426
f 5484 5485 5422
f 5484 5422 5425
f 5025 5026 5487
f 5025 5487 5486
f 5028 5025 5486
f 5028 5486 5488
f 5489 5027 5028
f 5489 5028 5488
f 5490 5090 5027
f 5490 5027 5489
f 5491 5089 5090
f 5491 5090 5490
f 5492 5344 5089
f 5492 5089 5491
f 5030 5344 5492
f 5030 5492 5493
f 5494 5029 5030
f 5494 5030 5493
f 5495 5032 5029
f 5495 5029 5494
f 5496 5031 5032
f 5496 5032 5495
f 5497 5359 5031
f 5497 5031 5496
f 5498 5034 5359
f 5498 5359 5497
f 5499 5033 5034
f 5499 5034 5498
f 5500 5368 5033
f 5500 5033 5499
f 5501 5036 5368
f 5501 5368 5500
f 5502 5035 5036
f 5502 5036 5501
f 5037 5038 5504
f 5037 5504 5503
f 5506 5040 5039
f 5506 5039 5505
f 5059 5357 4853
f 5059 4853 4893
f 5058 5059 4893
f 5058 4893 4892
f 5353 5058 4892
f 5353 4892 5354
f 5106 5104 5353
f 5106 5353 5354
f 5105 5103 5104
f 5105 5104 5106
f 4899 5062 5103
f 4899 5103 5105
f 5061 5062 4899
f 5061 4899 4896
f 5065 5061 4896
f 5065 4896 4897
f 4898 5068 5065
f 4898 5065 4897
f 5342 5341 5068
f 5342 5068 4898
f 4906 5071 5341
f 4906 5341 5342
f 5070 5071 4906
f 5070 4906 4907
f 5442 5070 4907
f 5442 4907 5443
f 5438 5437 5442
f 5438 5442 5443
f 4905 5054 5437
f 4905 5437 5438
f 4904 5048 5054
f 4904 5054 4905
f 4904 4908 5047
f 4904 5047 5048
f 4909 5044 5047
f 4909 5047 4908
f 4909 4910 5043
f 4909 5043 5044
f 5333 5043 4910
f 5333 4910 5331
f 5331 5420 5418
f 5331 5418 5333
f 5417 5418 5420
f 5417 5420 5419
f 5080 5417 5419
f 5080 5419 5082
f 4912 5080 5082
f 4912 5082 4916
f 4911 4912 4916
f 4911 4916 4915
f 4917 4925 4911
f 4917 4911 4915
f 4917 5330 5329
f 4917 5329 4925
f 5317 5329 5330
f 5317 5330 5318
f 4928 5317 5318
f 4928 5318 4918
f 4927 4928 4918
f 4927 4918 4919
f 5306 5305 4927
f 5306 4927 4919
f 5294 5293 5305
f 5294 5305 5306
f 4930 4842 5293
f 4930 5293 5294
f 4841 4842 4930
f 4841 4930 4931
f 4931 5130 5129
f 4931 5129 4841
f 5118 5129 5130
f 5118 5130 5122
f 5117 5118 5122
f 5117 5122 5121
f 4830 5117 5121
f 4830 5121 4932
f 4829 4830 4932
f 4829 4932 4933
f 5138 4829 4933
f 5138 4933 5137
f 4786 5138 5137
f 4786 5137 4934
f 4935 4785 4786
f 4935 4786 4934
f 5147 5149 4785
f 5147 4785 4935
f 5157 5159 5149
f 5157 5149 5147
f 5167 5169 5159
f 5167 5159 5157
f 4948 4947 5169
f 4948 5169 5167
f 4949 4946 4947
f 4949 4947 4948
f 5177 5179 4946
f 5177 4946 4949
f 5357 5356 5452
f 5357 5452 5507
f 4854 4853 5357
f 4854 5357 5508
f 4878 5366 5510
f 4878 5510 5509
f 4879 4878 5509
f 4879 5509 5511
f 5375 4879 5511
f 5375 5511 5512
f 4881 5375 5512
f 4881 5512 5513
f 4880 4881 5513
f 4880 5513 5514
f 5509 5510 5516
f 5509 5516 5515
f 5511 5509 5515
f 5511 5515 5517
f 5512 5511 5517
f 5512 5517 5518
f 5513 5512 5518
f 5513 5518 5519
f 5514 5513 5519
f 5514 5519 5520
f 5508 5510 5366
f 5508 5366 4854
f 5521 5516 5510
f 5521 5510 5508
f 5508 5357 5507
f 5508 5507 5521
f 5056 5514 5520
f 5056 5520 5522
f 5514 5056 4867
f 5514 4867 4880
f 5055 5056 5227
f 5055 5227 5228
f 5228 5229 5084
f 5228 5084 5055
f 5085 5084 5229
f 5085 5229 5232
f 5453 5227 5056
f 5453 5056 5522
f 4788 5179 5177
f 4788 5177 4787
f 5179 4788 5187
f 5179 5187 5178
f 5241 5189 5178
f 5241 5178 5187
f 5468 5469 5005
f 5468 5005 5006
f 5524 5523 5013
f 5524 5013 5014
f 5523 5525 5284
f 5523 5284 5013
f 5525 5526 5296
f 5525 5296 5284
f 5526 5527 5018
f 5526 5018 5296
f 5527 5474 5017
f 5527 5017 5018
f 5479 5528 5074
f 5479 5074 5023
f 5528 5529 5400
f 5528 5400 5074
f 5529 5480 5399
f 5529 5399 5400
f 5485 5487 5026
f 5485 5026 5422
f 5502 5504 5038
f 5502 5038 5035
f 5503 5505 5039
f 5503 5039 5037
f 5535 5534 5533
f 5535 5533 5532
f 5539 5538 5537
f 5539 5537 5536
f 5543 5542 5541
f 5543 5541 5540
f 5547 5546 5545
f 5547 5545 5544
f 5555 5554 5553
f 5555 5553 5552
f 5559 5558 5557
f 5559 5557 5556
f 5563 5562 5561
f 5563 5561 5560
f 5571 5570 5569
f 5571 5569 5568
f 5575 5574 5573
f 5575 5573 5572
f 5575 5572 5577
f 5575 5577 5576
f 5581 5580 5579
f 5581 5579 5578
f 5585 5584 5583
f 5585 5583 5582
f 5589 5588 5587
f 5589 5587 5586
f 5593 5592 5591
f 5593 5591 5590
f 5597 5596 5595
f 5597 5595 5594
f 5601 5600 5599
f 5601 5599 5598
f 5605 5604 5603
f 5605 5603 5602
f 5609 5608 5607
f 5609 5607 5606
f 5613 5612 5611
f 5613 5611 5610
f 5619 5618 5617
f 5619 5617 5616
f 5623 5622 5621
f 5623 5621 5620
f 5626 5617 5618
f 5626 5618 5625
f 5632 5631 5630
f 5632 5630 5629
f 5636 5635 5634
f 5636 5634 5633
f 5635 5636 5638
f 5635 5638 5637
f 5646 5645 5644
f 5646 5644 5643
f 5646 5643 5648
f 5646 5648 5647
f 5652 5651 5650
f 5652 5650 5649
f 5612 5613 5656
f 5612 5656 5655
f 5664 5663 5662
f 5664 5662 5661
f 5675 5674 5673
f 5675 5673 5672
f 5682 5681 5534
f 5682 5534 5535
f 5684 5683 5554
f 5684 5554 5555
f 5674 5675 5686
f 5674 5686 5685
f 5690 5689 5688
f 5690 5688 5687
f 5700 5699 5698
f 5700 5698 5697
f 5704 5703 5702
f 5704 5702 5701
f 5708 5707 5706
f 5708 5706 5705
f 5712 5553 5554
f 5712 5554 5711
f 5683 5713 5711
f 5683 5711 5554
f 5558 5715 5714
f 5558 5714 5557
f 5599 5600 5717
f 5599 5717 5716
f 5589 5719 5718
f 5589 5718 5588
f 5563 5721 5720
f 5563 5720 5562
f 5704 5723 5722
f 5704 5722 5703
f 5726 5620 5621
f 5726 5621 5725
f 5617 5728 5727
f 5617 5727 5616
f 5728 5617 5626
f 5728 5626 5729
f 5733 5732 5731
f 5733 5731 5730
f 5737 5736 5735
f 5737 5735 5734
f 5739 5738 5610
f 5739 5610 5611
f 5741 5740 5576
f 5741 5576 5577
f 5743 5742 5633
f 5743 5633 5634
f 5745 5744 5647
f 5745 5647 5648
f 5616 5747 5746
f 5616 5746 5619
f 5748 5747 5616
f 5748 5616 5727
f 5753 5752 5751
f 5753 5751 5750
f 5736 5755 5754
f 5736 5754 5735
f 5757 5756 5751
f 5757 5751 5752
f 5763 5762 5761
f 5763 5761 5760
f 5767 5766 5765
f 5767 5765 5764
f 5771 5770 5769
f 5771 5769 5768
f 5775 5774 5773
f 5775 5773 5772
f 5779 5778 5777
f 5779 5777 5776
f 5783 5782 5781
f 5783 5781 5780
f 5785 5784 5780
f 5785 5780 5781
f 5568 5787 5786
f 5568 5786 5571
f 5789 5664 5661
f 5789 5661 5788
f 5791 5608 5609
f 5791 5609 5790
f 5793 5581 5578
f 5793 5578 5792
f 5795 5632 5629
f 5795 5629 5794
f 5797 5652 5649
f 5797 5649 5796
f 5620 5799 5798
f 5620 5798 5623
f 5799 5620 5726
f 5799 5726 5800
f 5805 5804 5803
f 5805 5803 5802
f 5809 5808 5807
f 5809 5807 5806
f 5806 5807 5804
f 5806 5804 5805
f 5664 5789 5787
f 5664 5787 5568
f 5663 5664 5568
f 5663 5568 5569
f 5752 5753 5734
f 5752 5734 5735
f 5735 5754 5757
f 5735 5757 5752
f 5811 5754 5755
f 5811 5755 5810
f 5754 5811 5812
f 5754 5812 5757
f 5757 5812 5813
f 5757 5813 5756
f 5815 5814 5808
f 5815 5808 5809
f 5627 5628 5817
f 5627 5817 5816
f 5821 5820 5819
f 5821 5819 5818
f 5825 5824 5823
f 5825 5823 5822
f 5827 5826 5824
f 5827 5824 5825
f 5826 5827 5829
f 5826 5829 5828
f 5833 5832 5831
f 5833 5831 5830
f 5784 5785 5835
f 5784 5835 5834
f 5533 5837 5836
f 5533 5836 5532
f 5839 5552 5553
f 5839 5553 5838
f 5838 5553 5712
f 5838 5712 5840
f 5842 5672 5673
f 5842 5673 5841
f 5817 5628 5845
f 5817 5845 5844
f 5851 5850 5849
f 5851 5849 5848
f 5849 5850 5853
f 5849 5853 5852
f 5857 5856 5855
f 5857 5855 5854
f 5859 5858 5856
f 5859 5856 5857
f 5859 5861 5860
f 5859 5860 5858
f 5865 5864 5863
f 5865 5863 5862
f 5871 5870 5869
f 5871 5869 5868
f 5875 5874 5873
f 5875 5873 5872
f 5874 5877 5876
f 5874 5876 5873
f 5881 5880 5879
f 5881 5879 5878
f 5595 5596 5885
f 5595 5885 5884
f 5600 5601 5887
f 5600 5887 5886
f 5886 5888 5717
f 5886 5717 5600
f 5604 5605 5890
f 5604 5890 5889
f 5885 5871 5868
f 5885 5868 5884
f 5872 5873 5886
f 5872 5886 5887
f 5873 5876 5888
f 5873 5888 5886
f 5878 5879 5889
f 5878 5889 5890
f 5774 5775 5893
f 5774 5893 5892
f 5895 5894 5892
f 5895 5892 5893
f 5897 5896 5894
f 5897 5894 5895
f 5590 5591 5880
f 5590 5880 5881
f 5877 5874 5588
f 5877 5588 5718
f 5587 5588 5874
f 5587 5874 5875
f 5870 5584 5585
f 5870 5585 5869
f 5770 5771 5896
f 5770 5896 5897
f 5900 5899 5592
f 5900 5592 5593
f 5902 5901 5719
f 5902 5719 5589
f 5902 5589 5586
f 5902 5586 5903
f 5582 5583 5905
f 5582 5905 5904
f 5907 5906 5768
f 5907 5768 5769
f 5546 5547 5899
f 5546 5899 5900
f 5562 5720 5901
f 5562 5901 5902
f 5562 5902 5903
f 5562 5903 5561
f 5904 5905 5542
f 5904 5542 5543
f 5764 5765 5906
f 5764 5906 5907
f 5544 5545 5910
f 5544 5910 5909
f 5912 5911 5721
f 5912 5721 5563
f 5912 5563 5560
f 5912 5560 5913
f 5540 5541 5915
f 5540 5915 5914
f 5917 5916 5766
f 5917 5766 5767
f 5909 5910 5920
f 5909 5920 5919
f 5922 5921 5911
f 5922 5911 5912
f 5922 5912 5913
f 5922 5913 5923
f 5914 5915 5925
f 5914 5925 5924
f 5927 5926 5916
f 5927 5916 5917
f 5919 5920 5930
f 5919 5930 5929
f 5932 5931 5921
f 5932 5921 5922
f 5932 5922 5923
f 5932 5923 5933
f 5924 5925 5935
f 5924 5935 5934
f 5937 5936 5926
f 5937 5926 5927
f 5762 5763 5936
f 5762 5936 5937
f 5934 5935 5699
f 5934 5699 5700
f 5703 5932 5933
f 5703 5933 5702
f 5703 5722 5931
f 5703 5931 5932
f 5929 5930 5707
f 5929 5707 5708
f 5705 5706 5940
f 5705 5940 5939
f 5942 5941 5723
f 5942 5723 5704
f 5942 5704 5701
f 5942 5701 5943
f 5697 5698 5945
f 5697 5945 5944
f 5947 5946 5760
f 5947 5760 5761
f 5941 5942 5567
f 5941 5567 5724
f 5566 5567 5942
f 5566 5942 5943
f 5564 5565 5944
f 5564 5944 5945
f 5758 5759 5946
f 5758 5946 5947
f 5706 5950 5949
f 5706 5949 5940
f 5707 5951 5950
f 5707 5950 5706
f 5930 5952 5951
f 5930 5951 5707
f 5920 5953 5952
f 5920 5952 5930
f 5910 5954 5953
f 5910 5953 5920
f 5545 5955 5954
f 5545 5954 5910
f 5546 5956 5955
f 5546 5955 5545
f 5956 5546 5900
f 5956 5900 5957
f 5957 5900 5593
f 5957 5593 5958
f 5958 5593 5590
f 5958 5590 5959
f 5959 5590 5881
f 5959 5881 5960
f 5960 5881 5878
f 5960 5878 5961
f 5961 5878 5890
f 5961 5890 5962
f 5605 5963 5962
f 5605 5962 5890
f 5963 5605 5602
f 5963 5602 5964
f 5966 5965 5689
f 5966 5689 5690
f 5675 5968 5967
f 5675 5967 5686
f 5968 5675 5672
f 5968 5672 5969
f 5672 5842 5970
f 5672 5970 5969
f 5804 5972 5971
f 5804 5971 5803
f 5807 5973 5972
f 5807 5972 5804
f 5808 5974 5973
f 5808 5973 5807
f 5808 5814 5975
f 5808 5975 5974
f 5977 5976 5832
f 5977 5832 5833
f 5827 5979 5978
f 5827 5978 5829
f 5979 5827 5825
f 5979 5825 5980
f 5980 5825 5822
f 5980 5822 5981
f 5983 5982 5863
f 5983 5863 5864
f 5985 5984 5820
f 5985 5820 5821
f 5989 5988 5987
f 5989 5987 5986
f 5988 5989 5991
f 5988 5991 5990
f 5732 5733 5995
f 5732 5995 5994
f 5997 5732 5994
f 5997 5994 5996
f 5974 5975 5999
f 5974 5999 5998
f 5976 5977 6001
f 5976 6001 6000
f 5979 5811 5810
f 5979 5810 5978
f 5811 5979 5980
f 5811 5980 5812
f 5812 5980 5981
f 5812 5981 5813
f 5860 5861 5982
f 5860 5982 5983
f 5656 5984 5985
f 5656 5985 5655
f 5988 5626 5625
f 5988 5625 5987
f 5626 5988 5990
f 5626 5990 5729
f 5994 5972 5973
f 5994 5973 5996
f 5971 5972 5994
f 5971 5994 5995
f 5969 5970 5840
f 5969 5840 5712
f 5968 5969 5712
f 5968 5712 5711
f 5713 5967 5968
f 5713 5968 5711
f 5715 5965 5966
f 5715 5966 5714
f 5963 5964 5716
f 5963 5716 5717
f 5888 5962 5963
f 5888 5963 5717
f 5876 5961 5962
f 5876 5962 5888
f 5877 5960 5961
f 5877 5961 5876
f 5959 5960 5877
f 5959 5877 5718
f 5719 5958 5959
f 5719 5959 5718
f 5901 5957 5958
f 5901 5958 5719
f 5720 5956 5957
f 5720 5957 5901
f 5721 5955 5956
f 5721 5956 5720
f 5911 5954 5955
f 5911 5955 5721
f 5921 5953 5954
f 5921 5954 5911
f 5931 5952 5953
f 5931 5953 5921
f 5722 5951 5952
f 5722 5952 5931
f 5723 5950 5951
f 5723 5951 5722
f 5941 5949 5950
f 5941 5950 5723
f 6002 5949 5941
f 6002 5941 5724
f 6003 5566 5943
f 6003 5943 6004
f 5701 6005 6004
f 5701 6004 5943
f 5702 6006 6005
f 5702 6005 5701
f 5933 6007 6006
f 5933 6006 5702
f 5923 6008 6007
f 5923 6007 5933
f 5913 6009 6008
f 5913 6008 5923
f 5560 6010 6009
f 5560 6009 5913
f 5561 6011 6010
f 5561 6010 5560
f 5903 6012 6011
f 5903 6011 5561
f 5586 6013 6012
f 5586 6012 5903
f 5587 6014 6013
f 5587 6013 5586
f 6015 6014 5587
f 6015 5587 5875
f 6016 6015 5875
f 6016 5875 5872
f 6017 6016 5872
f 6017 5872 5887
f 5601 6018 6017
f 5601 6017 5887
f 6018 5601 5598
f 6018 5598 6019
f 6021 5559 5556
f 6021 5556 6020
f 6023 5684 5555
f 6023 5555 6022
f 6022 5555 5552
f 6022 5552 6024
f 5552 5839 6025
f 5552 6025 6024
f 6028 6027 5725
f 6028 5725 5621
f 5622 6029 6028
f 5622 6028 5621
f 5651 6031 6030
f 5651 6030 5650
f 5631 6033 6032
f 5631 6032 5630
f 5580 6035 6034
f 5580 6034 5579
f 5606 5607 6037
f 5606 6037 6036
f 6039 6038 5852
f 6039 5852 5853
f 5663 6041 6040
f 5663 6040 5662
f 6042 6041 5663
f 6042 5663 5569
f 5570 6043 6042
f 5570 6042 5569
f 6024 6025 5837
f 6024 5837 5533
f 5534 6022 6024
f 5534 6024 5533
f 5681 6023 6022
f 5681 6022 5534
f 5538 6021 6020
f 5538 6020 5537
f 6018 6019 5594
f 6018 5594 5595
f 6018 5595 5884
f 6018 5884 6017
f 5868 6016 6017
f 5868 6017 5884
f 5869 6015 6016
f 5869 6016 5868
f 5585 6014 6015
f 5585 6015 5869
f 6013 6014 5585
f 6013 5585 5582
f 6012 6013 5582
f 6012 5582 5904
f 6011 6012 5904
f 6011 5904 5543
f 6010 6011 5543
f 6010 5543 5540
f 6009 6010 5540
f 6009 5540 5914
f 6008 6009 5914
f 6008 5914 5924
f 6007 6008 5924
f 6007 5924 5934
f 6006 6007 5934
f 6006 5934 5700
f 6005 6006 5700
f 6005 5700 5697
f 6004 6005 5697
f 6004 5697 5944
f 5565 6003 6004
f 5565 6004 5944
f 5772 5773 6045
f 5772 6045 6044
f 6047 5597 5594
f 6047 5594 6046
f 6019 6048 6046
f 6019 6046 5594
f 5598 6049 6048
f 5598 6048 6019
f 5599 6050 6049
f 5599 6049 5598
f 6050 5599 5716
f 6050 5716 6051
f 5964 6052 6051
f 5964 6051 5716
f 5602 6053 6052
f 5602 6052 5964
f 6054 6053 5602
f 6054 5602 5603
f 6044 6045 6057
f 6044 6057 6056
f 6059 6047 6046
f 6059 6046 6058
f 6048 6060 6058
f 6048 6058 6046
f 6049 6061 6060
f 6049 6060 6048
f 6050 6062 6061
f 6050 6061 6049
f 6062 6050 6051
f 6062 6051 6063
f 6052 6064 6063
f 6052 6063 6051
f 6053 6065 6064
f 6053 6064 6052
f 6066 6065 6053
f 6066 6053 6054
f 6056 6057 5778
f 6056 5778 5779
f 5538 5539 6059
f 5538 6059 6058
f 6060 6021 5538
f 6060 5538 6058
f 6061 5559 6021
f 6061 6021 6060
f 6062 5558 5559
f 6062 5559 6061
f 5715 5558 6062
f 5715 6062 6063
f 6064 5965 5715
f 6064 5715 6063
f 6065 5689 5965
f 6065 5965 6064
f 5688 5689 6065
f 5688 6065 6066
f 5776 5777 6069
f 5776 6069 6068
f 5537 6071 6070
f 5537 6070 5536
f 6020 6072 6071
f 6020 6071 5537
f 5556 6073 6072
f 5556 6072 6020
f 5557 6074 6073
f 5557 6073 5556
f 5714 6075 6074
f 5714 6074 5557
f 5966 6076 6075
f 5966 6075 5714
f 6076 5966 5690
f 6076 5690 6077
f 6077 5690 5687
f 6077 5687 6078
f 6068 6069 6081
f 6068 6081 6080
f 6071 6083 6082
f 6071 6082 6070
f 6072 6084 6083
f 6072 6083 6071
f 6073 6085 6084
f 6073 6084 6072
f 6074 6086 6085
f 6074 6085 6073
f 6075 6087 6086
f 6075 6086 6074
f 6076 6088 6087
f 6076 6087 6075
f 6088 6076 6077
f 6088 6077 6089
f 6089 6077 6078
f 6089 6078 6090
f 6080 6081 5782
f 6080 5782 5783
f 6083 5681 5682
f 6083 5682 6082
f 6084 6023 5681
f 6084 5681 6083
f 6085 5684 6023
f 6085 6023 6084
f 6086 5683 5684
f 6086 5684 6085
f 6087 5713 5683
f 6087 5683 6086
f 6088 5967 5713
f 6088 5713 6087
f 5686 5967 6088
f 5686 6088 6089
f 5685 5686 6089
f 5685 6089 6090
f 5803 6094 6093
f 5803 6093 5802
f 5971 6095 6094
f 5971 6094 5803
f 6096 6095 5971
f 6096 5971 5995
f 5733 6097 6096
f 5733 6096 5995
f 6098 6097 5733
f 6098 5733 5730
f 6042 6043 5737
f 6042 5737 5734
f 5753 6041 6042
f 5753 6042 5734
f 6041 5753 5750
f 6041 5750 6040
f 6038 6039 5854
f 6038 5854 5855
f 6037 5738 5739
f 6037 5739 6036
f 6034 6035 5740
f 6034 5740 5741
f 6032 6033 5742
f 6032 5742 5743
f 6030 6031 5744
f 6030 5744 5745
f 5747 6028 6029
f 5747 6029 5746
f 6027 6028 5747
f 6027 5747 5748
f 5977 6100 6099
f 5977 6099 6001
f 5833 6101 6100
f 5833 6100 5977
f 6102 6101 5833
f 6102 5833 5830
f 5788 5661 5850
f 5788 5850 5851
f 5662 5853 5850
f 5662 5850 5661
f 6040 6039 5853
f 6040 5853 5662
f 5750 5854 6039
f 5750 6039 6040
f 5751 5857 5854
f 5751 5854 5750
f 5751 5756 5859
f 5751 5859 5857
f 5813 5861 5859
f 5813 5859 5756
f 5981 5982 5861
f 5981 5861 5813
f 5822 5863 5982
f 5822 5982 5981
f 5862 5863 5822
f 5862 5822 5823
f 5848 5849 6105
f 5848 6105 6104
f 6106 6105 5849
f 6106 5849 5852
f 6038 6107 6106
f 6038 6106 5852
f 6108 6107 6038
f 6108 6038 5855
f 5856 6109 6108
f 5856 6108 5855
f 5856 5858 6110
f 5856 6110 6109
f 5860 6111 6110
f 5860 6110 5858
f 6112 6111 5860
f 6112 5860 5983
f 6113 6112 5983
f 6113 5983 5864
f 6114 6113 5864
f 6114 5864 5865
f 6113 6114 5819
f 6113 5819 5820
f 6112 6113 5820
f 6112 5820 5984
f 5656 6111 6112
f 5656 6112 5984
f 6110 6111 5656
f 6110 5656 5613
f 6110 5613 5610
f 6110 5610 6109
f 6108 6109 5610
f 6108 5610 5738
f 6037 6107 6108
f 6037 6108 5738
f 6106 6107 6037
f 6106 6037 5607
f 6105 6106 5607
f 6105 5607 5608
f 5608 5791 6104
f 5608 6104 6105
f 5790 5609 5581
f 5790 5581 5793
f 5581 5609 5606
f 5581 5606 5580
f 5580 5606 6036
f 5580 6036 6035
f 5739 5740 6035
f 5739 6035 6036
f 5740 5739 5611
f 5740 5611 5576
f 5611 5612 5575
f 5611 5575 5576
f 5575 5612 5655
f 5575 5655 5574
f 5985 6116 5574
f 5985 5574 5655
f 6116 5985 5821
f 6116 5821 6117
f 6117 5821 5818
f 6117 5818 6118
f 5792 5578 6120
f 5792 6120 6119
f 5579 6121 6120
f 5579 6120 5578
f 6034 6122 6121
f 6034 6121 5579
f 6122 6034 5741
f 6122 5741 6123
f 6123 5741 5577
f 6123 5577 6124
f 5572 6125 6124
f 5572 6124 5577
f 5573 6126 6125
f 5573 6125 5572
f 6119 6120 5632
f 6119 5632 5795
f 6121 5631 5632
f 6121 5632 6120
f 6122 6033 5631
f 6122 5631 6121
f 5742 6033 6122
f 5742 6122 6123
f 5633 5742 6123
f 5633 6123 6124
f 6124 6125 5636
f 6124 5636 5633
f 6126 5638 5636
f 6126 5636 6125
f 5794 5629 6129
f 5794 6129 6128
f 5630 6130 6129
f 5630 6129 5629
f 6032 6131 6130
f 6032 6130 5630
f 6131 6032 5743
f 6131 5743 6132
f 6132 5743 5634
f 6132 5634 6133
f 5635 6134 6133
f 5635 6133 5634
f 6134 5635 5637
f 6134 5637 6135
f 6128 6129 5652
f 6128 5652 5797
f 6130 5651 5652
f 6130 5652 6129
f 6131 6031 5651
f 6131 5651 6130
f 5744 6031 6131
f 5744 6131 6132
f 5647 5744 6132
f 5647 6132 6133
f 6133 6134 5646
f 6133 5646 5647
f 5645 5646 6134
f 5645 6134 6135
f 5796 5649 5623
f 5796 5623 5798
f 5650 5622 5623
f 5650 5623 5649
f 6030 6029 5622
f 6030 5622 5650
f 5746 6029 6030
f 5746 6030 5745
f 5619 5746 5745
f 5619 5745 5648
f 5648 5643 5618
f 5648 5618 5619
f 5644 5625 5618
f 5644 5618 5643
f 5800 5726 5531
f 5800 5531 5801
f 5530 5531 5726
f 5530 5726 5725
f 6027 6026 5530
f 6027 5530 5725
f 5749 6026 6027
f 5749 6027 5748
f 5551 5749 5748
f 5551 5748 5727
f 5727 5728 5550
f 5727 5550 5551
f 5624 5550 5728
f 5624 5728 5729
f 5990 5993 5624
f 5990 5624 5729
f 5991 5992 5993
f 5991 5993 5990
f 5845 5847 5846
f 5845 5846 5844
f 5973 5974 5998
f 5973 5998 5996
f 5732 5997 6137
f 5732 6137 5731
f 6139 6138 6098
f 6139 6098 5730
f 6140 6139 5730
f 6140 5730 5731
f 6141 6140 5731
f 6141 5731 6137
f 5570 6143 6142
f 5570 6142 6043
f 6147 6146 6145
f 6147 6145 6144
f 6146 6149 6148
f 6146 6148 6145
f 6141 6144 6145
f 6141 6145 6140
f 6149 6151 6150
f 6149 6150 6148
f 6140 6145 6148
f 6140 6148 6139
f 6148 6150 6138
f 6148 6138 6139
f 6155 6154 6153
f 6155 6153 6152
f 6159 6158 6157
f 6159 6157 6156
f 6161 6160 6158
f 6161 6158 6159
f 6163 6162 6160
f 6163 6160 6161
f 6162 6163 6165
f 6162 6165 6164
f 6164 6165 6167
f 6164 6167 6166
f 6169 6168 6166
f 6169 6166 6167
f 6171 6170 6168
f 6171 6168 6169
f 6170 6171 6173
f 6170 6173 6172
f 6177 6176 5571
f 6177 5571 5786
f 6181 6180 6179
f 6181 6179 6178
f 6178 6179 6176
f 6178 6176 6177
f 6183 6182 6180
f 6183 6180 6181
f 6185 6184 6182
f 6185 6182 6183
f 5570 5571 6176
f 5570 6176 6143
f 6143 6176 6179
f 6143 6179 6147
f 6180 6146 6147
f 6180 6147 6179
f 6149 6146 6180
f 6149 6180 6182
f 6184 6151 6149
f 6184 6149 6182
f 6156 6157 6153
f 6156 6153 6154
f 5532 5836 5835
f 5532 5835 5785
f 5781 5535 5532
f 5781 5532 5785
f 5782 5682 5535
f 5782 5535 5781
f 6082 5682 5782
f 6082 5782 6081
f 6070 6082 6081
f 6070 6081 6069
f 5536 6070 6069
f 5536 6069 5777
f 5778 5539 5536
f 5778 5536 5777
f 5539 5778 6057
f 5539 6057 6059
f 6045 6047 6059
f 6045 6059 6057
f 5773 5597 6047
f 5773 6047 6045
f 5774 5596 5597
f 5774 5597 5773
f 5885 5596 5774
f 5885 5774 5892
f 5871 5885 5892
f 5871 5892 5894
f 5871 5894 5896
f 5871 5896 5870
f 5771 5584 5870
f 5771 5870 5896
f 5768 5583 5584
f 5768 5584 5771
f 5906 5905 5583
f 5906 5583 5768
f 5765 5542 5905
f 5765 5905 5906
f 5541 5542 5765
f 5541 5765 5766
f 5915 5541 5766
f 5915 5766 5916
f 5925 5915 5916
f 5925 5916 5926
f 5935 5925 5926
f 5935 5926 5936
f 5763 5699 5935
f 5763 5935 5936
f 5760 5698 5699
f 5760 5699 5763
f 5946 5945 5698
f 5946 5698 5760
f 5759 5564 5945
f 5759 5945 5946
f 6144 6142 6143
f 6144 6143 6147
f 5834 5835 6154
f 5834 6154 6155
f 5836 6156 6154
f 5836 6154 5835
f 5837 6159 6156
f 5837 6156 5836
f 6025 6161 6159
f 6025 6159 5837
f 5839 6163 6161
f 5839 6161 6025
f 6163 5839 5838
f 6163 5838 6165
f 6165 5838 5840
f 6165 5840 6167
f 5970 6169 6167
f 5970 6167 5840
f 5842 6171 6169
f 5842 6169 5970
f 6171 5842 5841
f 6171 5841 6173
f 6152 6153 6184
f 6152 6184 6185
f 6157 6151 6184
f 6157 6184 6153
f 6158 6150 6151
f 6158 6151 6157
f 6160 6138 6150
f 6160 6150 6158
f 6162 6098 6138
f 6162 6138 6160
f 6097 6098 6162
f 6097 6162 6164
f 6096 6097 6164
f 6096 6164 6166
f 6168 6095 6096
f 6168 6096 6166
f 6170 6094 6095
f 6170 6095 6168
f 6093 6094 6170
f 6093 6170 6172
f 5975 6187 6186
f 5975 6186 5999
f 5814 6188 6187
f 5814 6187 5975
f 6189 6188 5814
f 6189 5814 5815
f 6192 6191 5998
f 6192 5998 5999
f 6187 6194 6193
f 6187 6193 6186
f 6188 6195 6194
f 6188 6194 6187
f 6196 6195 6188
f 6196 6188 6189
f 5999 6186 6198
f 5999 6198 6192
f 6199 6137 5997
f 6199 5997 6191
f 5996 5998 6191
f 5996 6191 5997
f 6186 6193 6200
f 6186 6200 6198
f 5832 6195 6196
f 5832 6196 5831
f 5976 6194 6195
f 5976 6195 5832
f 6193 6194 5976
f 6193 5976 6000
f 6201 6200 6193
f 6201 6193 6000
f 6100 5978 5810
f 6100 5810 6099
f 6101 5829 5978
f 6101 5978 6100
f 5828 5829 6101
f 5828 6101 6102
f 6099 5810 5755
f 6099 5755 6202
f 6001 6099 6202
f 6001 6202 6203
f 6203 6201 6000
f 6203 6000 6001
f 6205 6126 5573
f 6205 5573 6204
f 5574 6206 6204
f 5574 6204 5573
f 6208 6207 6116
f 6208 6116 6117
f 5574 6116 6207
f 5574 6207 6206
f 6210 6209 5986
f 6210 5986 5987
f 5987 5625 6211
f 5987 6211 6210
f 5644 6212 6211
f 5644 6211 5625
f 6212 5644 5645
f 6212 5645 6213
f 6213 5645 6135
f 6213 6135 6214
f 6214 6135 5637
f 6214 5637 6215
f 5638 6216 6215
f 5638 6215 5637
f 6216 5638 6126
f 6216 6126 6205
f 5462 5461 5758
f 5462 5758 5947
f 5463 5462 5947
f 5463 5947 5761
f 5762 5464 5463
f 5762 5463 5761
f 5465 5464 5762
f 5465 5762 5937
f 5466 5465 5937
f 5466 5937 5927
f 5467 5466 5927
f 5467 5927 5917
f 5468 5467 5917
f 5468 5917 5767
f 5470 5469 5764
f 5470 5764 5907
f 5471 5470 5907
f 5471 5907 5769
f 5770 5472 5471
f 5770 5471 5769
f 5473 5472 5770
f 5473 5770 5897
f 5475 5474 5776
f 5475 5776 6068
f 5476 5475 6068
f 5476 6068 6080
f 5477 5476 6080
f 5477 6080 5783
f 5478 5477 5783
f 5478 5783 5780
f 5784 5479 5478
f 5784 5478 5780
f 5481 5480 6152
f 5481 6152 6185
f 5481 6185 6183
f 5481 6183 5482
f 5482 6183 6181
f 5482 6181 5483
f 5483 6181 6178
f 5483 6178 5484
f 5484 6178 6177
f 5484 6177 5485
f 5787 5486 5487
f 5787 5487 5786
f 5789 5488 5486
f 5789 5486 5787
f 5489 5488 5789
f 5489 5789 5788
f 5490 5489 5788
f 5490 5788 5851
f 5491 5490 5851
f 5491 5851 5848
f 5492 5491 5848
f 5492 5848 6104
f 5791 5493 5492
f 5791 5492 6104
f 5494 5493 5791
f 5494 5791 5790
f 5495 5494 5790
f 5495 5790 5793
f 5496 5495 5793
f 5496 5793 5792
f 5497 5496 5792
f 5497 5792 6119
f 5498 5497 6119
f 5498 6119 5795
f 5499 5498 5795
f 5499 5795 5794
f 5500 5499 5794
f 5500 5794 6128
f 5501 5500 6128
f 5501 6128 5797
f 5502 5501 5797
f 5502 5797 5796
f 5799 5503 5504
f 5799 5504 5798
f 5506 5505 5800
f 5506 5800 5801
f 5818 5654 5614
f 5818 5614 6118
f 5819 5653 5654
f 5819 5654 5818
f 6114 6115 5653
f 6114 5653 5819
f 5867 6115 6114
f 5867 6114 5865
f 5866 5867 5865
f 5866 5865 5862
f 5660 5866 5862
f 5660 5862 5823
f 5824 5658 5660
f 5824 5660 5823
f 5826 5657 5658
f 5826 5658 5824
f 5659 5657 5826
f 5659 5826 5828
f 6103 5659 5828
f 6103 5828 6102
f 5668 6103 6102
f 5668 6102 5830
f 5831 5667 5668
f 5831 5668 5830
f 6196 6197 5667
f 6196 5667 5831
f 6190 6197 6196
f 6190 6196 6189
f 5666 6190 6189
f 5666 6189 5815
f 5665 5666 5815
f 5665 5815 5809
f 5665 5809 5806
f 5665 5806 5669
f 5671 5669 5806
f 5671 5806 5805
f 5671 5805 5802
f 5671 5802 5670
f 6093 6092 5670
f 6093 5670 5802
f 6092 6093 6172
f 6092 6172 6175
f 6173 6174 6175
f 6173 6175 6172
f 5841 5843 6174
f 5841 6174 6173
f 5673 5677 5843
f 5673 5843 5841
f 5674 5676 5677
f 5674 5677 5673
f 5678 5676 5674
f 5678 5674 5685
f 5678 5685 6090
f 5678 6090 6091
f 6078 6079 6091
f 6078 6091 6090
f 5687 5679 6079
f 5687 6079 6078
f 5688 5680 5679
f 5688 5679 5687
f 6067 5680 5688
f 6067 5688 6066
f 6055 6067 6066
f 6055 6066 6054
f 5691 6055 6054
f 5691 6054 5603
f 5604 5692 5691
f 5604 5691 5603
f 5692 5604 5889
f 5692 5889 5891
f 5879 5883 5891
f 5879 5891 5889
f 5880 5882 5883
f 5880 5883 5879
f 5591 5694 5882
f 5591 5882 5880
f 5592 5693 5694
f 5592 5694 5591
f 5899 5898 5693
f 5899 5693 5592
f 5547 5696 5898
f 5547 5898 5899
f 5695 5696 5547
f 5695 5547 5544
f 5908 5695 5544
f 5908 5544 5909
f 5918 5908 5909
f 5918 5909 5919
f 5928 5918 5919
f 5928 5919 5929
f 5710 5928 5929
f 5710 5929 5708
f 5709 5710 5708
f 5709 5708 5705
f 5938 5709 5705
f 5938 5705 5939
f 6118 6217 6208
f 6118 6208 6117
f 5615 6218 6118
f 5615 6118 5614
f 5639 6220 6219
f 5639 6219 6127
f 5640 6221 6220
f 5640 6220 5639
f 6136 6222 6221
f 6136 6221 5640
f 5642 6223 6222
f 5642 6222 6136
f 5641 6224 6223
f 5641 6223 5642
f 6220 6226 6225
f 6220 6225 6219
f 6221 6227 6226
f 6221 6226 6220
f 6222 6228 6227
f 6222 6227 6221
f 6223 6229 6228
f 6223 6228 6222
f 6224 6230 6229
f 6224 6229 6223
f 6218 5615 6127
f 6218 6127 6219
f 6231 6218 6219
f 6231 6219 6225
f 6218 6231 6217
f 6218 6217 6118
f 5816 6232 6230
f 5816 6230 6224
f 6224 5641 5627
f 6224 5627 5816
f 5817 5989 5986
f 5817 5986 5816
f 5989 5817 5844
f 5989 5844 5991
f 5846 5992 5991
f 5846 5991 5844
f 6209 6232 5816
f 6209 5816 5986
f 5548 5549 5938
f 5548 5938 5939
f 5939 5940 5948
f 5939 5948 5548
f 6002 5948 5940
f 6002 5940 5949
f 5468 5767 5764
f 5468 5764 5469
f 5524 5775 5772
f 5524 5772 5523
f 5523 5772 6044
f 5523 6044 5525
f 5525 6044 6056
f 5525 6056 5526
f 5526 6056 5779
f 5526 5779 5527
f 5527 5779 5776
f 5527 5776 5474
f 5479 5784 5834
f 5479 5834 5528
f 5528 5834 6155
f 5528 6155 5529
f 5529 6155 6152
f 5529 6152 5480
f 5485 6177 5786
f 5485 5786 5487
f 5502 5796 5798
f 5502 5798 5504
f 5503 5799 5800
f 5503 5800 5505
f 5897 5895 6233
f 5897 6233 5473
f 5134 5136 5473
f 5134 5473 6233
f 5893 5775 5524
f 5893 5524 6234
f 5014 5131 6234
f 5014 6234 5524
f 5895 5893 6234
f 5895 6234 6233
f 5131 5134 6233
f 5131 6233 6234
f 6191 6192 6198
f 6191 6198 6199
f 6203 6202 6235
f 6203 6235 6201
f 5755 5736 6235
f 5755 6235 6202
f 6141 6137 6199
f 6141 6199 6236
f 5736 5737 6237
f 5736 6237 6235
f 6239 6237 5737
f 6239 5737 6238
f 6142 6238 5737
f 6142 5737 6043
f 6238 6142 6144
f 6238 6144 6141
f 6236 6239 6238
f 6236 6238 6141
f 6411 6410 6409
f 6411 6409 6408
f 6410 6413 6412
f 6410 6412 6409
f 6413 6415 6414
f 6413 6414 6412
f 6415 6417 6416
f 6415 6416 6414
f 6417 6419 6418
f 6417 6418 6416
f 6419 6421 6420
f 6419 6420 6418
f 6421 6423 6422
f 6421 6422 6420
f 6423 6425 6424
f 6423 6424 6422
f 6425 6427 6426
f 6425 6426 6424
f 6427 6429 6428
f 6427 6428 6426
f 6429 6431 6430
f 6429 6430 6428
f 6431 6433 6432
f 6431 6432 6430
f 6433 6435 6434
f 6433 6434 6432
f 6435 6437 6436
f 6435 6436 6434
f 6437 6439 6438
f 6437 6438 6436
f 6439 6441 6440
f 6439 6440 6438
f 6441 6443 6442
f 6441 6442 6440
f 6443 6445 6444
f 6443 6444 6442
f 6445 6447 6446
f 6445 6446 6444
f 6447 6449 6448
f 6447 6448 6446
f 6449 6451 6450
f 6449 6450 6448
f 6451 6411 6408
f 6451 6408 6450
f 6450 6408 6453
f 6450 6453 6452
f 6448 6450 6452
f 6448 6452 6454
f 6446 6448 6454
f 6446 6454 6455
f 6444 6446 6455
f 6444 6455 6456
f 6442 6444 6456
f 6442 6456 6457
f 6440 6442 6457
f 6440 6457 6458
f 6438 6440 6458
f 6438 6458 6459
f 6436 6438 6459
f 6436 6459 6460
f 6434 6436 6460
f 6434 6460 6461
f 6432 6434 6461
f 6432 6461 6462
f 6430 6432 6462
f 6430 6462 6463
f 6428 6430 6463
f 6428 6463 6464
f 6426 6428 6464
f 6426 6464 6465
f 6424 6426 6465
f 6424 6465 6466
f 6422 6424 6466
f 6422 6466 6467
f 6420 6422 6467
f 6420 6467 6468
f 6418 6420 6468
f 6418 6468 6469
f 6416 6418 6469
f 6416 6469 6470
f 6414 6416 6470
f 6414 6470 6471
f 6412 6414 6471
f 6412 6471 6472
f 6409 6412 6472
f 6409 6472 6473
f 6408 6409 6473
f 6408 6473 6453
f 6475 6474 6410
f 6475 6410 6411
f 6474 6476 6413
f 6474 6413 6410
f 6476 6477 6415
f 6476 6415 6413
f 6477 6478 6417
f 6477 6417 6415
f 6478 6479 6419
f 6478 6419 6417
f 6479 6480 6421
f 6479 6421 6419
f 6480 6481 6423
f 6480 6423 6421
f 6481 6482 6425
f 6481 6425 6423
f 6482 6483 6427
f 6482 6427 6425
f 6483 6484 6429
f 6483 6429 6427
f 6484 6485 6431
f 6484 6431 6429
f 6485 6486 6433
f 6485 6433 6431
f 6486 6487 6435
f 6486 6435 6433
f 6487 6488 6437
f 6487 6437 6435
f 6488 6489 6439
f 6488 6439 6437
f 6489 6490 6441
f 6489 6441 6439
f 6490 6491 6443
f 6490 6443 6441
f 6491 6492 6445
f 6491 6445 6443
f 6492 6493 6447
f 6492 6447 6445
f 6493 6494 6449
f 6493 6449 6447
f 6494 6495 6451
f 6494 6451 6449
f 6495 6475 6411
f 6495 6411 6451
f 6452 6453 6497
f 6452 6497 6496
f 6454 6452 6496
f 6454 6496 6498
f 6455 6454 6498
f 6455 6498 6499
f 6456 6455 6499
f 6456 6499 6500
f 6457 6456 6500
f 6457 6500 6501
f 6458 6457 6501
f 6458 6501 6502
f 6459 6458 6502
f 6459 6502 6503
f 6460 6459 6503
f 6460 6503 6504
f 6461 6460 6504
f 6461 6504 6505
f 6462 6461 6505
f 6462 6505 6506
f 6463 6462 6506
f 6463 6506 6507
f 6464 6463 6507
f 6464 6507 6508
f 6465 6464 6508
f 6465 6508 6509
f 6466 6465 6509
f 6466 6509 6510
f 6467 6466 6510
f 6467 6510 6511
f 6468 6467 6511
f 6468 6511 6512
f 6469 6468 6512
f 6469 6512 6513
f 6470 6469 6513
f 6470 6513 6514
f 6471 6470 6514
f 6471 6514 6515
f 6472 6471 6515
f 6472 6515 6516
f 6473 6472 6516
f 6473 6516 6517
f 6453 6473 6517
f 6453 6517 6497
f 6496 6497 6519
f 6496 6519 6518
f 6498 6496 6518
f 6498 6518 6520
f 6499 6498 6520
f 6499 6520 6521
f 6500 6499 6521
f 6500 6521 6522
f 6501 6500 6522
f 6501 6522 6523
f 6502 6501 6523
f 6502 6523 6524
f 6503 6502 6524
f 6503 6524 6525
f 6504 6503 6525
f 6504 6525 6526
f 6505 6504 6526
f 6505 6526 6527
f 6506 6505 6527
f 6506 6527 6528
f 6507 6506 6528
f 6507 6528 6529
f 6508 6507 6529
f 6508 6529 6530
f 6509 6508 6530
f 6509 6530 6531
f 6510 6509 6531
f 6510 6531 6532
f 6511 6510 6532
f 6511 6532 6533
f 6512 6511 6533
f 6512 6533 6534
f 6513 6512 6534
f 6513 6534 6535
f 6514 6513 6535
f 6514 6535 6536
f 6515 6514 6536
f 6515 6536 6537
f 6516 6515 6537
f 6516 6537 6538
f 6517 6516 6538
f 6517 6538 6539
f 6497 6517 6539
f 6497 6539 6519
f 6541 6540 6474
f 6541 6474 6475
f 6540 6542 6476
f 6540 6476 6474
f 6542 6543 6477
f 6542 6477 6476
f 6543 6544 6478
f 6543 6478 6477
f 6544 6545 6479
f 6544 6479 6478
f 6545 6546 6480
f 6545 6480 6479
f 6546 6547 6481
f 6546 6481 6480
f 6547 6548 6482
f 6547 6482 6481
f 6548 6549 6483
f 6548 6483 6482
f 6549 6550 6484
f 6549 6484 6483
f 6550 6551 6485
f 6550 6485 6484
f 6551 6552 6486
f 6551 6486 6485
f 6552 6553 6487
f 6552 6487 6486
f 6553 6554 6488
f 6553 6488 6487
f 6554 6555 6489
f 6554 6489 6488
f 6555 6556 6490
f 6555 6490 6489
f 6556 6557 6491
f 6556 6491 6490
f 6557 6558 6492
f 6557 6492 6491
f 6558 6559 6493
f 6558 6493 6492
f 6559 6560 6494
f 6559 6494 6493
f 6560 6561 6495
f 6560 6495 6494
f 6561 6541 6475
f 6561 6475 6495
f 6518 6519 6563
f 6518 6563 6562
f 6520 6518 6562
f 6520 6562 6564
f 6521 6520 6564
f 6521 6564 6565
f 6522 6521 6565
f 6522 6565 6566
f 6523 6522 6566
f 6523 6566 6567
f 6524 6523 6567
f 6524 6567 6568
f 6525 6524 6568
f 6525 6568 6569
f 6526 6525 6569
f 6526 6569 6570
f 6527 6526 6570
f 6527 6570 6571
f 6528 6527 6571
f 6528 6571 6572
f 6529 6528 6572
f 6529 6572 6573
f 6530 6529 6573
f 6530 6573 6574
f 6531 6530 6574
f 6531 6574 6575
f 6532 6531 6575
f 6532 6575 6576
f 6533 6532 6576
f 6533 6576 6577
f 6534 6533 6577
f 6534 6577 6578
f 6535 6534 6578
f 6535 6578 6579
f 6536 6535 6579
f 6536 6579 6580
f 6537 6536 6580
f 6537 6580 6581
f 6538 6537 6581
f 6538 6581 6582
f 6539 6538 6582
f 6539 6582 6583
f 6519 6539 6583
f 6519 6583 6563
f 5519 5518 6585
f 5519 6585 6584
f 6587 6586 5458
f 6587 5458 5457
f 5520 6589 6588
f 5520 6588 5522
f 5454 6591 6590
f 5454 6590 5455
f 6590 6592 5456
f 6590 5456 5455
f 6594 6593 5451
f 6594 5451 5450
f 5507 6596 6595
f 5507 6595 5521
f 5448 6597 6594
f 5448 6594 5450
f 6598 6597 5448
f 6598 5448 5449
f 5521 6595 6599
f 5521 6599 5516
f 6584 6589 5520
f 6584 5520 5519
f 5456 6592 6587
f 5456 6587 5457
f 5451 6593 6600
f 5451 6600 5452
f 5452 6600 6596
f 5452 6596 5507
f 6588 6601 5453
f 6588 5453 5522
f 5453 6601 6591
f 5453 6591 5454
f 5460 6602 6598
f 5460 6598 5449
f 6603 5515 5516
f 6603 5516 6599
f 6604 5517 5515
f 6604 5515 6603
f 6585 5518 5517
f 6585 5517 6604
f 5458 6586 6605
f 5458 6605 5459
f 5459 6605 6602
f 5459 6602 5460
f 6229 6607 6606
f 6229 6606 6228
f 6609 6213 6214
f 6609 6214 6608
f 6230 6232 6611
f 6230 6611 6610
f 6210 6211 6613
f 6210 6613 6612
f 6613 6211 6212
f 6613 6212 6614
f 6616 6206 6207
f 6616 6207 6615
f 6217 6231 6618
f 6217 6618 6617
f 6204 6206 6616
f 6204 6616 6619
f 6620 6205 6204
f 6620 6204 6619
f 6231 6225 6621
f 6231 6621 6618
f 6607 6229 6230
f 6607 6230 6610
f 6212 6213 6609
f 6212 6609 6614
f 6207 6208 6622
f 6207 6622 6615
f 6208 6217 6617
f 6208 6617 6622
f 6611 6232 6209
f 6611 6209 6623
f 6209 6210 6612
f 6209 6612 6623
f 6216 6205 6620
f 6216 6620 6624
f 6625 6621 6225
f 6625 6225 6226
f 6626 6625 6226
f 6626 6226 6227
f 6606 6626 6227
f 6606 6227 6228
f 6214 6215 6627
f 6214 6627 6608
f 6215 6216 6624
f 6215 6624 6627
f 6541 6629 6628
f 6541 6628 6540
f 6540 6628 6630
f 6540 6630 6542
f 6542 6630 6631
f 6542 6631 6543
f 6543 6631 6632
f 6543 6632 6544
f 6544 6632 6633
f 6544 6633 6545
f 6545 6633 6634
f 6545 6634 6546
f 6546 6634 6635
f 6546 6635 6547
f 6547 6635 6636
f 6547 6636 6548
f 6548 6636 6637
f 6548 6637 6549
f 6549 6637 6638
f 6549 6638 6550
f 6550 6638 6639
f 6550 6639 6551
f 6551 6639 6640
f 6551 6640 6552
f 6552 6640 6641
f 6552 6641 6553
f 6553 6641 6642
f 6553 6642 6554
f 6554 6642 6643
f 6554 6643 6555
f 6555 6643 6644
f 6555 6644 6556
f 6556 6644 6645
f 6556 6645 6557
f 6557 6645 6646
f 6557 6646 6558
f 6558 6646 6647
f 6558 6647 6559
f 6559 6647 6648
f 6559 6648 6560
f 6560 6648 6649
f 6560 6649 6561
f 6561 6649 6629
f 6561 6629 6541
f 6599 6651 6650
f 6599 6650 6603
f 6651 6628 6629
f 6651 6629 6650
f 6603 6650 6652
f 6603 6652 6604
f 6650 6629 6649
f 6650 6649 6652
f 6598 6654 6653
f 6598 6653 6597
f 6654 6636 6635
f 6654 6635 6653
f 6636 6654 6655
f 6636 6655 6637
f 6654 6598 6602
f 6654 6602 6655
f 6584 6657 6656
f 6584 6656 6589
f 6657 6647 6646
f 6657 6646 6656
f 6589 6656 6658
f 6589 6658 6588
f 6656 6646 6645
f 6656 6645 6658
f 6587 6660 6659
f 6587 6659 6586
f 6660 6640 6639
f 6660 6639 6659
f 6640 6660 6661
f 6640 6661 6641
f 6660 6587 6592
f 6660 6592 6661
f 6628 6651 6662
f 6628 6662 6630
f 6651 6599 6595
f 6651 6595 6662
f 6597 6653 6663
f 6597 6663 6594
f 6653 6635 6634
f 6653 6634 6663
f 6630 6662 6664
f 6630 6664 6631
f 6662 6595 6596
f 6662 6596 6664
f 6631 6664 6665
f 6631 6665 6632
f 6664 6596 6600
f 6664 6600 6665
f 6594 6663 6666
f 6594 6666 6593
f 6663 6634 6633
f 6663 6633 6666
f 6588 6658 6667
f 6588 6667 6601
f 6658 6645 6644
f 6658 6644 6667
f 6641 6661 6668
f 6641 6668 6642
f 6661 6592 6590
f 6661 6590 6668
f 6601 6667 6669
f 6601 6669 6591
f 6667 6644 6643
f 6667 6643 6669
f 6632 6665 6666
f 6632 6666 6633
f 6665 6600 6593
f 6665 6593 6666
f 6642 6668 6669
f 6642 6669 6643
f 6668 6590 6591
f 6668 6591 6669
f 6637 6655 6670
f 6637 6670 6638
f 6655 6602 6605
f 6655 6605 6670
f 6604 6652 6671
f 6604 6671 6585
f 6652 6649 6648
f 6652 6648 6671
f 6647 6657 6671
f 6647 6671 6648
f 6657 6584 6585
f 6657 6585 6671
f 6638 6670 6659
f 6638 6659 6639
f 6670 6605 6586
f 6670 6586 6659
f 6607 6673 6672
f 6607 6672 6606
f 6673 6565 6564
f 6673 6564 6672
f 6606 6672 6674
f 6606 6674 6626
f 6672 6564 6562
f 6672 6562 6674
f 6609 6676 6675
f 6609 6675 6614
f 6676 6572 6571
f 6676 6571 6675
f 6572 6676 6677
f 6572 6677 6573
f 6676 6609 6608
f 6676 6608 6677
f 6611 6679 6678
f 6611 6678 6610
f 6679 6567 6566
f 6679 6566 6678
f 6565 6673 6678
f 6565 6678 6566
f 6673 6607 6610
f 6673 6610 6678
f 6613 6681 6680
f 6613 6680 6612
f 6681 6570 6569
f 6681 6569 6680
f 6612 6680 6682
f 6612 6682 6623
f 6680 6569 6568
f 6680 6568 6682
f 6570 6681 6675
f 6570 6675 6571
f 6681 6613 6614
f 6681 6614 6675
f 6616 6684 6683
f 6616 6683 6619
f 6684 6578 6577
f 6684 6577 6683
f 6578 6684 6685
f 6578 6685 6579
f 6684 6616 6615
f 6684 6615 6685
f 6617 6687 6686
f 6617 6686 6622
f 6687 6581 6580
f 6687 6580 6686
f 6581 6687 6688
f 6581 6688 6582
f 6687 6617 6618
f 6687 6618 6688
f 6619 6683 6689
f 6619 6689 6620
f 6683 6577 6576
f 6683 6576 6689
f 6620 6689 6690
f 6620 6690 6624
f 6689 6576 6575
f 6689 6575 6690
f 6582 6688 6691
f 6582 6691 6583
f 6688 6618 6621
f 6688 6621 6691
f 6579 6685 6686
f 6579 6686 6580
f 6685 6615 6622
f 6685 6622 6686
f 6567 6679 6682
f 6567 6682 6568
f 6679 6611 6623
f 6679 6623 6682
f 6624 6690 6692
f 6624 6692 6627
f 6690 6575 6574
f 6690 6574 6692
f 6583 6691 6693
f 6583 6693 6563
f 6691 6621 6625
f 6691 6625 6693
f 6563 6693 6674
f 6563 6674 6562
f 6693 6625 6626
f 6693 6626 6674
f 6573 6677 6692
f 6573 6692 6574
f 6677 6608 6627
f 6677 6627 6692
f 7220 7221 7231
f 7220 7231 7232
f 7221 7214 7230
f 7221 7230 7231
f 7219 7220 7232
f 7219 7232 7233
f 7218 7219 7233
f 7218 7233 7234
f 7217 7218 7234
f 7217 7234 7235
f 7216 7217 7235
f 7216 7235 7236
f 7215 7216 7236
f 7215 7236 7237
f 7214 7215 7237
f 7214 7237 7230
f 6695 6694 6703
f 6695 6703 6702
f 6697 6698 6705
f 6697 6705 6704
f 6699 6700 6707
f 6699 6707 6706
f 6701 6696 6709
f 6701 6709 6708
f 6700 6701 6708
f 6700 6708 6707
f 6698 6699 6706
f 6698 6706 6705
f 6694 6697 6704
f 6694 6704 6703
f 6696 6695 6702
f 6696 6702 6709
f 4770 6713 6710
f 4770 6710 4769
f 6719 6716 4788
f 6719 4788 4787
f 4790 6725 6722
f 4790 6722 4789
f 6731 4804 4803
f 6731 4803 6728
f 6737 4806 4805
f 6737 4805 6734
f 4854 6743 6740
f 4854 6740 4853
f 4789 6722 6746
f 4789 6746 4863
f 6752 4867 4866
f 6752 4866 6749
f 4879 6758 6755
f 4879 6755 4878
f 4881 4880 6764
f 4881 6764 6761
f 4893 6770 6767
f 4893 6767 4892
f 6776 4897 4896
f 6776 4896 6773
f 4897 6776 6779
f 4897 6779 4898
f 4899 6782 6773
f 4899 6773 4896
f 4905 6788 6785
f 4905 6785 4904
f 6794 6791 4907
f 6794 4907 4906
f 4904 6785 6797
f 4904 6797 4908
f 6803 4910 4909
f 6803 4909 6800
f 4916 6809 6806
f 4916 6806 4915
f 6812 4917 4915
f 6812 4915 6806
f 4919 4918 6818
f 4919 6818 6815
f 4931 4930 6824
f 4931 6824 6821
f 6830 4933 4932
f 6830 4932 6827
f 6836 6833 4935
f 6836 4935 4934
f 6842 4949 4948
f 6842 4948 6839
f 4908 6797 6800
f 4908 6800 4909
f 4963 6845 6734
f 4963 6734 4805
f 6725 4790 4988
f 6725 4988 6848
f 4998 6854 6851
f 4998 6851 4997
f 5040 6857 6713
f 5040 6713 4770
f 5082 6860 6809
f 5082 6809 4916
f 4866 5083 6863
f 4866 6863 6749
f 5086 5085 6869
f 5086 6869 6866
f 5106 6875 6872
f 5106 6872 5105
f 5122 6881 6878
f 5122 6878 5121
f 6821 6884 5130
f 6821 5130 4931
f 5130 6884 6881
f 5130 6881 5122
f 5121 6878 6827
f 5121 6827 4932
f 6887 5137 4933
f 6887 4933 6830
f 6836 4934 5137
f 6836 5137 6887
f 4935 6833 6890
f 4935 6890 5147
f 5147 6890 6893
f 5147 6893 5157
f 5157 6893 6896
f 5157 6896 5167
f 6839 4948 5167
f 6839 5167 6896
f 6899 5177 4949
f 6899 4949 6842
f 6719 4787 5177
f 6719 5177 6899
f 6902 5187 4788
f 6902 4788 6716
f 6908 5232 5231
f 6908 5231 6905
f 6905 5231 4863
f 6905 4863 6746
f 6911 6845 4963
f 6911 4963 5241
f 6914 5242 4806
f 6914 4806 6737
f 4769 6710 6917
f 4769 6917 5265
f 6728 4803 5242
f 6728 5242 6914
f 6824 4930 5294
f 6824 5294 6920
f 6920 5294 5306
f 6920 5306 6923
f 6923 5306 4919
f 6923 4919 6815
f 6818 4918 5318
f 6818 5318 6926
f 6926 5318 5330
f 6926 5330 6929
f 6929 5330 4917
f 6929 4917 6812
f 5331 4910 6803
f 5331 6803 6932
f 6848 4988 5265
f 6848 5265 6917
f 6794 4906 5342
f 6794 5342 6935
f 5105 6872 6782
f 5105 6782 4899
f 5354 6938 6875
f 5354 6875 5106
f 4892 6767 6938
f 4892 6938 5354
f 4853 6740 6770
f 4853 6770 4893
f 5366 6941 6743
f 5366 6743 4854
f 4878 6755 6941
f 4878 6941 5366
f 5375 6944 6758
f 5375 6758 4879
f 6761 6944 5375
f 6761 5375 4881
f 6764 4880 4867
f 6764 4867 6752
f 6863 5083 5086
f 6863 5086 6866
f 5420 6950 6947
f 5420 6947 5419
f 6854 4998 4804
f 6854 4804 6731
f 5419 6947 6860
f 5419 6860 5082
f 6932 6950 5420
f 6932 5420 5331
f 5438 6953 6788
f 5438 6788 4905
f 6956 6953 5438
f 6956 5438 5443
f 4907 6791 6956
f 4907 6956 5443
f 6935 5342 4898
f 6935 4898 6779
f 4997 6851 6959
f 4997 6959 5461
f 6962 6857 5040
f 6962 5040 5506
f 6869 5085 5232
f 6869 5232 6908
f 6911 5241 5187
f 6911 5187 6902
f 5531 5530 6968
f 5531 6968 6965
f 6974 5549 5548
f 6974 5548 6971
f 5551 5550 6980
f 5551 6980 6977
f 6986 6983 5565
f 6986 5565 5564
f 6992 6989 5567
f 6992 5567 5566
f 5615 5614 6998
f 5615 6998 6995
f 5550 5624 7001
f 5550 7001 6980
f 7007 7004 5628
f 7007 5628 5627
f 5640 5639 7013
f 5640 7013 7010
f 5642 7019 7016
f 5642 7016 5641
f 5654 5653 7025
f 5654 7025 7022
f 7031 7028 5658
f 7031 5658 5657
f 5657 5659 7034
f 5657 7034 7031
f 5660 5658 7028
f 5660 7028 7037
f 5666 5665 7043
f 5666 7043 7040
f 7049 5668 5667
f 7049 5667 7046
f 5665 5669 7052
f 5665 7052 7043
f 7058 7055 5671
f 7058 5671 5670
f 5677 5676 7064
f 5677 7064 7061
f 7067 7064 5676
f 7067 5676 5678
f 5680 7073 7070
f 5680 7070 5679
f 5692 7079 7076
f 5692 7076 5691
f 7085 7082 5694
f 7085 5694 5693
f 7091 5696 5695
f 7091 5695 7088
f 7097 7094 5710
f 7097 5710 5709
f 5669 5671 7055
f 5669 7055 7052
f 5724 5567 6989
f 5724 6989 7100
f 6977 7103 5749
f 6977 5749 5551
f 5759 5758 7109
f 5759 7109 7106
f 5801 5531 6965
f 5801 6965 7112
f 5843 5677 7061
f 5843 7061 7115
f 5628 7004 7118
f 5628 7118 5845
f 5847 7124 7121
f 5847 7121 5846
f 5867 5866 7130
f 5867 7130 7127
f 5883 5882 7136
f 5883 7136 7133
f 7079 5692 5891
f 7079 5891 7139
f 5891 5883 7133
f 5891 7133 7139
f 5882 5694 7082
f 5882 7082 7136
f 7142 7085 5693
f 7142 5693 5898
f 7091 7142 5898
f 7091 5898 5696
f 5695 5908 7145
f 5695 7145 7088
f 5908 5918 7148
f 5908 7148 7145
f 5918 5928 7151
f 5918 7151 7148
f 7094 7151 5928
f 7094 5928 5710
f 7154 7097 5709
f 7154 5709 5938
f 6974 7154 5938
f 6974 5938 5549
f 7157 6971 5548
f 7157 5548 5948
f 7163 7160 5993
f 7163 5993 5992
f 7160 7001 5624
f 7160 5624 5993
f 7166 6002 5724
f 7166 5724 7100
f 7169 6992 5566
f 7169 5566 6003
f 5530 6026 7172
f 5530 7172 6968
f 6983 7169 6003
f 6983 6003 5565
f 7076 7175 6055
f 7076 6055 5691
f 7175 7178 6067
f 7175 6067 6055
f 7178 7073 5680
f 7178 5680 6067
f 7070 7181 6079
f 7070 6079 5679
f 7181 7184 6091
f 7181 6091 6079
f 7184 7067 5678
f 7184 5678 6091
f 6092 7187 7058
f 6092 7058 5670
f 7103 7172 6026
f 7103 6026 5749
f 7049 7190 6103
f 7049 6103 5668
f 5866 5660 7037
f 5866 7037 7130
f 6115 5867 7127
f 6115 7127 7193
f 5653 6115 7193
f 5653 7193 7025
f 5614 5654 7022
f 5614 7022 6998
f 6127 5615 6995
f 6127 6995 7196
f 5639 6127 7196
f 5639 7196 7013
f 6136 5640 7010
f 6136 7010 7199
f 7019 5642 6136
f 7019 6136 7199
f 7016 7007 5627
f 7016 5627 5641
f 7118 7124 5847
f 7118 5847 5845
f 6175 6174 7205
f 6175 7205 7202
f 7106 6986 5564
f 7106 5564 5759
f 6174 5843 7115
f 6174 7115 7205
f 7187 6092 6175
f 7187 6175 7202
f 6190 5666 7040
f 6190 7040 7208
f 7211 6197 6190
f 7211 6190 7208
f 5667 6197 7211
f 5667 7211 7046
f 7190 7034 5659
f 7190 5659 6103
f 5758 5461 6959
f 5758 6959 7109
f 6962 5506 5801
f 6962 5801 7112
f 7121 7163 5992
f 7121 5992 5846
f 7166 7157 5948
f 7166 5948 6002
f 6712 6715 6241
f 6712 6241 6240
f 6850 6919 6243
f 6850 6243 6242
f 6748 6724 6245
f 6748 6245 6244
f 6907 6748 6244
f 6907 6244 6246
f 6865 6868 6248
f 6865 6248 6247
f 6754 6751 6250
f 6754 6250 6249
f 6766 6754 6249
f 6766 6249 6251
f 6946 6763 6253
f 6946 6253 6252
f 6943 6757 6255
f 6943 6255 6254
f 6772 6742 6257
f 6772 6257 6256
f 6877 6940 6259
f 6877 6259 6258
f 6784 6874 6261
f 6784 6261 6260
f 6778 6775 6263
f 6778 6263 6262
f 6781 6778 6262
f 6781 6262 6264
f 6937 6781 6264
f 6937 6264 6265
f 6799 6787 6267
f 6799 6267 6266
f 6802 6799 6266
f 6802 6266 6268
f 6934 6805 6270
f 6934 6270 6269
f 6811 6862 6272
f 6811 6272 6271
f 6808 6811 6271
f 6808 6271 6273
f 6814 6808 6273
f 6814 6273 6274
f 6817 6820 6276
f 6817 6276 6275
f 6925 6817 6275
f 6925 6275 6277
f 6886 6823 6279
f 6886 6279 6278
f 6835 6838 6281
f 6835 6281 6280
f 6841 6898 6283
f 6841 6283 6282
f 6847 6913 6285
f 6847 6285 6284
f 6739 6736 6287
f 6739 6287 6286
f 6730 6916 6289
f 6730 6289 6288
f 6856 6733 6291
f 6856 6291 6290
f 6832 6829 6293
f 6832 6293 6292
f 6883 6886 6278
f 6883 6278 6294
f 6880 6883 6294
f 6880 6294 6295
f 6829 6880 6295
f 6829 6295 6293
f 6889 6832 6292
f 6889 6292 6296
f 6838 6889 6296
f 6838 6296 6281
f 6892 6835 6280
f 6892 6280 6297
f 6895 6892 6297
f 6895 6297 6298
f 6898 6895 6298
f 6898 6298 6283
f 6844 6841 6282
f 6844 6282 6299
f 6901 6844 6299
f 6901 6299 6300
f 6721 6901 6300
f 6721 6300 6301
f 6904 6718 6303
f 6904 6303 6302
f 6871 6910 6305
f 6871 6305 6304
f 6910 6907 6246
f 6910 6246 6305
f 6736 6847 6284
f 6736 6284 6287
f 6916 6739 6286
f 6916 6286 6289
f 6793 6796 6307
f 6793 6307 6306
f 6919 6712 6240
f 6919 6240 6243
f 6733 6730 6288
f 6733 6288 6291
f 6853 6856 6290
f 6853 6290 6308
f 6859 6964 6310
f 6859 6310 6309
f 6823 6826 6311
f 6823 6311 6279
f 6826 6922 6312
f 6826 6312 6311
f 6922 6925 6277
f 6922 6277 6312
f 6820 6928 6313
f 6820 6313 6276
f 6928 6931 6314
f 6928 6314 6313
f 6931 6814 6274
f 6931 6274 6314
f 6805 6802 6268
f 6805 6268 6270
f 6727 6850 6242
f 6727 6242 6315
f 6955 6958 6317
f 6955 6317 6316
f 6724 6727 6315
f 6724 6315 6245
f 6775 6784 6260
f 6775 6260 6263
f 6874 6877 6258
f 6874 6258 6261
f 6940 6769 6318
f 6940 6318 6259
f 6769 6772 6256
f 6769 6256 6318
f 6742 6745 6319
f 6742 6319 6257
f 6745 6943 6254
f 6745 6254 6319
f 6757 6760 6320
f 6757 6320 6255
f 6760 6946 6252
f 6760 6252 6320
f 6763 6766 6251
f 6763 6251 6253
f 6751 6865 6247
f 6751 6247 6250
f 6949 6952 6322
f 6949 6322 6321
f 6862 6949 6321
f 6862 6321 6272
f 6952 6934 6269
f 6952 6269 6322
f 6787 6790 6323
f 6787 6323 6267
f 6790 6955 6316
f 6790 6316 6323
f 6958 6793 6306
f 6958 6306 6317
f 6796 6937 6265
f 6796 6265 6307
f 6961 6853 6308
f 6961 6308 6324
f 6715 6859 6309
f 6715 6309 6241
f 6718 6721 6301
f 6718 6301 6303
f 6868 6871 6304
f 6868 6304 6248
f 6913 6904 6302
f 6913 6302 6285
f 6967 6970 6326
f 6967 6326 6325
f 6976 6973 6328
f 6976 6328 6327
f 6979 6982 6330
f 6979 6330 6329
f 6985 6988 6332
f 6985 6332 6331
f 6991 6994 6334
f 6991 6334 6333
f 6997 7000 6336
f 6997 6336 6335
f 6982 7003 6337
f 6982 6337 6330
f 7006 7009 6339
f 7006 6339 6338
f 7012 7015 6341
f 7012 6341 6340
f 7018 7021 6343
f 7018 6343 6342
f 7024 7027 6345
f 7024 6345 6344
f 7030 7033 6347
f 7030 6347 6346
f 7033 7036 6348
f 7033 6348 6347
f 7039 7030 6346
f 7039 6346 6349
f 7042 7045 6351
f 7042 6351 6350
f 7051 7048 6353
f 7051 6353 6352
f 7045 7054 6354
f 7045 6354 6351
f 7057 7060 6356
f 7057 6356 6355
f 7063 7066 6358
f 7063 6358 6357
f 7066 7069 6359
f 7066 6359 6358
f 7072 7075 6361
f 7072 6361 6360
f 7078 7081 6363
f 7078 6363 6362
f 7084 7087 6365
f 7084 6365 6364
f 7093 7090 6367
f 7093 6367 6366
f 7096 7099 6369
f 7096 6369 6368
f 7054 7057 6355
f 7054 6355 6354
f 7102 6991 6333
f 7102 6333 6370
f 7105 6979 6329
f 7105 6329 6371
f 7108 7111 6373
f 7108 6373 6372
f 7114 6967 6325
f 7114 6325 6374
f 7117 7063 6357
f 7117 6357 6375
f 7120 7006 6338
f 7120 6338 6376
f 7123 7126 6378
f 7123 6378 6377
f 7129 7132 6380
f 7129 6380 6379
f 7135 7138 6382
f 7135 6382 6381
f 7081 7141 6383
f 7081 6383 6363
f 7141 7135 6381
f 7141 6381 6383
f 7138 7084 6364
f 7138 6364 6382
f 7087 7144 6384
f 7087 6384 6365
f 7144 7093 6366
f 7144 6366 6384
f 7090 7147 6385
f 7090 6385 6367
f 7147 7150 6386
f 7147 6386 6385
f 7150 7153 6387
f 7150 6387 6386
f 7153 7096 6368
f 7153 6368 6387
f 7099 7156 6388
f 7099 6388 6369
f 7156 6976 6327
f 7156 6327 6388
f 6973 7159 6389
f 6973 6389 6328
f 7162 7165 6391
f 7162 6391 6390
f 7003 7162 6390
f 7003 6390 6337
f 7168 7102 6370
f 7168 6370 6392
f 6994 7171 6393
f 6994 6393 6334
f 6970 7174 6394
f 6970 6394 6326
f 7171 6985 6331
f 7171 6331 6393
f 7177 7078 6362
f 7177 6362 6395
f 7180 7177 6395
f 7180 6395 6396
f 7075 7180 6396
f 7075 6396 6361
f 7183 7072 6360
f 7183 6360 6397
f 7186 7183 6397
f 7186 6397 6398
f 7069 7186 6398
f 7069 6398 6359
f 7060 7189 6399
f 7060 6399 6356
f 7174 7105 6371
f 7174 6371 6394
f 7192 7051 6352
f 7192 6352 6400
f 7132 7039 6349
f 7132 6349 6380
f 7195 7129 6379
f 7195 6379 6401
f 7027 7195 6401
f 7027 6401 6345
f 7000 7024 6344
f 7000 6344 6336
f 7198 6997 6335
f 7198 6335 6402
f 7015 7198 6402
f 7015 6402 6341
f 7201 7012 6340
f 7201 6340 6403
f 7021 7201 6403
f 7021 6403 6343
f 7009 7018 6342
f 7009 6342 6339
f 7126 7120 6376
f 7126 6376 6378
f 7204 7207 6405
f 7204 6405 6404
f 6988 7108 6372
f 6988 6372 6332
f 7207 7117 6375
f 7207 6375 6405
f 7189 7204 6404
f 7189 6404 6399
f 7210 7042 6350
f 7210 6350 6406
f 7213 7210 6406
f 7213 6406 6407
f 7048 7213 6407
f 7048 6407 6353
f 7036 7192 6400
f 7036 6400 6348
f 7111 6961 6324
f 7111 6324 6373
f 6964 7114 6374
f 6964 6374 6310
f 7165 7123 6377
f 7165 6377 6391
f 7159 7168 6392
f 7159 6392 6389
f 6710 6711 6918
f 6710 6918 6917
f 6711 6712 6919
f 6711 6919 6918
f 6712 6711 6714
f 6712 6714 6715
f 6711 6710 6713
f 6711 6713 6714
f 6716 6717 6903
f 6716 6903 6902
f 6717 6718 6904
f 6717 6904 6903
f 6718 6717 6720
f 6718 6720 6721
f 6717 6716 6719
f 6717 6719 6720
f 6722 6723 6747
f 6722 6747 6746
f 6723 6724 6748
f 6723 6748 6747
f 6724 6723 6726
f 6724 6726 6727
f 6723 6722 6725
f 6723 6725 6726
f 6728 6729 6732
f 6728 6732 6731
f 6729 6730 6733
f 6729 6733 6732
f 6731 6732 6855
f 6731 6855 6854
f 6732 6733 6856
f 6732 6856 6855
f 6734 6735 6738
f 6734 6738 6737
f 6735 6736 6739
f 6735 6739 6738
f 6737 6738 6915
f 6737 6915 6914
f 6738 6739 6916
f 6738 6916 6915
f 6740 6741 6771
f 6740 6771 6770
f 6741 6742 6772
f 6741 6772 6771
f 6742 6741 6744
f 6742 6744 6745
f 6741 6740 6743
f 6741 6743 6744
f 6746 6747 6906
f 6746 6906 6905
f 6747 6748 6907
f 6747 6907 6906
f 6749 6750 6753
f 6749 6753 6752
f 6750 6751 6754
f 6750 6754 6753
f 6752 6753 6765
f 6752 6765 6764
f 6753 6754 6766
f 6753 6766 6765
f 6755 6756 6942
f 6755 6942 6941
f 6756 6757 6943
f 6756 6943 6942
f 6757 6756 6759
f 6757 6759 6760
f 6756 6755 6758
f 6756 6758 6759
f 6761 6762 6945
f 6761 6945 6944
f 6762 6763 6946
f 6762 6946 6945
f 6763 6762 6765
f 6763 6765 6766
f 6762 6761 6764
f 6762 6764 6765
f 6767 6768 6939
f 6767 6939 6938
f 6768 6769 6940
f 6768 6940 6939
f 6769 6768 6771
f 6769 6771 6772
f 6768 6767 6770
f 6768 6770 6771
f 6773 6774 6777
f 6773 6777 6776
f 6774 6775 6778
f 6774 6778 6777
f 6776 6777 6780
f 6776 6780 6779
f 6777 6778 6781
f 6777 6781 6780
f 6779 6780 6936
f 6779 6936 6935
f 6780 6781 6937
f 6780 6937 6936
f 6775 6774 6783
f 6775 6783 6784
f 6774 6773 6782
f 6774 6782 6783
f 6785 6786 6798
f 6785 6798 6797
f 6786 6787 6799
f 6786 6799 6798
f 6787 6786 6789
f 6787 6789 6790
f 6786 6785 6788
f 6786 6788 6789
f 6791 6792 6957
f 6791 6957 6956
f 6792 6793 6958
f 6792 6958 6957
f 6793 6792 6795
f 6793 6795 6796
f 6792 6791 6794
f 6792 6794 6795
f 6797 6798 6801
f 6797 6801 6800
f 6798 6799 6802
f 6798 6802 6801
f 6800 6801 6804
f 6800 6804 6803
f 6801 6802 6805
f 6801 6805 6804
f 6803 6804 6933
f 6803 6933 6932
f 6804 6805 6934
f 6804 6934 6933
f 6806 6807 6813
f 6806 6813 6812
f 6807 6808 6814
f 6807 6814 6813
f 6808 6807 6810
f 6808 6810 6811
f 6807 6806 6809
f 6807 6809 6810
f 6812 6813 6930
f 6812 6930 6929
f 6813 6814 6931
f 6813 6931 6930
f 6815 6816 6924
f 6815 6924 6923
f 6816 6817 6925
f 6816 6925 6924
f 6817 6816 6819
f 6817 6819 6820
f 6816 6815 6818
f 6816 6818 6819
f 6821 6822 6885
f 6821 6885 6884
f 6822 6823 6886
f 6822 6886 6885
f 6823 6822 6825
f 6823 6825 6826
f 6822 6821 6824
f 6822 6824 6825
f 6827 6828 6831
f 6827 6831 6830
f 6828 6829 6832
f 6828 6832 6831
f 6830 6831 6888
f 6830 6888 6887
f 6831 6832 6889
f 6831 6889 6888
f 6833 6834 6891
f 6833 6891 6890
f 6834 6835 6892
f 6834 6892 6891
f 6835 6834 6837
f 6835 6837 6838
f 6834 6833 6836
f 6834 6836 6837
f 6839 6840 6843
f 6839 6843 6842
f 6840 6841 6844
f 6840 6844 6843
f 6842 6843 6900
f 6842 6900 6899
f 6843 6844 6901
f 6843 6901 6900
f 6736 6735 6846
f 6736 6846 6847
f 6735 6734 6845
f 6735 6845 6846
f 6727 6726 6849
f 6727 6849 6850
f 6726 6725 6848
f 6726 6848 6849
f 6851 6852 6960
f 6851 6960 6959
f 6852 6853 6961
f 6852 6961 6960
f 6853 6852 6855
f 6853 6855 6856
f 6852 6851 6854
f 6852 6854 6855
f 6715 6714 6858
f 6715 6858 6859
f 6714 6713 6857
f 6714 6857 6858
f 6811 6810 6861
f 6811 6861 6862
f 6810 6809 6860
f 6810 6860 6861
f 6751 6750 6864
f 6751 6864 6865
f 6750 6749 6863
f 6750 6863 6864
f 6865 6864 6867
f 6865 6867 6868
f 6864 6863 6866
f 6864 6866 6867
f 6868 6867 6870
f 6868 6870 6871
f 6867 6866 6869
f 6867 6869 6870
f 6784 6783 6873
f 6784 6873 6874
f 6783 6782 6872
f 6783 6872 6873
f 6874 6873 6876
f 6874 6876 6877
f 6873 6872 6875
f 6873 6875 6876
f 6829 6828 6879
f 6829 6879 6880
f 6828 6827 6878
f 6828 6878 6879
f 6880 6879 6882
f 6880 6882 6883
f 6879 6878 6881
f 6879 6881 6882
f 6883 6882 6885
f 6883 6885 6886
f 6882 6881 6884
f 6882 6884 6885
f 6838 6837 6888
f 6838 6888 6889
f 6837 6836 6887
f 6837 6887 6888
f 6890 6891 6894
f 6890 6894 6893
f 6891 6892 6895
f 6891 6895 6894
f 6893 6894 6897
f 6893 6897 6896
f 6894 6895 6898
f 6894 6898 6897
f 6841 6840 6897
f 6841 6897 6898
f 6840 6839 6896
f 6840 6896 6897
f 6721 6720 6900
f 6721 6900 6901
f 6720 6719 6899
f 6720 6899 6900
f 6902 6903 6912
f 6902 6912 6911
f 6903 6904 6913
f 6903 6913 6912
f 6905 6906 6909
f 6905 6909 6908
f 6906 6907 6910
f 6906 6910 6909
f 6871 6870 6909
f 6871 6909 6910
f 6870 6869 6908
f 6870 6908 6909
f 6847 6846 6912
f 6847 6912 6913
f 6846 6845 6911
f 6846 6911 6912
f 6730 6729 6915
f 6730 6915 6916
f 6729 6728 6914
f 6729 6914 6915
f 6850 6849 6918
f 6850 6918 6919
f 6849 6848 6917
f 6849 6917 6918
f 6826 6825 6921
f 6826 6921 6922
f 6825 6824 6920
f 6825 6920 6921
f 6922 6921 6924
f 6922 6924 6925
f 6921 6920 6923
f 6921 6923 6924
f 6820 6819 6927
f 6820 6927 6928
f 6819 6818 6926
f 6819 6926 6927
f 6928 6927 6930
f 6928 6930 6931
f 6927 6926 6929
f 6927 6929 6930
f 6932 6933 6951
f 6932 6951 6950
f 6933 6934 6952
f 6933 6952 6951
f 6796 6795 6936
f 6796 6936 6937
f 6795 6794 6935
f 6795 6935 6936
f 6877 6876 6939
f 6877 6939 6940
f 6876 6875 6938
f 6876 6938 6939
f 6745 6744 6942
f 6745 6942 6943
f 6744 6743 6941
f 6744 6941 6942
f 6760 6759 6945
f 6760 6945 6946
f 6759 6758 6944
f 6759 6944 6945
f 6862 6861 6948
f 6862 6948 6949
f 6861 6860 6947
f 6861 6947 6948
f 6949 6948 6951
f 6949 6951 6952
f 6948 6947 6950
f 6948 6950 6951
f 6790 6789 6954
f 6790 6954 6955
f 6789 6788 6953
f 6789 6953 6954
f 6955 6954 6957
f 6955 6957 6958
f 6954 6953 6956
f 6954 6956 6957
f 6959 6960 7110
f 6959 7110 7109
f 6960 6961 7111
f 6960 7111 7110
f 6859 6858 6963
f 6859 6963 6964
f 6858 6857 6962
f 6858 6962 6963
f 6965 6966 7113
f 6965 7113 7112
f 6966 6967 7114
f 6966 7114 7113
f 6967 6966 6969
f 6967 6969 6970
f 6966 6965 6968
f 6966 6968 6969
f 6971 6972 6975
f 6971 6975 6974
f 6972 6973 6976
f 6972 6976 6975
f 6974 6975 7155
f 6974 7155 7154
f 6975 6976 7156
f 6975 7156 7155
f 6977 6978 7104
f 6977 7104 7103
f 6978 6979 7105
f 6978 7105 7104
f 6979 6978 6981
f 6979 6981 6982
f 6978 6977 6980
f 6978 6980 6981
f 6983 6984 7170
f 6983 7170 7169
f 6984 6985 7171
f 6984 7171 7170
f 6985 6984 6987
f 6985 6987 6988
f 6984 6983 6986
f 6984 6986 6987
f 6989 6990 7101
f 6989 7101 7100
f 6990 6991 7102
f 6990 7102 7101
f 6991 6990 6993
f 6991 6993 6994
f 6990 6989 6992
f 6990 6992 6993
f 6995 6996 7197
f 6995 7197 7196
f 6996 6997 7198
f 6996 7198 7197
f 6997 6996 6999
f 6997 6999 7000
f 6996 6995 6998
f 6996 6998 6999
f 6982 6981 7002
f 6982 7002 7003
f 6981 6980 7001
f 6981 7001 7002
f 7004 7005 7119
f 7004 7119 7118
f 7005 7006 7120
f 7005 7120 7119
f 7006 7005 7008
f 7006 7008 7009
f 7005 7004 7007
f 7005 7007 7008
f 7010 7011 7200
f 7010 7200 7199
f 7011 7012 7201
f 7011 7201 7200
f 7012 7011 7014
f 7012 7014 7015
f 7011 7010 7013
f 7011 7013 7014
f 7009 7008 7017
f 7009 7017 7018
f 7008 7007 7016
f 7008 7016 7017
f 7018 7017 7020
f 7018 7020 7021
f 7017 7016 7019
f 7017 7019 7020
f 7000 6999 7023
f 7000 7023 7024
f 6999 6998 7022
f 6999 7022 7023
f 7024 7023 7026
f 7024 7026 7027
f 7023 7022 7025
f 7023 7025 7026
f 7028 7029 7038
f 7028 7038 7037
f 7029 7030 7039
f 7029 7039 7038
f 7030 7029 7032
f 7030 7032 7033
f 7029 7028 7031
f 7029 7031 7032
f 7033 7032 7035
f 7033 7035 7036
f 7032 7031 7034
f 7032 7034 7035
f 7037 7038 7131
f 7037 7131 7130
f 7038 7039 7132
f 7038 7132 7131
f 7040 7041 7209
f 7040 7209 7208
f 7041 7042 7210
f 7041 7210 7209
f 7042 7041 7044
f 7042 7044 7045
f 7041 7040 7043
f 7041 7043 7044
f 7046 7047 7050
f 7046 7050 7049
f 7047 7048 7051
f 7047 7051 7050
f 7049 7050 7191
f 7049 7191 7190
f 7050 7051 7192
f 7050 7192 7191
f 7045 7044 7053
f 7045 7053 7054
f 7044 7043 7052
f 7044 7052 7053
f 7054 7053 7056
f 7054 7056 7057
f 7053 7052 7055
f 7053 7055 7056
f 7057 7056 7059
f 7057 7059 7060
f 7056 7055 7058
f 7056 7058 7059
f 7061 7062 7116
f 7061 7116 7115
f 7062 7063 7117
f 7062 7117 7116
f 7063 7062 7065
f 7063 7065 7066
f 7062 7061 7064
f 7062 7064 7065
f 7066 7065 7068
f 7066 7068 7069
f 7065 7064 7067
f 7065 7067 7068
f 7070 7071 7182
f 7070 7182 7181
f 7071 7072 7183
f 7071 7183 7182
f 7072 7071 7074
f 7072 7074 7075
f 7071 7070 7073
f 7071 7073 7074
f 7076 7077 7176
f 7076 7176 7175
f 7077 7078 7177
f 7077 7177 7176
f 7078 7077 7080
f 7078 7080 7081
f 7077 7076 7079
f 7077 7079 7080
f 7082 7083 7137
f 7082 7137 7136
f 7083 7084 7138
f 7083 7138 7137
f 7084 7083 7086
f 7084 7086 7087
f 7083 7082 7085
f 7083 7085 7086
f 7088 7089 7092
f 7088 7092 7091
f 7089 7090 7093
f 7089 7093 7092
f 7091 7092 7143
f 7091 7143 7142
f 7092 7093 7144
f 7092 7144 7143
f 7094 7095 7152
f 7094 7152 7151
f 7095 7096 7153
f 7095 7153 7152
f 7096 7095 7098
f 7096 7098 7099
f 7095 7094 7097
f 7095 7097 7098
f 7100 7101 7167
f 7100 7167 7166
f 7101 7102 7168
f 7101 7168 7167
f 7103 7104 7173
f 7103 7173 7172
f 7104 7105 7174
f 7104 7174 7173
f 6988 6987 7107
f 6988 7107 7108
f 6987 6986 7106
f 6987 7106 7107
f 7108 7107 7110
f 7108 7110 7111
f 7107 7106 7109
f 7107 7109 7110
f 6964 6963 7113
f 6964 7113 7114
f 6963 6962 7112
f 6963 7112 7113
f 7115 7116 7206
f 7115 7206 7205
f 7116 7117 7207
f 7116 7207 7206
f 7118 7119 7125
f 7118 7125 7124
f 7119 7120 7126
f 7119 7126 7125
f 7121 7122 7164
f 7121 7164 7163
f 7122 7123 7165
f 7122 7165 7164
f 7123 7122 7125
f 7123 7125 7126
f 7122 7121 7124
f 7122 7124 7125
f 7127 7128 7194
f 7127 7194 7193
f 7128 7129 7195
f 7128 7195 7194
f 7129 7128 7131
f 7129 7131 7132
f 7128 7127 7130
f 7128 7130 7131
f 7133 7134 7140
f 7133 7140 7139
f 7134 7135 7141
f 7134 7141 7140
f 7135 7134 7137
f 7135 7137 7138
f 7134 7133 7136
f 7134 7136 7137
f 7081 7080 7140
f 7081 7140 7141
f 7080 7079 7139
f 7080 7139 7140
f 7087 7086 7143
f 7087 7143 7144
f 7086 7085 7142
f 7086 7142 7143
f 7090 7089 7146
f 7090 7146 7147
f 7089 7088 7145
f 7089 7145 7146
f 7147 7146 7149
f 7147 7149 7150
f 7146 7145 7148
f 7146 7148 7149
f 7150 7149 7152
f 7150 7152 7153
f 7149 7148 7151
f 7149 7151 7152
f 7099 7098 7155
f 7099 7155 7156
f 7098 7097 7154
f 7098 7154 7155
f 6973 6972 7158
f 6973 7158 7159
f 6972 6971 7157
f 6972 7157 7158
f 7003 7002 7161
f 7003 7161 7162
f 7002 7001 7160
f 7002 7160 7161
f 7162 7161 7164
f 7162 7164 7165
f 7161 7160 7163
f 7161 7163 7164
f 7159 7158 7167
f 7159 7167 7168
f 7158 7157 7166
f 7158 7166 7167
f 6994 6993 7170
f 6994 7170 7171
f 6993 6992 7169
f 6993 7169 7170
f 6970 6969 7173
f 6970 7173 7174
f 6969 6968 7172
f 6969 7172 7173
f 7175 7176 7179
f 7175 7179 7178
f 7176 7177 7180
f 7176 7180 7179
f 7075 7074 7179
f 7075 7179 7180
f 7074 7073 7178
f 7074 7178 7179
f 7181 7182 7185
f 7181 7185 7184
f 7182 7183 7186
f 7182 7186 7185
f 7069 7068 7185
f 7069 7185 7186
f 7068 7067 7184
f 7068 7184 7185
f 7060 7059 7188
f 7060 7188 7189
f 7059 7058 7187
f 7059 7187 7188
f 7036 7035 7191
f 7036 7191 7192
f 7035 7034 7190
f 7035 7190 7191
f 7027 7026 7194
f 7027 7194 7195
f 7026 7025 7193
f 7026 7193 7194
f 7015 7014 7197
f 7015 7197 7198
f 7014 7013 7196
f 7014 7196 7197
f 7021 7020 7200
f 7021 7200 7201
f 7020 7019 7199
f 7020 7199 7200
f 7189 7188 7203
f 7189 7203 7204
f 7188 7187 7202
f 7188 7202 7203
f 7204 7203 7206
f 7204 7206 7207
f 7203 7202 7205
f 7203 7205 7206
f 7208 7209 7212
f 7208 7212 7211
f 7209 7210 7213
f 7209 7213 7212
f 7048 7047 7212
f 7048 7212 7213
f 7047 7046 7211
f 7047 7211 7212
f 6696 6701 7215
f 6696 7215 7214
f 6701 6700 7216
f 6701 7216 7215
f 6700 6699 7217
f 6700 7217 7216
f 6699 6698 7218
f 6699 7218 7217
f 6698 6697 7219
f 6698 7219 7218
f 6697 6694 7220
f 6697 7220 7219
f 6694 6695 7221
f 6694 7221 7220
f 6695 6696 7214
f 6695 7214 7221
f 7223 7222 6200
f 7223 6200 6201
f 7224 7223 6201
f 7224 6201 6235
f 7225 7224 6235
f 7225 6235 6237
f 6239 7226 7225
f 6239 7225 6237
f 7227 7226 6239
f 7227 6239 6236
f 7228 7227 6236
f 7228 6236 6199
f 7229 7228 6199
f 7229 6199 6198
f 7222 7229 6198
f 7222 6198 6200
f 7231 7230 7229
f 7231 7229 7222
f 7232 7231 7222
f 7232 7222 7223
f 7233 7232 7223
f 7233 7223 7224
f 7234 7233 7224
f 7234 7224 7225
f 7235 7234 7225
f 7235 7225 7226
f 7236 7235 7226
f 7236 7226 7227
f 7237 7236 7227
f 7237 7227 7228
f 7229 7230 7237
f 7229 7237 7228
f 330 329 328
f 330 328 327
f 334 333 332
f 334 332 331
f 338 337 336
f 338 336 335
f 342 341 340
f 342 340 339
f 346 345 344
f 346 344 343
f 350 349 348
f 350 348 347
f 354 353 352
f 354 352 351
f 358 357 356
f 358 356 355
f 362 361 360
f 362 360 359
f 366 365 364
f 366 364 363
f 370 369 368
f 370 368 367
f 374 373 372
f 374 372 371
f 378 377 376
f 378 376 375
f 382 381 380
f 382 380 379
f 386 385 384
f 386 384 383
f 333 388 387
f 333 387 332
f 390 389 382
f 390 382 379
f 392 386 383
f 392 383 391
f 396 395 394
f 396 394 393
f 400 399 398
f 400 398 397
f 404 403 402
f 404 402 401
f 408 407 406
f 408 406 405
f 410 409 395
f 410 395 396
f 414 413 412
f 414 412 411
f 418 417 416
f 418 416 415
f 422 421 420
f 422 420 419
f 426 425 424
f 426 424 423
f 430 429 428
f 430 428 427
f 434 433 432
f 434 432 431
f 436 362 359
f 436 359 435
f 352 438 437
f 352 437 351
f 406 407 440
f 406 440 439
f 401 442 441
f 401 441 404
f 398 399 444
f 398 444 443
f 411 446 445
f 411 445 414
f 450 449 448
f 450 448 447
f 454 453 452
f 454 452 451
f 451 456 455
f 451 455 454
f 460 459 458
f 460 458 457
f 462 461 460
f 462 460 457
f 466 465 464
f 466 464 463
f 348 468 467
f 348 467 347
f 343 470 469
f 343 469 346
f 474 473 472
f 474 472 471
f 478 477 476
f 478 476 475
f 475 480 479
f 475 479 478
f 484 483 482
f 484 482 481
f 481 482 486
f 481 486 485
f 490 489 488
f 490 488 487
f 344 492 491
f 344 491 343
f 491 493 470
f 491 470 343
f 339 495 494
f 339 494 342
f 499 498 497
f 499 497 496
f 503 502 501
f 503 501 500
f 500 505 504
f 500 504 503
f 342 494 507
f 342 507 506
f 506 508 341
f 506 341 342
f 510 509 335
f 510 335 336
f 512 511 433
f 512 433 434
f 516 515 514
f 516 514 513
f 423 424 518
f 423 518 517
f 380 520 519
f 380 519 379
f 519 521 390
f 519 390 379
f 523 522 404
f 523 404 441
f 522 524 403
f 522 403 404
f 526 370 367
f 526 367 525
f 447 448 528
f 447 528 527
f 452 530 529
f 452 529 451
f 529 531 456
f 529 456 451
f 457 458 533
f 457 533 532
f 532 534 462
f 532 462 457
f 536 466 463
f 536 463 535
f 540 539 538
f 540 538 537
f 544 543 542
f 544 542 541
f 541 546 545
f 541 545 544
f 550 549 548
f 550 548 547
f 548 552 551
f 548 551 547
f 556 555 554
f 556 554 553
f 355 356 558
f 355 558 557
f 352 353 560
f 352 560 559
f 559 561 438
f 559 438 352
f 409 563 562
f 409 562 395
f 564 394 395
f 564 395 562
f 566 434 431
f 566 431 565
f 567 512 434
f 567 434 566
f 569 515 516
f 569 516 568
f 349 571 570
f 349 570 348
f 572 468 348
f 572 348 570
f 574 336 337
f 574 337 573
f 575 510 336
f 575 336 574
f 577 394 564
f 577 564 576
f 393 394 577
f 393 577 578
f 384 385 580
f 384 580 579
f 582 551 552
f 582 552 581
f 485 486 584
f 485 584 583
f 586 380 381
f 586 381 585
f 587 520 380
f 587 380 586
f 589 452 453
f 589 453 588
f 591 334 331
f 591 331 590
f 590 418 415
f 590 415 591
f 593 422 419
f 593 419 592
f 589 447 527
f 589 527 594
f 588 450 447
f 588 447 589
f 586 423 517
f 586 517 587
f 585 426 423
f 585 423 586
f 584 490 487
f 584 487 583
f 581 556 553
f 581 553 582
f 580 430 427
f 580 427 579
f 577 431 432
f 577 432 578
f 576 565 431
f 576 431 577
f 596 436 435
f 596 435 595
f 598 504 505
f 598 505 597
f 438 561 563
f 438 563 409
f 437 438 409
f 437 409 410
f 439 440 392
f 439 392 391
f 546 549 550
f 546 550 545
f 479 480 483
f 479 483 484
f 390 441 442
f 390 442 389
f 521 523 441
f 521 441 390
f 458 459 455
f 458 455 456
f 531 533 458
f 531 458 456
f 444 600 599
f 444 599 443
f 388 445 446
f 388 446 387
f 327 328 412
f 327 412 413
f 371 372 400
f 371 400 397
f 535 463 462
f 535 462 534
f 463 464 461
f 463 461 462
f 524 525 367
f 524 367 403
f 367 368 402
f 367 402 403
f 474 471 476
f 474 476 477
f 540 537 542
f 540 542 543
f 375 376 408
f 375 408 405
f 358 355 353
f 358 353 354
f 560 353 355
f 560 355 557
f 501 502 499
f 501 499 496
f 361 366 363
f 361 363 360
f 515 349 350
f 515 350 514
f 569 571 349
f 569 349 515
f 602 344 345
f 602 345 601
f 603 492 344
f 603 344 602
f 470 493 605
f 470 605 604
f 606 469 470
f 606 470 604
f 608 607 468
f 608 468 572
f 467 468 607
f 467 607 609
f 607 337 338
f 607 338 609
f 573 337 607
f 573 607 608
f 339 340 606
f 339 606 604
f 604 605 495
f 604 495 339
f 506 507 611
f 506 611 610
f 612 508 506
f 612 506 610
f 614 510 575
f 614 575 613
f 615 509 510
f 615 510 614
f 644 643 642
f 644 642 641
f 646 645 641
f 646 641 642
f 648 645 646
f 648 646 647
f 650 649 648
f 650 648 647
f 652 649 650
f 652 650 651
f 652 651 654
f 652 654 653
f 656 653 654
f 656 654 655
f 658 656 655
f 658 655 657
f 660 659 658
f 660 658 657
f 662 661 659
f 662 659 660
f 420 662 660
f 420 660 419
f 592 419 660
f 592 660 657
f 657 655 663
f 657 663 592
f 664 663 655
f 664 655 654
f 654 651 599
f 654 599 664
f 650 443 599
f 650 599 651
f 647 398 443
f 647 443 650
f 646 397 398
f 646 398 647
f 642 371 397
f 642 397 646
f 643 374 371
f 643 371 642
f 416 666 665
f 416 665 415
f 591 415 665
f 591 665 667
f 668 334 591
f 668 591 667
f 669 333 334
f 669 334 668
f 669 670 388
f 669 388 333
f 670 671 445
f 670 445 388
f 414 445 671
f 414 671 672
f 672 673 413
f 672 413 414
f 674 327 413
f 674 413 673
f 675 330 327
f 675 327 674
f 329 644 641
f 329 641 328
f 328 641 645
f 328 645 412
f 411 412 645
f 411 645 648
f 648 649 446
f 648 446 411
f 387 446 649
f 387 649 652
f 387 652 653
f 387 653 332
f 331 332 653
f 331 653 656
f 590 331 656
f 590 656 658
f 658 659 418
f 658 418 590
f 659 661 417
f 659 417 418
f 373 679 678
f 373 678 372
f 400 372 678
f 400 678 680
f 680 681 399
f 680 399 400
f 444 399 681
f 444 681 682
f 682 683 600
f 682 600 444
f 685 684 422
f 685 422 593
f 684 686 421
f 684 421 422
f 528 686 684
f 528 684 527
f 594 527 684
f 594 684 685
f 682 533 531
f 682 531 683
f 532 533 682
f 532 682 681
f 680 534 532
f 680 532 681
f 678 535 534
f 678 534 680
f 678 679 536
f 678 536 535
f 465 689 688
f 465 688 464
f 464 688 690
f 464 690 461
f 460 461 690
f 460 690 691
f 691 692 459
f 691 459 460
f 455 459 692
f 455 692 693
f 455 693 694
f 455 694 454
f 695 453 454
f 695 454 694
f 588 453 695
f 588 695 696
f 697 450 588
f 697 588 696
f 697 698 449
f 697 449 450
f 518 698 697
f 518 697 517
f 587 517 697
f 587 697 696
f 696 695 520
f 696 520 587
f 519 520 695
f 519 695 694
f 694 693 521
f 694 521 519
f 692 523 521
f 692 521 693
f 691 522 523
f 691 523 692
f 690 524 522
f 690 522 691
f 688 525 524
f 688 524 690
f 688 689 526
f 688 526 525
f 369 473 474
f 369 474 368
f 477 402 368
f 477 368 474
f 401 402 477
f 401 477 478
f 479 442 401
f 479 401 478
f 389 442 479
f 389 479 484
f 382 389 484
f 382 484 481
f 485 381 382
f 485 382 481
f 585 381 485
f 585 485 583
f 583 487 426
f 583 426 585
f 488 425 426
f 488 426 487
f 472 539 540
f 472 540 471
f 543 476 471
f 543 471 540
f 475 476 543
f 475 543 544
f 544 545 480
f 544 480 475
f 483 480 545
f 483 545 550
f 482 483 550
f 482 550 547
f 486 482 547
f 486 547 551
f 584 486 551
f 584 551 582
f 582 553 490
f 582 490 584
f 554 489 490
f 554 490 553
f 538 701 700
f 538 700 537
f 702 542 537
f 702 537 700
f 541 542 702
f 541 702 703
f 704 546 541
f 704 541 703
f 705 549 546
f 705 546 704
f 548 549 705
f 548 705 706
f 707 552 548
f 707 548 706
f 581 552 707
f 581 707 708
f 708 709 556
f 708 556 581
f 710 555 556
f 710 556 709
f 516 512 567
f 516 567 568
f 513 511 512
f 513 512 516
f 377 357 358
f 377 358 376
f 354 408 376
f 354 376 358
f 407 408 354
f 407 354 351
f 437 440 407
f 437 407 351
f 392 440 437
f 392 437 410
f 386 392 410
f 386 410 396
f 393 385 386
f 393 386 396
f 580 385 393
f 580 393 578
f 578 432 430
f 578 430 580
f 433 429 430
f 433 430 432
f 427 428 710
f 427 710 709
f 579 427 709
f 579 709 708
f 708 707 384
f 708 384 579
f 383 384 707
f 383 707 706
f 705 391 383
f 705 383 706
f 704 439 391
f 704 391 705
f 703 406 439
f 703 439 704
f 702 405 406
f 702 406 703
f 700 375 405
f 700 405 702
f 700 701 378
f 700 378 375
f 712 436 596
f 712 596 711
f 713 362 436
f 713 436 712
f 361 362 713
f 361 713 714
f 366 361 714
f 366 714 715
f 365 366 715
f 365 715 716
f 719 718 492
f 719 492 603
f 491 492 718
f 491 718 720
f 720 721 493
f 720 493 491
f 605 493 721
f 605 721 722
f 495 605 722
f 495 722 723
f 494 495 723
f 494 723 724
f 507 494 724
f 507 724 725
f 611 507 725
f 611 725 726
f 561 504 598
f 561 598 563
f 503 504 561
f 503 561 559
f 559 560 502
f 559 502 503
f 499 502 560
f 499 560 557
f 557 558 498
f 557 498 499
f 728 727 508
f 728 508 612
f 727 729 341
f 727 341 508
f 340 341 729
f 340 729 730
f 606 340 730
f 606 730 731
f 731 732 469
f 731 469 606
f 732 733 346
f 732 346 469
f 345 346 733
f 345 733 734
f 734 735 601
f 734 601 345
f 575 727 728
f 575 728 613
f 574 729 727
f 574 727 575
f 730 729 574
f 730 574 573
f 731 730 573
f 731 573 608
f 572 732 731
f 572 731 608
f 570 733 732
f 570 732 572
f 734 733 570
f 734 570 571
f 569 735 734
f 569 734 571
f 505 712 711
f 505 711 597
f 500 713 712
f 500 712 505
f 501 714 713
f 501 713 500
f 496 715 714
f 496 714 501
f 496 497 716
f 496 716 715
f 617 737 736
f 617 736 616
f 741 740 739
f 741 739 738
f 745 744 743
f 745 743 742
f 749 748 747
f 749 747 746
f 753 752 751
f 753 751 750
f 757 756 755
f 757 755 754
f 761 760 759
f 761 759 758
f 763 762 632
f 763 632 633
f 767 766 765
f 767 765 764
f 769 768 637
f 769 637 638
f 623 771 770
f 623 770 625
f 619 773 772
f 619 772 618
f 631 775 774
f 631 774 630
f 779 778 777
f 779 777 776
f 783 782 781
f 783 781 780
f 738 739 785
f 738 785 784
f 787 778 779
f 787 779 786
f 789 788 782
f 789 782 783
f 793 792 791
f 793 791 790
f 797 796 795
f 797 795 794
f 801 800 799
f 801 799 798
f 805 804 803
f 805 803 802
f 807 793 790
f 807 790 806
f 811 810 809
f 811 809 808
f 815 814 813
f 815 813 812
f 819 818 817
f 819 817 816
f 823 822 821
f 823 821 820
f 827 826 825
f 827 825 824
f 831 830 829
f 831 829 828
f 833 832 766
f 833 766 767
f 759 760 835
f 759 835 834
f 803 837 836
f 803 836 802
f 800 801 839
f 800 839 838
f 795 841 840
f 795 840 794
f 810 811 843
f 810 843 842
f 847 846 845
f 847 845 844
f 851 850 849
f 851 849 848
f 850 851 853
f 850 853 852
f 857 856 855
f 857 855 854
f 859 856 857
f 859 857 858
f 620 861 860
f 620 860 622
f 755 756 863
f 755 863 862
f 752 753 865
f 752 865 864
f 867 866 626
f 867 626 627
f 871 870 869
f 871 869 868
f 870 871 873
f 870 873 872
f 877 876 875
f 877 875 874
f 876 879 878
f 876 878 875
f 883 882 881
f 883 881 880
f 751 752 885
f 751 885 884
f 885 752 864
f 885 864 886
f 748 749 888
f 748 888 887
f 890 889 635
f 890 635 636
f 894 893 892
f 894 892 891
f 893 894 896
f 893 896 895
f 749 898 897
f 749 897 888
f 898 749 746
f 898 746 899
f 901 743 744
f 901 744 900
f 903 831 828
f 903 828 902
f 907 906 905
f 907 905 904
f 822 909 908
f 822 908 821
f 777 778 911
f 777 911 910
f 911 778 787
f 911 787 912
f 914 839 801
f 914 801 913
f 913 801 798
f 913 798 915
f 624 916 771
f 624 771 623
f 846 918 917
f 846 917 845
f 849 850 920
f 849 920 919
f 920 850 852
f 920 852 921
f 856 923 922
f 856 922 855
f 923 856 859
f 923 859 924
f 621 925 861
f 621 861 620
f 927 926 628
f 927 628 629
f 931 930 929
f 931 929 928
f 930 931 933
f 930 933 932
f 937 936 935
f 937 935 934
f 935 936 939
f 935 939 938
f 943 942 941
f 943 941 940
f 762 944 634
f 762 634 632
f 759 946 945
f 759 945 758
f 946 759 834
f 946 834 947
f 806 790 949
f 806 949 948
f 950 949 790
f 950 790 791
f 952 951 830
f 952 830 831
f 953 952 831
f 953 831 903
f 955 954 907
f 955 907 904
f 754 755 957
f 754 957 956
f 958 957 755
f 958 755 862
f 960 959 742
f 960 742 743
f 961 960 743
f 961 743 901
f 963 962 950
f 963 950 791
f 792 964 963
f 792 963 791
f 781 966 965
f 781 965 780
f 968 967 938
f 968 938 939
f 879 970 969
f 879 969 878
f 972 971 776
f 972 776 777
f 973 972 777
f 973 777 910
f 975 974 848
f 975 848 849
f 977 976 740
f 977 740 741
f 976 977 814
f 976 814 815
f 979 978 818
f 979 818 819
f 975 980 918
f 975 918 846
f 974 975 846
f 974 846 847
f 972 973 909
f 972 909 822
f 971 972 822
f 971 822 823
f 969 970 882
f 969 882 883
f 967 968 942
f 967 942 943
f 965 966 826
f 965 826 827
f 963 964 829
f 963 829 830
f 962 963 830
f 962 830 951
f 982 981 832
f 982 832 833
f 984 983 895
f 984 895 896
f 834 806 948
f 834 948 947
f 835 807 806
f 835 806 834
f 837 788 789
f 837 789 836
f 932 933 937
f 932 937 934
f 873 877 874
f 873 874 872
f 787 786 838
f 787 838 839
f 912 787 839
f 912 839 914
f 855 852 853
f 855 853 854
f 921 852 855
f 921 855 922
f 840 841 986
f 840 986 985
f 784 785 842
f 784 842 843
f 737 808 809
f 737 809 736
f 773 796 797
f 773 797 772
f 925 924 859
f 925 859 861
f 861 859 858
f 861 858 860
f 915 798 771
f 915 771 916
f 771 798 799
f 771 799 770
f 867 868 869
f 867 869 866
f 927 928 929
f 927 929 926
f 775 804 805
f 775 805 774
f 763 761 758
f 763 758 762
f 945 944 762
f 945 762 758
f 892 889 890
f 892 890 891
f 764 765 768
f 764 768 769
f 904 905 757
f 904 757 754
f 955 904 754
f 955 754 956
f 988 987 750
f 988 750 751
f 989 988 751
f 989 751 884
f 864 991 990
f 864 990 886
f 992 991 864
f 992 864 865
f 994 958 862
f 994 862 993
f 863 995 993
f 863 993 862
f 993 995 745
f 993 745 742
f 959 994 993
f 959 993 742
f 748 991 992
f 748 992 747
f 991 748 887
f 991 887 990
f 898 610 611
f 898 611 897
f 612 610 898
f 612 898 899
f 614 613 961
f 614 961 901
f 615 614 901
f 615 901 900
f 640 997 996
f 640 996 639
f 999 996 997
f 999 997 998
f 1001 1000 999
f 1001 999 998
f 1003 1000 1001
f 1003 1001 1002
f 1005 1004 1003
f 1005 1003 1002
f 1005 1007 1006
f 1005 1006 1004
f 1009 1008 1006
f 1009 1006 1007
f 1011 1010 1008
f 1011 1008 1009
f 1013 1010 1011
f 1013 1011 1012
f 1015 1013 1012
f 1015 1012 1014
f 817 818 1013
f 817 1013 1015
f 978 1010 1013
f 978 1013 818
f 1010 978 1016
f 1010 1016 1008
f 1017 1006 1008
f 1017 1008 1016
f 1006 1017 986
f 1006 986 1004
f 1003 1004 986
f 1003 986 841
f 1000 1003 841
f 1000 841 795
f 999 1000 795
f 999 795 796
f 996 999 796
f 996 796 773
f 639 996 773
f 639 773 619
f 813 814 1019
f 813 1019 1018
f 977 1020 1019
f 977 1019 814
f 1021 1020 977
f 1021 977 741
f 1022 1021 741
f 1022 741 738
f 1022 738 784
f 1022 784 1023
f 1023 784 843
f 1023 843 1024
f 811 1025 1024
f 811 1024 843
f 1025 811 808
f 1025 808 1026
f 1027 1026 808
f 1027 808 737
f 676 1027 737
f 676 737 617
f 616 736 997
f 616 997 640
f 736 809 998
f 736 998 997
f 810 1001 998
f 810 998 809
f 1001 810 842
f 1001 842 1002
f 785 1005 1002
f 785 1002 842
f 785 739 1007
f 785 1007 1005
f 740 1009 1007
f 740 1007 739
f 976 1011 1009
f 976 1009 740
f 1011 976 815
f 1011 815 1012
f 1012 815 812
f 1012 812 1014
f 618 772 1028
f 618 1028 677
f 797 1029 1028
f 797 1028 772
f 1029 797 794
f 1029 794 1030
f 840 1031 1030
f 840 1030 794
f 1031 840 985
f 1031 985 1032
f 1034 979 819
f 1034 819 1033
f 1033 819 816
f 1033 816 1035
f 917 918 1033
f 917 1033 1035
f 980 1034 1033
f 980 1033 918
f 1031 1032 921
f 1031 921 922
f 923 1030 1031
f 923 1031 922
f 1029 1030 923
f 1029 923 924
f 1028 1029 924
f 1028 924 925
f 1028 925 621
f 1028 621 677
f 622 860 1036
f 622 1036 687
f 860 858 1037
f 860 1037 1036
f 857 1038 1037
f 857 1037 858
f 1038 857 854
f 1038 854 1039
f 853 1040 1039
f 853 1039 854
f 853 851 1041
f 853 1041 1040
f 1042 1041 851
f 1042 851 848
f 974 1043 1042
f 974 1042 848
f 1044 1043 974
f 1044 974 847
f 1044 847 844
f 1044 844 1045
f 908 909 1044
f 908 1044 1045
f 973 1043 1044
f 973 1044 909
f 1043 973 910
f 1043 910 1042
f 911 1041 1042
f 911 1042 910
f 1041 911 912
f 1041 912 1040
f 1039 1040 912
f 1039 912 914
f 1038 1039 914
f 1038 914 913
f 1037 1038 913
f 1037 913 915
f 1036 1037 915
f 1036 915 916
f 1036 916 624
f 1036 624 687
f 625 770 867
f 625 867 627
f 868 867 770
f 868 770 799
f 800 871 868
f 800 868 799
f 873 871 800
f 873 800 838
f 786 877 873
f 786 873 838
f 779 876 877
f 779 877 786
f 879 876 779
f 879 779 776
f 971 970 879
f 971 879 776
f 970 971 823
f 970 823 882
f 881 882 823
f 881 823 820
f 626 866 927
f 626 927 629
f 928 927 866
f 928 866 869
f 870 931 928
f 870 928 869
f 931 870 872
f 931 872 933
f 874 937 933
f 874 933 872
f 875 936 937
f 875 937 874
f 878 939 936
f 878 936 875
f 969 968 939
f 969 939 878
f 968 969 883
f 968 883 942
f 941 942 883
f 941 883 880
f 628 926 1046
f 628 1046 699
f 1047 1046 926
f 1047 926 929
f 930 1048 1047
f 930 1047 929
f 1049 1048 930
f 1049 930 932
f 1050 1049 932
f 1050 932 934
f 935 1051 1050
f 935 1050 934
f 1052 1051 935
f 1052 935 938
f 967 1053 1052
f 967 1052 938
f 1053 967 943
f 1053 943 1054
f 1055 1054 943
f 1055 943 940
f 907 954 953
f 907 953 903
f 906 907 903
f 906 903 902
f 630 774 763
f 630 763 633
f 761 763 774
f 761 774 805
f 802 760 761
f 802 761 805
f 835 760 802
f 835 802 836
f 789 807 835
f 789 835 836
f 783 793 807
f 783 807 789
f 792 793 783
f 792 783 780
f 965 964 792
f 965 792 780
f 964 965 827
f 964 827 829
f 828 829 827
f 828 827 824
f 826 1054 1055
f 826 1055 825
f 966 1053 1054
f 966 1054 826
f 1053 966 781
f 1053 781 1052
f 782 1051 1052
f 782 1052 781
f 1050 1051 782
f 1050 782 788
f 1049 1050 788
f 1049 788 837
f 1048 1049 837
f 1048 837 803
f 1047 1048 803
f 1047 803 804
f 1046 1047 804
f 1046 804 775
f 1046 775 631
f 1046 631 699
f 1057 1056 982
f 1057 982 833
f 1058 1057 833
f 1058 833 767
f 764 1059 1058
f 764 1058 767
f 769 1060 1059
f 769 1059 764
f 638 717 1060
f 638 1060 769
f 1062 989 884
f 1062 884 1061
f 885 1063 1061
f 885 1061 884
f 1063 885 886
f 1063 886 1064
f 990 1065 1064
f 990 1064 886
f 887 1066 1065
f 887 1065 990
f 888 1067 1066
f 888 1066 887
f 897 1068 1067
f 897 1067 888
f 611 726 1068
f 611 1068 897
f 947 948 984
f 947 984 896
f 894 946 947
f 894 947 896
f 946 894 891
f 946 891 945
f 890 944 945
f 890 945 891
f 944 890 636
f 944 636 634
f 728 612 899
f 728 899 1069
f 1069 899 746
f 1069 746 1070
f 747 1071 1070
f 747 1070 746
f 992 1072 1071
f 992 1071 747
f 1072 992 865
f 1072 865 1073
f 1073 865 753
f 1073 753 1074
f 750 1075 1074
f 750 1074 753
f 1075 750 987
f 1075 987 1076
f 961 613 728
f 961 728 1069
f 960 961 1069
f 960 1069 1070
f 1071 959 960
f 1071 960 1070
f 1072 994 959
f 1072 959 1071
f 958 994 1072
f 958 1072 1073
f 957 958 1073
f 957 1073 1074
f 1075 956 957
f 1075 957 1074
f 955 956 1075
f 955 1075 1076
f 895 983 1056
f 895 1056 1057
f 893 895 1057
f 893 1057 1058
f 892 893 1058
f 892 1058 1059
f 889 892 1059
f 889 1059 1060
f 889 1060 717
f 889 717 635
f 975 849 919
f 975 919 980
f 452 589 594
f 452 594 530
f 1080 1079 1078
f 1080 1078 1077
f 1082 1080 1077
f 1082 1077 1081
f 1084 1078 1079
f 1084 1079 1083
f 1083 1086 1085
f 1083 1085 1084
f 1085 1086 1088
f 1085 1088 1087
f 1081 1090 1089
f 1081 1089 1082
f 1092 1087 1088
f 1092 1088 1091
f 1091 1094 1093
f 1091 1093 1092
f 1093 1094 1096
f 1093 1096 1095
f 1098 1095 1096
f 1098 1096 1097
f 1097 1100 1099
f 1097 1099 1098
f 1099 1100 1089
f 1099 1089 1090
f 685 593 1102
f 685 1102 1101
f 1104 1103 600
f 1104 600 683
f 1101 1102 1103
f 1101 1103 1104
f 592 663 1102
f 592 1102 593
f 663 664 1103
f 663 1103 1102
f 600 1103 664
f 600 664 599
f 531 529 1104
f 531 1104 683
f 530 1101 1104
f 530 1104 529
f 530 594 685
f 530 685 1101
f 1083 1079 979
f 1083 979 1034
f 980 1086 1083
f 980 1083 1034
f 1088 1086 980
f 1088 980 919
f 1091 1088 919
f 1091 919 920
f 920 921 1094
f 920 1094 1091
f 1096 1094 921
f 1096 921 1032
f 1097 1096 1032
f 1097 1032 985
f 986 1100 1097
f 986 1097 985
f 1089 1100 986
f 1089 986 1017
f 1082 1089 1017
f 1082 1017 1016
f 978 1080 1082
f 978 1082 1016
f 978 979 1079
f 978 1079 1080
f 1077 1078 1106
f 1077 1106 1105
f 1081 1077 1105
f 1081 1105 1107
f 1078 1084 1108
f 1078 1108 1106
f 1084 1085 1109
f 1084 1109 1108
f 1085 1087 1110
f 1085 1110 1109
f 1090 1081 1107
f 1090 1107 1111
f 1087 1092 1112
f 1087 1112 1110
f 1092 1093 1113
f 1092 1113 1112
f 1093 1095 1114
f 1093 1114 1113
f 1095 1098 1115
f 1095 1115 1114
f 1098 1099 1116
f 1098 1116 1115
f 1099 1090 1111
f 1099 1111 1116
f 1105 1106 1118
f 1105 1118 1117
f 1107 1105 1117
f 1107 1117 1119
f 1106 1108 1120
f 1106 1120 1118
f 1108 1109 1121
f 1108 1121 1120
f 1109 1110 1122
f 1109 1122 1121
f 1111 1107 1119
f 1111 1119 1123
f 1110 1112 1124
f 1110 1124 1122
f 1112 1113 1125
f 1112 1125 1124
f 1113 1114 1126
f 1113 1126 1125
f 1114 1115 1127
f 1114 1127 1126
f 1115 1116 1128
f 1115 1128 1127
f 1116 1111 1123
f 1116 1123 1128
f 417 1130 1129
f 417 1129 416
f 723 1132 1131
f 723 1131 724
f 718 1134 1133
f 718 1133 720
f 601 1136 1135
f 601 1135 602
f 513 514 1138
f 513 1138 1137
f 1140 1139 569
f 1140 569 568
f 1142 1141 567
f 1142 567 566
f 1144 596 595
f 1144 595 1143
f 360 1146 1145
f 360 1145 359
f 364 1148 1147
f 364 1147 363
f 425 1150 1149
f 425 1149 424
f 421 1152 1151
f 421 1151 420
f 428 429 1154
f 428 1154 1153
f 562 1156 1155
f 562 1155 564
f 563 1157 1156
f 563 1156 562
f 1159 669 668
f 1159 668 1158
f 1159 1160 670
f 1159 670 669
f 1162 673 672
f 1162 672 1161
f 1164 1163 675
f 1164 675 674
f 1165 1142 566
f 1165 566 565
f 666 1167 1166
f 666 1166 665
f 359 1145 1168
f 359 1168 435
f 672 671 1169
f 672 1169 1161
f 449 1171 1170
f 449 1170 448
f 511 1173 1172
f 511 1172 433
f 1133 1174 721
f 1133 721 720
f 489 1176 1175
f 489 1175 488
f 602 1135 1177
f 602 1177 603
f 1179 598 597
f 1179 597 1178
f 724 1131 1180
f 724 1180 725
f 509 1182 1181
f 509 1181 335
f 1183 338 335
f 1183 335 1181
f 347 467 1185
f 347 1185 1184
f 1186 350 347
f 1186 347 1184
f 424 1149 1187
f 424 1187 518
f 448 1170 1188
f 448 1188 528
f 555 1190 1189
f 555 1189 554
f 564 1155 1191
f 564 1191 576
f 1158 668 667
f 1158 667 1192
f 1192 667 665
f 1192 665 1166
f 1191 1165 565
f 1191 565 576
f 435 1168 1143
f 435 1143 595
f 1169 671 670
f 1169 670 1160
f 1164 674 673
f 1164 673 1162
f 363 1147 1146
f 363 1146 360
f 514 350 1186
f 514 1186 1138
f 1193 1134 718
f 1193 718 719
f 721 1174 1194
f 721 1194 722
f 1185 467 609
f 1185 609 1195
f 609 338 1183
f 609 1183 1195
f 722 1194 1132
f 722 1132 723
f 725 1180 1196
f 725 1196 726
f 1197 1182 509
f 1197 509 615
f 1201 1200 661
f 1201 661 662
f 420 1151 1201
f 420 1201 662
f 416 1129 1167
f 416 1167 666
f 661 1200 1130
f 661 1130 417
f 686 1202 1152
f 686 1152 421
f 528 1188 1202
f 528 1202 686
f 1203 1171 449
f 1203 449 698
f 518 1187 1203
f 518 1203 698
f 488 1175 1150
f 488 1150 425
f 554 1189 1176
f 554 1176 489
f 710 1204 1190
f 710 1190 555
f 567 1141 1140
f 567 1140 568
f 1137 1173 511
f 1137 511 513
f 433 1172 1154
f 433 1154 429
f 428 1153 1204
f 428 1204 710
f 596 1144 1205
f 596 1205 711
f 603 1177 1193
f 603 1193 719
f 1157 563 598
f 1157 598 1179
f 735 1206 1136
f 735 1136 601
f 1139 1206 735
f 1139 735 569
f 597 711 1205
f 597 1205 1178
f 812 813 1208
f 812 1208 1207
f 1066 1067 1210
f 1066 1210 1209
f 1061 1063 1212
f 1061 1212 1211
f 987 988 1214
f 987 1214 1213
f 906 1216 1215
f 906 1215 905
f 1218 954 955
f 1218 955 1217
f 1220 952 953
f 1220 953 1219
f 1222 1221 981
f 1222 981 982
f 765 766 1224
f 765 1224 1223
f 637 768 1225
f 637 1225 1199
f 820 821 1227
f 820 1227 1226
f 816 817 1229
f 816 1229 1228
f 825 1231 1230
f 825 1230 824
f 949 950 1233
f 949 1233 1232
f 948 949 1232
f 948 1232 1234
f 1236 1235 1021
f 1236 1021 1022
f 1236 1022 1023
f 1236 1023 1237
f 1239 1238 1025
f 1239 1025 1026
f 1240 1027 676
f 1240 676 1198
f 1241 951 952
f 1241 952 1220
f 1018 1019 1243
f 1018 1243 1242
f 766 832 1244
f 766 1244 1224
f 1025 1238 1245
f 1025 1245 1024
f 844 845 1247
f 844 1247 1246
f 902 828 1249
f 902 1249 1248
f 1212 1063 1064
f 1212 1064 1250
f 880 881 1252
f 880 1252 1251
f 988 989 1253
f 988 1253 1214
f 1255 1254 983
f 1255 983 984
f 1067 1068 1256
f 1067 1256 1210
f 900 744 1258
f 900 1258 1257
f 1259 1258 744
f 1259 744 745
f 756 1261 1260
f 756 1260 863
f 1262 1261 756
f 1262 756 757
f 821 908 1263
f 821 1263 1227
f 845 917 1264
f 845 1264 1247
f 940 941 1266
f 940 1266 1265
f 950 962 1267
f 950 1267 1233
f 1235 1268 1020
f 1235 1020 1021
f 1268 1243 1019
f 1268 1019 1020
f 1267 962 951
f 1267 951 1241
f 832 981 1221
f 832 1221 1244
f 1245 1237 1023
f 1245 1023 1024
f 1240 1239 1026
f 1240 1026 1027
f 768 765 1223
f 768 1223 1225
f 905 1215 1262
f 905 1262 757
f 1269 1062 1061
f 1269 1061 1211
f 1064 1065 1270
f 1064 1270 1250
f 1260 1271 995
f 1260 995 863
f 995 1271 1259
f 995 1259 745
f 1065 1066 1209
f 1065 1209 1270
f 1068 726 1196
f 1068 1196 1256
f 1197 615 900
f 1197 900 1257
f 1273 1015 1014
f 1273 1014 1272
f 817 1015 1273
f 817 1273 1229
f 813 1018 1242
f 813 1242 1208
f 1014 812 1207
f 1014 1207 1272
f 1035 816 1228
f 1035 1228 1274
f 917 1035 1274
f 917 1274 1264
f 1275 1045 844
f 1275 844 1246
f 908 1045 1275
f 908 1275 1263
f 881 820 1226
f 881 1226 1252
f 941 880 1251
f 941 1251 1266
f 1055 940 1265
f 1055 1265 1276
f 953 954 1218
f 953 1218 1219
f 1216 906 902
f 1216 902 1248
f 828 824 1230
f 828 1230 1249
f 825 1055 1276
f 825 1276 1231
f 982 1056 1277
f 982 1277 1222
f 989 1062 1269
f 989 1269 1253
f 1234 1255 984
f 1234 984 948
f 1076 987 1213
f 1076 1213 1278
f 1217 955 1076
f 1217 1076 1278
f 983 1254 1277
f 983 1277 1056
f 1282 1281 1280
f 1282 1280 1279
f 1286 1285 1284
f 1286 1284 1283
f 1281 1288 1287
f 1281 1287 1280
f 1292 1291 1290
f 1292 1290 1289
f 1296 1295 1294
f 1296 1294 1293
f 1300 1299 1298
f 1300 1298 1297
f 1304 1303 1302
f 1304 1302 1301
f 1308 1307 1306
f 1308 1306 1305
f 1312 1311 1310
f 1312 1310 1309
f 1316 1315 1314
f 1316 1314 1313
f 1320 1319 1318
f 1320 1318 1317
f 1324 1323 1322
f 1324 1322 1321
f 1328 1327 1326
f 1328 1326 1325
f 1327 1330 1329
f 1327 1329 1326
f 1334 1333 1332
f 1334 1332 1331
f 1338 1337 1336
f 1338 1336 1335
f 1342 1341 1340
f 1342 1340 1339
f 1346 1345 1344
f 1346 1344 1343
f 1350 1349 1348
f 1350 1348 1347
f 1354 1353 1352
f 1354 1352 1351
f 1358 1357 1356
f 1358 1356 1355
f 1362 1361 1360
f 1362 1360 1359
f 1366 1365 1364
f 1366 1364 1363
f 1370 1369 1368
f 1370 1368 1367
f 1374 1373 1372
f 1374 1372 1371
f 1378 1377 1376
f 1378 1376 1375
f 1380 1362 1359
f 1380 1359 1379
f 1384 1383 1382
f 1384 1382 1381
f 1388 1387 1386
f 1388 1386 1385
f 1392 1391 1390
f 1392 1390 1389
f 1396 1395 1394
f 1396 1394 1393
f 1400 1399 1398
f 1400 1398 1397
f 1404 1403 1402
f 1404 1402 1401
f 1315 1320 1317
f 1315 1317 1314
f 1406 1304 1301
f 1406 1301 1405
f 1303 1408 1407
f 1303 1407 1302
f 1319 1410 1409
f 1319 1409 1318
f 1295 1406 1405
f 1295 1405 1294
f 1330 1342 1339
f 1330 1339 1329
f 1291 1296 1293
f 1291 1293 1290
f 1299 1292 1289
f 1299 1289 1298
f 1341 1412 1411
f 1341 1411 1340
f 1288 1370 1367
f 1288 1367 1287
f 1307 1312 1309
f 1307 1309 1306
f 1377 1308 1305
f 1377 1305 1376
f 1369 1366 1363
f 1369 1363 1368
f 1365 1392 1389
f 1365 1389 1364
f 1387 1378 1375
f 1387 1375 1386
f 1414 1388 1385
f 1414 1385 1413
f 1391 1416 1415
f 1391 1415 1390
f 1420 1286 1283
f 1420 1283 1419
f 1285 1422 1421
f 1285 1421 1284
f 1333 1424 1423
f 1333 1423 1332
f 1408 1334 1331
f 1408 1331 1407
f 1337 1316 1313
f 1337 1313 1336
f 1424 1420 1419
f 1424 1419 1423
f 1422 1346 1343
f 1422 1343 1421
f 1345 1400 1397
f 1345 1397 1344
f 1399 1350 1347
f 1399 1347 1398
f 1349 1396 1393
f 1349 1393 1348
f 1426 1328 1325
f 1426 1325 1425
f 1395 1374 1371
f 1395 1371 1394
f 1373 1404 1401
f 1373 1401 1372
f 1403 1354 1351
f 1403 1351 1402
f 1361 1338 1335
f 1361 1335 1360
f 1357 1282 1279
f 1357 1279 1356
f 1428 1358 1355
f 1428 1355 1427
f 1353 1428 1427
f 1353 1427 1352
f 1412 1418 1417
f 1412 1417 1411
f 1311 1384 1381
f 1311 1381 1310
f 1410 1324 1321
f 1410 1321 1409
f 1383 1430 1429
f 1383 1429 1382
f 1430 1380 1379
f 1430 1379 1429
f 1323 1426 1425
f 1323 1425 1322
f 1434 1433 1432
f 1434 1432 1431
f 1438 1437 1436
f 1438 1436 1435
f 1442 1441 1440
f 1442 1440 1439
f 1446 1445 1444
f 1446 1444 1443
f 1450 1449 1448
f 1450 1448 1447
f 1454 1453 1452
f 1454 1452 1451
f 1458 1457 1456
f 1458 1456 1455
f 1462 1461 1460
f 1462 1460 1459
f 1466 1465 1464
f 1466 1464 1463
f 1470 1469 1468
f 1470 1468 1467
f 1474 1473 1472
f 1474 1472 1471
f 1478 1477 1476
f 1478 1476 1475
f 1482 1481 1480
f 1482 1480 1479
f 1486 1485 1484
f 1486 1484 1483
f 1488 1486 1483
f 1488 1483 1487
f 1492 1491 1490
f 1492 1490 1489
f 1491 1494 1493
f 1491 1493 1490
f 1498 1497 1496
f 1498 1496 1495
f 1502 1501 1500
f 1502 1500 1499
f 1504 1458 1455
f 1504 1455 1503
f 1508 1507 1506
f 1508 1506 1505
f 1465 1510 1509
f 1465 1509 1464
f 1512 1498 1495
f 1512 1495 1511
f 1516 1515 1514
f 1516 1514 1513
f 1520 1519 1518
f 1520 1518 1517
f 1441 1522 1521
f 1441 1521 1440
f 1526 1525 1524
f 1526 1524 1523
f 1445 1528 1527
f 1445 1527 1444
f 1532 1531 1530
f 1532 1530 1529
f 1437 1534 1533
f 1437 1533 1436
f 1538 1537 1536
f 1538 1536 1535
f 1537 1540 1539
f 1537 1539 1536
f 1544 1543 1542
f 1544 1542 1541
f 1543 1546 1545
f 1543 1545 1542
f 1473 1548 1547
f 1473 1547 1472
f 1515 1550 1549
f 1515 1549 1514
f 1554 1553 1552
f 1554 1552 1551
f 1485 1556 1555
f 1485 1555 1484
f 1558 1492 1489
f 1558 1489 1557
f 1507 1558 1557
f 1507 1557 1506
f 1556 1504 1503
f 1556 1503 1555
f 1510 1462 1459
f 1510 1459 1509
f 1494 1512 1511
f 1494 1511 1493
f 1497 1502 1499
f 1497 1499 1496
f 1469 1466 1463
f 1469 1463 1468
f 1546 1450 1447
f 1546 1447 1545
f 1560 1442 1439
f 1560 1439 1559
f 1522 1562 1561
f 1522 1561 1521
f 1564 1544 1541
f 1564 1541 1563
f 1540 1564 1563
f 1540 1563 1539
f 1562 1438 1435
f 1562 1435 1561
f 1534 1414 1413
f 1534 1413 1533
f 1416 1538 1535
f 1416 1535 1415
f 1568 1567 1566
f 1568 1566 1565
f 1477 1568 1565
f 1477 1565 1476
f 1433 1508 1505
f 1433 1505 1432
f 1567 1434 1431
f 1567 1431 1566
f 1570 1478 1475
f 1570 1475 1569
f 1550 1570 1569
f 1550 1569 1549
f 1572 1516 1513
f 1572 1513 1571
f 1548 1572 1571
f 1548 1571 1547
f 1525 1474 1471
f 1525 1471 1524
f 1553 1526 1523
f 1553 1523 1552
f 1574 1554 1551
f 1574 1551 1573
f 1457 1454 1451
f 1457 1451 1456
f 1449 1520 1517
f 1449 1517 1448
f 1519 1482 1479
f 1519 1479 1518
f 1481 1574 1573
f 1481 1573 1480
f 1461 1576 1575
f 1461 1575 1460
f 1528 1560 1559
f 1528 1559 1527
f 1531 1488 1487
f 1531 1487 1530
f 1578 1446 1443
f 1578 1443 1577
f 1453 1578 1577
f 1453 1577 1452
f 1576 1532 1529
f 1576 1529 1575
f 1137 1580 1579
f 1137 1579 1173
f 1580 1282 1357
f 1580 1357 1579
f 1282 1580 1581
f 1282 1581 1281
f 1580 1137 1138
f 1580 1138 1581
f 1201 1583 1582
f 1201 1582 1200
f 1583 1286 1420
f 1583 1420 1582
f 1286 1583 1584
f 1286 1584 1285
f 1583 1201 1151
f 1583 1151 1584
f 1281 1581 1585
f 1281 1585 1288
f 1581 1138 1186
f 1581 1186 1585
f 1161 1587 1586
f 1161 1586 1162
f 1587 1291 1292
f 1587 1292 1586
f 1162 1586 1588
f 1162 1588 1164
f 1586 1292 1299
f 1586 1299 1588
f 1160 1590 1589
f 1160 1589 1169
f 1590 1295 1296
f 1590 1296 1589
f 1291 1587 1589
f 1291 1589 1296
f 1587 1161 1169
f 1587 1169 1589
f 1300 1591 1588
f 1300 1588 1299
f 1591 1163 1164
f 1591 1164 1588
f 1192 1593 1592
f 1192 1592 1158
f 1593 1303 1304
f 1593 1304 1592
f 1158 1592 1594
f 1158 1594 1159
f 1592 1304 1406
f 1592 1406 1594
f 1133 1596 1595
f 1133 1595 1174
f 1596 1307 1308
f 1596 1308 1595
f 1174 1595 1597
f 1174 1597 1194
f 1595 1308 1377
f 1595 1377 1597
f 1193 1599 1598
f 1193 1598 1134
f 1599 1311 1312
f 1599 1312 1598
f 1307 1596 1598
f 1307 1598 1312
f 1596 1133 1134
f 1596 1134 1598
f 1191 1601 1600
f 1191 1600 1165
f 1601 1315 1316
f 1601 1316 1600
f 1165 1600 1602
f 1165 1602 1142
f 1600 1316 1337
f 1600 1337 1602
f 1156 1604 1603
f 1156 1603 1155
f 1604 1319 1320
f 1604 1320 1603
f 1315 1601 1603
f 1315 1603 1320
f 1601 1191 1155
f 1601 1155 1603
f 1178 1606 1605
f 1178 1605 1179
f 1606 1323 1324
f 1606 1324 1605
f 1179 1605 1607
f 1179 1607 1157
f 1605 1324 1410
f 1605 1410 1607
f 1143 1609 1608
f 1143 1608 1144
f 1609 1327 1328
f 1609 1328 1608
f 1144 1608 1610
f 1144 1610 1205
f 1608 1328 1426
f 1608 1426 1610
f 1327 1609 1611
f 1327 1611 1330
f 1609 1143 1168
f 1609 1168 1611
f 1167 1613 1612
f 1167 1612 1166
f 1613 1334 1408
f 1613 1408 1612
f 1334 1613 1614
f 1334 1614 1333
f 1613 1167 1129
f 1613 1129 1614
f 1142 1602 1615
f 1142 1615 1141
f 1602 1337 1338
f 1602 1338 1615
f 1141 1615 1616
f 1141 1616 1140
f 1615 1338 1361
f 1615 1361 1616
f 1330 1611 1617
f 1330 1617 1342
f 1611 1168 1145
f 1611 1145 1617
f 1342 1617 1618
f 1342 1618 1341
f 1617 1145 1146
f 1617 1146 1618
f 1202 1620 1619
f 1202 1619 1152
f 1620 1346 1422
f 1620 1422 1619
f 1346 1620 1621
f 1346 1621 1345
f 1620 1202 1188
f 1620 1188 1621
f 1203 1623 1622
f 1203 1622 1171
f 1623 1350 1399
f 1623 1399 1622
f 1350 1623 1624
f 1350 1624 1349
f 1623 1203 1187
f 1623 1187 1624
f 1204 1626 1625
f 1204 1625 1190
f 1626 1354 1403
f 1626 1403 1625
f 1354 1626 1627
f 1354 1627 1353
f 1626 1204 1153
f 1626 1153 1627
f 1172 1629 1628
f 1172 1628 1154
f 1629 1358 1428
f 1629 1428 1628
f 1358 1629 1579
f 1358 1579 1357
f 1629 1172 1173
f 1629 1173 1579
f 1139 1631 1630
f 1139 1630 1206
f 1631 1362 1380
f 1631 1380 1630
f 1362 1631 1616
f 1362 1616 1361
f 1631 1139 1140
f 1631 1140 1616
f 1195 1633 1632
f 1195 1632 1185
f 1633 1366 1369
f 1633 1369 1632
f 1366 1633 1634
f 1366 1634 1365
f 1633 1195 1183
f 1633 1183 1634
f 1288 1585 1635
f 1288 1635 1370
f 1585 1186 1184
f 1585 1184 1635
f 1370 1635 1632
f 1370 1632 1369
f 1635 1184 1185
f 1635 1185 1632
f 1175 1637 1636
f 1175 1636 1150
f 1637 1374 1395
f 1637 1395 1636
f 1374 1637 1638
f 1374 1638 1373
f 1637 1175 1176
f 1637 1176 1638
f 1194 1597 1639
f 1194 1639 1132
f 1597 1377 1378
f 1597 1378 1639
f 1132 1639 1640
f 1132 1640 1131
f 1639 1378 1387
f 1639 1387 1640
f 1206 1630 1641
f 1206 1641 1136
f 1630 1380 1430
f 1630 1430 1641
f 1135 1643 1642
f 1135 1642 1177
f 1643 1383 1384
f 1643 1384 1642
f 1311 1599 1642
f 1311 1642 1384
f 1599 1193 1177
f 1599 1177 1642
f 1131 1640 1644
f 1131 1644 1180
f 1640 1387 1388
f 1640 1388 1644
f 1180 1644 1645
f 1180 1645 1196
f 1644 1388 1414
f 1644 1414 1645
f 1365 1634 1646
f 1365 1646 1392
f 1634 1183 1181
f 1634 1181 1646
f 1392 1646 1647
f 1392 1647 1391
f 1646 1181 1182
f 1646 1182 1647
f 1349 1624 1648
f 1349 1648 1396
f 1624 1187 1149
f 1624 1149 1648
f 1396 1648 1636
f 1396 1636 1395
f 1648 1149 1150
f 1648 1150 1636
f 1345 1621 1649
f 1345 1649 1400
f 1621 1188 1170
f 1621 1170 1649
f 1400 1649 1622
f 1400 1622 1399
f 1649 1170 1171
f 1649 1171 1622
f 1373 1638 1650
f 1373 1650 1404
f 1638 1176 1189
f 1638 1189 1650
f 1404 1650 1625
f 1404 1625 1403
f 1650 1189 1190
f 1650 1190 1625
f 1295 1590 1594
f 1295 1594 1406
f 1590 1160 1159
f 1590 1159 1594
f 1303 1593 1612
f 1303 1612 1408
f 1593 1192 1166
f 1593 1166 1612
f 1319 1604 1607
f 1319 1607 1410
f 1604 1156 1157
f 1604 1157 1607
f 1341 1618 1651
f 1341 1651 1412
f 1618 1146 1147
f 1618 1147 1651
f 1196 1645 1652
f 1196 1652 1256
f 1645 1414 1534
f 1645 1534 1652
f 1391 1647 1653
f 1391 1653 1416
f 1647 1182 1197
f 1647 1197 1653
f 1412 1651 1654
f 1412 1654 1418
f 1651 1147 1148
f 1651 1148 1654
f 1200 1582 1655
f 1200 1655 1130
f 1582 1420 1424
f 1582 1424 1655
f 1285 1584 1619
f 1285 1619 1422
f 1584 1151 1152
f 1584 1152 1619
f 1333 1614 1655
f 1333 1655 1424
f 1614 1129 1130
f 1614 1130 1655
f 1323 1606 1610
f 1323 1610 1426
f 1606 1178 1205
f 1606 1205 1610
f 1353 1627 1628
f 1353 1628 1428
f 1627 1153 1154
f 1627 1154 1628
f 1383 1643 1641
f 1383 1641 1430
f 1643 1135 1136
f 1643 1136 1641
f 1208 1657 1656
f 1208 1656 1207
f 1657 1433 1434
f 1657 1434 1656
f 1207 1656 1658
f 1207 1658 1272
f 1656 1434 1567
f 1656 1567 1658
f 1210 1660 1659
f 1210 1659 1209
f 1660 1437 1438
f 1660 1438 1659
f 1209 1659 1661
f 1209 1661 1270
f 1659 1438 1562
f 1659 1562 1661
f 1212 1663 1662
f 1212 1662 1211
f 1663 1441 1442
f 1663 1442 1662
f 1211 1662 1664
f 1211 1664 1269
f 1662 1442 1560
f 1662 1560 1664
f 1214 1666 1665
f 1214 1665 1213
f 1666 1445 1446
f 1666 1446 1665
f 1213 1665 1667
f 1213 1667 1278
f 1665 1446 1578
f 1665 1578 1667
f 1216 1669 1668
f 1216 1668 1215
f 1669 1449 1450
f 1669 1450 1668
f 1215 1668 1670
f 1215 1670 1262
f 1668 1450 1546
f 1668 1546 1670
f 1217 1672 1671
f 1217 1671 1218
f 1672 1453 1454
f 1672 1454 1671
f 1218 1671 1673
f 1218 1673 1219
f 1671 1454 1457
f 1671 1457 1673
f 1220 1675 1674
f 1220 1674 1241
f 1675 1458 1504
f 1675 1504 1674
f 1458 1675 1673
f 1458 1673 1457
f 1675 1220 1219
f 1675 1219 1673
f 1221 1677 1676
f 1221 1676 1244
f 1677 1462 1510
f 1677 1510 1676
f 1462 1677 1678
f 1462 1678 1461
f 1677 1221 1222
f 1677 1222 1678
f 1224 1680 1679
f 1224 1679 1223
f 1680 1465 1466
f 1680 1466 1679
f 1223 1679 1681
f 1223 1681 1225
f 1679 1466 1469
f 1679 1469 1681
f 1470 1682 1681
f 1470 1681 1469
f 1682 1199 1225
f 1682 1225 1681
f 1227 1684 1683
f 1227 1683 1226
f 1684 1473 1474
f 1684 1474 1683
f 1226 1683 1685
f 1226 1685 1252
f 1683 1474 1525
f 1683 1525 1685
f 1229 1687 1686
f 1229 1686 1228
f 1687 1477 1478
f 1687 1478 1686
f 1228 1686 1688
f 1228 1688 1274
f 1686 1478 1570
f 1686 1570 1688
f 1230 1690 1689
f 1230 1689 1249
f 1690 1482 1519
f 1690 1519 1689
f 1482 1690 1691
f 1482 1691 1481
f 1690 1230 1231
f 1690 1231 1691
f 1232 1693 1692
f 1232 1692 1234
f 1693 1486 1488
f 1693 1488 1692
f 1486 1693 1694
f 1486 1694 1485
f 1693 1232 1233
f 1693 1233 1694
f 1234 1692 1695
f 1234 1695 1255
f 1692 1488 1531
f 1692 1531 1695
f 1236 1697 1696
f 1236 1696 1235
f 1697 1491 1492
f 1697 1492 1696
f 1235 1696 1698
f 1235 1698 1268
f 1696 1492 1558
f 1696 1558 1698
f 1491 1697 1699
f 1491 1699 1494
f 1697 1236 1237
f 1697 1237 1699
f 1238 1701 1700
f 1238 1700 1245
f 1701 1498 1512
f 1701 1512 1700
f 1498 1701 1702
f 1498 1702 1497
f 1701 1238 1239
f 1701 1239 1702
f 1198 1704 1703
f 1198 1703 1240
f 1704 1501 1502
f 1704 1502 1703
f 1497 1702 1703
f 1497 1703 1502
f 1702 1239 1240
f 1702 1240 1703
f 1241 1674 1705
f 1241 1705 1267
f 1674 1504 1556
f 1674 1556 1705
f 1433 1657 1706
f 1433 1706 1508
f 1657 1208 1242
f 1657 1242 1706
f 1508 1706 1707
f 1508 1707 1507
f 1706 1242 1243
f 1706 1243 1707
f 1465 1680 1676
f 1465 1676 1510
f 1680 1224 1244
f 1680 1244 1676
f 1494 1699 1700
f 1494 1700 1512
f 1699 1237 1245
f 1699 1245 1700
f 1247 1709 1708
f 1247 1708 1246
f 1709 1515 1516
f 1709 1516 1708
f 1246 1708 1710
f 1246 1710 1275
f 1708 1516 1572
f 1708 1572 1710
f 1249 1689 1711
f 1249 1711 1248
f 1689 1519 1520
f 1689 1520 1711
f 1449 1669 1711
f 1449 1711 1520
f 1669 1216 1248
f 1669 1248 1711
f 1441 1663 1712
f 1441 1712 1522
f 1663 1212 1250
f 1663 1250 1712
f 1252 1685 1713
f 1252 1713 1251
f 1685 1525 1526
f 1685 1526 1713
f 1251 1713 1714
f 1251 1714 1266
f 1713 1526 1553
f 1713 1553 1714
f 1445 1666 1715
f 1445 1715 1528
f 1666 1214 1253
f 1666 1253 1715
f 1254 1717 1716
f 1254 1716 1277
f 1717 1532 1576
f 1717 1576 1716
f 1532 1717 1695
f 1532 1695 1531
f 1717 1254 1255
f 1717 1255 1695
f 1437 1660 1652
f 1437 1652 1534
f 1660 1210 1256
f 1660 1256 1652
f 1258 1719 1718
f 1258 1718 1257
f 1719 1537 1538
f 1719 1538 1718
f 1416 1653 1718
f 1416 1718 1538
f 1653 1197 1257
f 1653 1257 1718
f 1537 1719 1720
f 1537 1720 1540
f 1719 1258 1259
f 1719 1259 1720
f 1261 1722 1721
f 1261 1721 1260
f 1722 1543 1544
f 1722 1544 1721
f 1260 1721 1723
f 1260 1723 1271
f 1721 1544 1564
f 1721 1564 1723
f 1543 1722 1670
f 1543 1670 1546
f 1722 1261 1262
f 1722 1262 1670
f 1473 1684 1724
f 1473 1724 1548
f 1684 1227 1263
f 1684 1263 1724
f 1515 1709 1725
f 1515 1725 1550
f 1709 1247 1264
f 1709 1264 1725
f 1266 1714 1726
f 1266 1726 1265
f 1714 1553 1554
f 1714 1554 1726
f 1265 1726 1727
f 1265 1727 1276
f 1726 1554 1574
f 1726 1574 1727
f 1485 1694 1705
f 1485 1705 1556
f 1694 1233 1267
f 1694 1267 1705
f 1507 1707 1698
f 1507 1698 1558
f 1707 1243 1268
f 1707 1268 1698
f 1528 1715 1664
f 1528 1664 1560
f 1715 1253 1269
f 1715 1269 1664
f 1522 1712 1661
f 1522 1661 1562
f 1712 1250 1270
f 1712 1270 1661
f 1540 1720 1723
f 1540 1723 1564
f 1720 1259 1271
f 1720 1271 1723
f 1477 1687 1728
f 1477 1728 1568
f 1687 1229 1273
f 1687 1273 1728
f 1568 1728 1658
f 1568 1658 1567
f 1728 1273 1272
f 1728 1272 1658
f 1550 1725 1688
f 1550 1688 1570
f 1725 1264 1274
f 1725 1274 1688
f 1548 1724 1710
f 1548 1710 1572
f 1724 1263 1275
f 1724 1275 1710
f 1481 1691 1727
f 1481 1727 1574
f 1691 1231 1276
f 1691 1276 1727
f 1461 1678 1716
f 1461 1716 1576
f 1678 1222 1277
f 1678 1277 1716
f 1453 1672 1667
f 1453 1667 1578
f 1672 1217 1278
f 1672 1278 1667
f 1117 1118 1729
f 1117 1729 1730
f 1119 1117 1730
f 1119 1730 1731
f 1118 1120 1732
f 1118 1732 1729
f 1120 1121 1733
f 1120 1733 1732
f 1121 1122 1734
f 1121 1734 1733
f 1123 1119 1731
f 1123 1731 1735
f 1122 1124 1736
f 1122 1736 1734
f 1124 1125 1737
f 1124 1737 1736
f 1125 1126 1738
f 1125 1738 1737
f 1126 1127 1739
f 1126 1739 1738
f 1127 1128 1740
f 1127 1740 1739
f 1128 1123 1735
f 1128 1735 1740
f 1828 1827 1830
f 1828 1830 1829
f 1893 1894 1895
f 1893 1895 1896
f 1826 1825 1832
f 1826 1832 1831
f 1872 1871 1874
f 1872 1874 1873
f 1897 1898 1899
f 1897 1899 1900
f 1870 1869 1876
f 1870 1876 1875
f 1880 1879 1882
f 1880 1882 1881
f 1901 1902 1903
f 1901 1903 1904
f 1878 1877 1884
f 1878 1884 1883
f 1745 1741 617
f 1745 617 616
f 1753 1749 619
f 1753 619 618
f 1761 1757 621
f 1761 621 620
f 1765 1761 620
f 1765 620 622
f 1773 1769 624
f 1773 624 623
f 1777 1773 623
f 1777 623 625
f 1785 1781 627
f 1785 627 626
f 1793 1789 629
f 1793 629 628
f 1801 1797 631
f 1801 631 630
f 1809 1805 633
f 1809 633 632
f 1813 1809 632
f 1813 632 634
f 1821 1817 636
f 1821 636 635
f 1832 1825 638
f 1832 638 637
f 1837 1833 640
f 1837 640 639
f 1749 1837 639
f 1749 639 619
f 1741 1841 676
f 1741 676 617
f 1833 1745 616
f 1833 616 640
f 1845 1753 618
f 1845 618 677
f 1757 1845 677
f 1757 677 621
f 1849 1765 622
f 1849 622 687
f 1769 1849 687
f 1769 687 624
f 1781 1777 625
f 1781 625 627
f 1789 1785 626
f 1789 626 629
f 1853 1793 628
f 1853 628 699
f 1805 1801 630
f 1805 630 633
f 1797 1853 699
f 1797 699 631
f 1825 1857 717
f 1825 717 638
f 1817 1813 634
f 1817 634 636
f 1857 1821 635
f 1857 635 717
f 364 365 1828
f 364 1828 1829
f 365 716 1860
f 365 1860 1828
f 716 497 1824
f 716 1824 1860
f 497 498 1820
f 497 1820 1824
f 498 558 1816
f 498 1816 1820
f 558 356 1812
f 558 1812 1816
f 356 357 1808
f 356 1808 1812
f 357 377 1804
f 357 1804 1808
f 377 378 1800
f 377 1800 1804
f 378 701 1856
f 378 1856 1800
f 701 538 1796
f 701 1796 1856
f 538 539 1792
f 538 1792 1796
f 539 472 1788
f 539 1788 1792
f 472 473 1784
f 472 1784 1788
f 473 369 1780
f 473 1780 1784
f 369 370 1776
f 369 1776 1780
f 370 526 1772
f 370 1772 1776
f 526 689 1852
f 526 1852 1772
f 689 465 1768
f 689 1768 1852
f 465 466 1764
f 465 1764 1768
f 466 536 1760
f 466 1760 1764
f 536 679 1848
f 536 1848 1760
f 679 373 1756
f 679 1756 1848
f 373 374 1752
f 373 1752 1756
f 374 643 1840
f 374 1840 1752
f 643 644 1836
f 643 1836 1840
f 644 329 1748
f 644 1748 1836
f 329 330 1744
f 329 1744 1748
f 330 675 1844
f 330 1844 1744
f 1841 1861 1198
f 1841 1198 676
f 1199 1868 1832
f 1199 1832 637
f 1829 1865 1148
f 1829 1148 364
f 675 1163 1864
f 675 1864 1844
f 1418 1876 1869
f 1418 1869 1417
f 1501 1884 1877
f 1501 1877 1500
f 1873 1470 1467
f 1873 1467 1872
f 1881 1300 1297
f 1881 1297 1880
f 1163 1591 1885
f 1163 1885 1864
f 1591 1300 1881
f 1591 1881 1885
f 1418 1654 1889
f 1418 1889 1876
f 1654 1148 1865
f 1654 1865 1889
f 1873 1892 1682
f 1873 1682 1470
f 1892 1868 1199
f 1892 1199 1682
f 1501 1704 1888
f 1501 1888 1884
f 1704 1198 1861
f 1704 1861 1888
f 1743 1744 1844
f 1743 1844 1843
f 1741 1742 1842
f 1741 1842 1841
f 1906 1905 1907
f 1906 1907 1908
f 1744 1743 1747
f 1744 1747 1748
f 1905 1906 1909
f 1905 1909 1910
f 1742 1741 1745
f 1742 1745 1746
f 1751 1752 1840
f 1751 1840 1839
f 1749 1750 1838
f 1749 1838 1837
f 1912 1911 1913
f 1912 1913 1914
f 1752 1751 1755
f 1752 1755 1756
f 1911 1912 1915
f 1911 1915 1916
f 1750 1749 1753
f 1750 1753 1754
f 1759 1760 1848
f 1759 1848 1847
f 1757 1758 1846
f 1757 1846 1845
f 1918 1917 1919
f 1918 1919 1920
f 1760 1759 1763
f 1760 1763 1764
f 1917 1918 1921
f 1917 1921 1922
f 1758 1757 1761
f 1758 1761 1762
f 1764 1763 1767
f 1764 1767 1768
f 1922 1921 1923
f 1922 1923 1924
f 1762 1761 1765
f 1762 1765 1766
f 1771 1772 1852
f 1771 1852 1851
f 1769 1770 1850
f 1769 1850 1849
f 1926 1925 1927
f 1926 1927 1928
f 1772 1771 1775
f 1772 1775 1776
f 1925 1926 1929
f 1925 1929 1930
f 1770 1769 1773
f 1770 1773 1774
f 1776 1775 1779
f 1776 1779 1780
f 1930 1929 1931
f 1930 1931 1932
f 1774 1773 1777
f 1774 1777 1778
f 1780 1779 1783
f 1780 1783 1784
f 1932 1931 1933
f 1932 1933 1934
f 1778 1777 1781
f 1778 1781 1782
f 1784 1783 1787
f 1784 1787 1788
f 1934 1933 1935
f 1934 1935 1936
f 1782 1781 1785
f 1782 1785 1786
f 1788 1787 1791
f 1788 1791 1792
f 1936 1935 1937
f 1936 1937 1938
f 1786 1785 1789
f 1786 1789 1790
f 1792 1791 1795
f 1792 1795 1796
f 1938 1937 1939
f 1938 1939 1940
f 1790 1789 1793
f 1790 1793 1794
f 1799 1800 1856
f 1799 1856 1855
f 1797 1798 1854
f 1797 1854 1853
f 1942 1941 1943
f 1942 1943 1944
f 1800 1799 1803
f 1800 1803 1804
f 1941 1942 1945
f 1941 1945 1946
f 1798 1797 1801
f 1798 1801 1802
f 1804 1803 1807
f 1804 1807 1808
f 1946 1945 1947
f 1946 1947 1948
f 1802 1801 1805
f 1802 1805 1806
f 1808 1807 1811
f 1808 1811 1812
f 1948 1947 1949
f 1948 1949 1950
f 1806 1805 1809
f 1806 1809 1810
f 1812 1811 1815
f 1812 1815 1816
f 1950 1949 1951
f 1950 1951 1952
f 1810 1809 1813
f 1810 1813 1814
f 1816 1815 1819
f 1816 1819 1820
f 1952 1951 1953
f 1952 1953 1954
f 1814 1813 1817
f 1814 1817 1818
f 1820 1819 1823
f 1820 1823 1824
f 1954 1953 1955
f 1954 1955 1956
f 1818 1817 1821
f 1818 1821 1822
f 1827 1828 1860
f 1827 1860 1859
f 1825 1826 1858
f 1825 1858 1857
f 1894 1893 1957
f 1894 1957 1958
f 1831 1832 1868
f 1831 1868 1867
f 1829 1830 1866
f 1829 1866 1865
f 1896 1895 1959
f 1896 1959 1960
f 1748 1747 1835
f 1748 1835 1836
f 1910 1909 1961
f 1910 1961 1962
f 1746 1745 1833
f 1746 1833 1834
f 1836 1835 1839
f 1836 1839 1840
f 1962 1961 1914
f 1962 1914 1913
f 1834 1833 1837
f 1834 1837 1838
f 1843 1844 1864
f 1843 1864 1863
f 1841 1842 1862
f 1841 1862 1861
f 1908 1907 1963
f 1908 1963 1964
f 1756 1755 1847
f 1756 1847 1848
f 1916 1915 1920
f 1916 1920 1919
f 1754 1753 1845
f 1754 1845 1846
f 1768 1767 1851
f 1768 1851 1852
f 1924 1923 1928
f 1924 1928 1927
f 1766 1765 1849
f 1766 1849 1850
f 1796 1795 1855
f 1796 1855 1856
f 1940 1939 1944
f 1940 1944 1943
f 1794 1793 1853
f 1794 1853 1854
f 1824 1823 1859
f 1824 1859 1860
f 1956 1955 1958
f 1956 1958 1957
f 1822 1821 1857
f 1822 1857 1858
f 1867 1868 1892
f 1867 1892 1891
f 1865 1866 1890
f 1865 1890 1889
f 1960 1959 1965
f 1960 1965 1966
f 1883 1884 1888
f 1883 1888 1887
f 1881 1882 1886
f 1881 1886 1885
f 1904 1903 1967
f 1904 1967 1968
f 1861 1862 1887
f 1861 1887 1888
f 1964 1963 1968
f 1964 1968 1967
f 1863 1864 1885
f 1863 1885 1886
f 1873 1874 1891
f 1873 1891 1892
f 1900 1899 1966
f 1900 1966 1965
f 1875 1876 1889
f 1875 1889 1890
f 1826 1831 1895
f 1826 1895 1894
f 1830 1827 1893
f 1830 1893 1896
f 1871 1870 1898
f 1871 1898 1897
f 1870 1875 1899
f 1870 1899 1898
f 1874 1871 1897
f 1874 1897 1900
f 1879 1878 1902
f 1879 1902 1901
f 1878 1883 1903
f 1878 1903 1902
f 1882 1879 1901
f 1882 1901 1904
f 1743 1843 1907
f 1743 1907 1905
f 1842 1742 1906
f 1842 1906 1908
f 1742 1746 1909
f 1742 1909 1906
f 1747 1743 1905
f 1747 1905 1910
f 1751 1839 1913
f 1751 1913 1911
f 1838 1750 1912
f 1838 1912 1914
f 1750 1754 1915
f 1750 1915 1912
f 1755 1751 1911
f 1755 1911 1916
f 1759 1847 1919
f 1759 1919 1917
f 1846 1758 1918
f 1846 1918 1920
f 1758 1762 1921
f 1758 1921 1918
f 1763 1759 1917
f 1763 1917 1922
f 1762 1766 1923
f 1762 1923 1921
f 1767 1763 1922
f 1767 1922 1924
f 1771 1851 1927
f 1771 1927 1925
f 1850 1770 1926
f 1850 1926 1928
f 1770 1774 1929
f 1770 1929 1926
f 1775 1771 1925
f 1775 1925 1930
f 1774 1778 1931
f 1774 1931 1929
f 1779 1775 1930
f 1779 1930 1932
f 1778 1782 1933
f 1778 1933 1931
f 1783 1779 1932
f 1783 1932 1934
f 1782 1786 1935
f 1782 1935 1933
f 1787 1783 1934
f 1787 1934 1936
f 1786 1790 1937
f 1786 1937 1935
f 1791 1787 1936
f 1791 1936 1938
f 1790 1794 1939
f 1790 1939 1937
f 1795 1791 1938
f 1795 1938 1940
f 1799 1855 1943
f 1799 1943 1941
f 1854 1798 1942
f 1854 1942 1944
f 1798 1802 1945
f 1798 1945 1942
f 1803 1799 1941
f 1803 1941 1946
f 1802 1806 1947
f 1802 1947 1945
f 1807 1803 1946
f 1807 1946 1948
f 1806 1810 1949
f 1806 1949 1947
f 1811 1807 1948
f 1811 1948 1950
f 1810 1814 1951
f 1810 1951 1949
f 1815 1811 1950
f 1815 1950 1952
f 1814 1818 1953
f 1814 1953 1951
f 1819 1815 1952
f 1819 1952 1954
f 1818 1822 1955
f 1818 1955 1953
f 1823 1819 1954
f 1823 1954 1956
f 1827 1859 1957
f 1827 1957 1893
f 1858 1826 1894
f 1858 1894 1958
f 1831 1867 1959
f 1831 1959 1895
f 1866 1830 1896
f 1866 1896 1960
f 1746 1834 1961
f 1746 1961 1909
f 1835 1747 1910
f 1835 1910 1962
f 1834 1838 1914
f 1834 1914 1961
f 1839 1835 1962
f 1839 1962 1913
f 1843 1863 1963
f 1843 1963 1907
f 1862 1842 1908
f 1862 1908 1964
f 1754 1846 1920
f 1754 1920 1915
f 1847 1755 1916
f 1847 1916 1919
f 1766 1850 1928
f 1766 1928 1923
f 1851 1767 1924
f 1851 1924 1927
f 1794 1854 1944
f 1794 1944 1939
f 1855 1795 1940
f 1855 1940 1943
f 1822 1858 1958
f 1822 1958 1955
f 1859 1823 1956
f 1859 1956 1957
f 1867 1891 1965
f 1867 1965 1959
f 1890 1866 1960
f 1890 1960 1966
f 1883 1887 1967
f 1883 1967 1903
f 1886 1882 1904
f 1886 1904 1968
f 1863 1886 1968
f 1863 1968 1963
f 1887 1862 1964
f 1887 1964 1967
f 1875 1890 1966
f 1875 1966 1899
f 1891 1874 1900
f 1891 1900 1965
f 97 1 42
f 97 42 96
f 3 89 90
f 3 90 2
f 91 92 5
f 91 5 4
f 94 95 7
f 94 7 6
f 90 91 4
f 90 4 2
f 92 93 8
f 92 8 5
f 93 94 6
f 93 6 8
f 98 9 1
f 98 1 97
f 98 99 10
f 98 10 9
f 15 14 13
f 15 13 12
f 14 17 16
f 14 16 13
f 17 19 18
f 17 18 16
f 19 21 20
f 19 20 18
f 21 23 22
f 21 22 20
f 25 15 12
f 25 12 24
f 27 25 24
f 27 24 26
f 23 29 28
f 23 28 22
f 29 31 30
f 29 30 28
f 32 33 25
f 32 25 27
f 33 34 15
f 33 15 25
f 34 35 14
f 34 14 15
f 35 36 17
f 35 17 14
f 36 37 19
f 36 19 17
f 37 38 21
f 37 21 19
f 38 39 23
f 38 23 21
f 39 40 29
f 39 29 23
f 40 41 31
f 40 31 29
f 99 100 11
f 99 11 10
f 95 96 42
f 95 42 7
f 44 43 32
f 44 32 27
f 45 44 27
f 45 27 26
f 297 298 38
f 297 38 37
f 36 296 297
f 36 297 37
f 295 296 36
f 295 36 35
f 294 295 35
f 294 35 34
f 33 293 294
f 33 294 34
f 292 293 33
f 292 33 32
f 43 291 292
f 43 292 32
f 313 54 53
f 313 53 291
f 56 55 314
f 56 314 315
f 57 56 315
f 57 315 316
f 31 321 322
f 31 322 30
f 320 321 31
f 320 31 41
f 60 320 325
f 60 325 61
f 300 301 41
f 300 41 40
f 39 299 300
f 39 300 40
f 38 298 299
f 38 299 39
f 66 65 77
f 66 77 78
f 78 79 67
f 78 67 66
f 79 80 68
f 79 68 67
f 80 81 69
f 80 69 68
f 81 82 70
f 81 70 69
f 82 83 71
f 82 71 70
f 83 84 72
f 83 72 71
f 85 73 72
f 85 72 84
f 86 74 73
f 86 73 85
f 86 87 75
f 86 75 74
f 87 88 76
f 87 76 75
f 78 77 101
f 78 101 102
f 102 103 79
f 102 79 78
f 103 104 80
f 103 80 79
f 104 105 81
f 104 81 80
f 105 106 82
f 105 82 81
f 106 107 83
f 106 83 82
f 107 108 84
f 107 84 83
f 109 85 84
f 109 84 108
f 110 86 85
f 110 85 109
f 110 111 87
f 110 87 86
f 111 112 88
f 111 88 87
f 90 89 65
f 90 65 66
f 66 67 91
f 66 91 90
f 67 68 92
f 67 92 91
f 68 69 93
f 68 93 92
f 69 70 94
f 69 94 93
f 70 71 95
f 70 95 94
f 71 72 96
f 71 96 95
f 73 97 96
f 73 96 72
f 74 98 97
f 74 97 73
f 74 75 99
f 74 99 98
f 75 76 100
f 75 100 99
f 102 101 46
f 102 46 47
f 48 103 102
f 48 102 47
f 104 103 48
f 104 48 49
f 105 104 49
f 105 49 50
f 51 106 105
f 51 105 50
f 107 106 51
f 107 51 52
f 53 108 107
f 53 107 52
f 53 54 109
f 53 109 108
f 54 55 110
f 54 110 109
f 111 110 55
f 111 55 56
f 112 111 56
f 112 56 57
f 143 113 193
f 143 193 192
f 115 114 186
f 115 186 185
f 187 116 117
f 187 117 188
f 190 118 119
f 190 119 191
f 186 114 116
f 186 116 187
f 188 117 120
f 188 120 189
f 189 120 118
f 189 118 190
f 193 113 121
f 193 121 194
f 194 121 122
f 194 122 195
f 124 12 13
f 124 13 123
f 123 13 16
f 123 16 125
f 125 16 18
f 125 18 126
f 126 18 20
f 126 20 127
f 127 20 22
f 127 22 128
f 129 24 12
f 129 12 124
f 130 26 24
f 130 24 129
f 57 316 317
f 57 317 156
f 128 22 28
f 128 28 131
f 131 28 30
f 131 30 132
f 317 318 155
f 317 155 156
f 133 130 129
f 133 129 134
f 134 129 124
f 134 124 135
f 135 124 123
f 135 123 136
f 136 123 125
f 136 125 137
f 137 125 126
f 137 126 138
f 138 126 127
f 138 127 139
f 139 127 128
f 139 128 140
f 140 128 131
f 140 131 141
f 141 131 132
f 141 132 142
f 311 312 160
f 311 160 161
f 195 122 11
f 195 11 100
f 132 30 322
f 132 322 323
f 142 132 323
f 142 323 324
f 308 309 146
f 308 146 147
f 307 308 147
f 307 147 148
f 306 307 148
f 306 148 149
f 305 306 149
f 305 149 150
f 304 305 150
f 304 150 151
f 303 304 151
f 303 151 152
f 326 312 142
f 326 142 324
f 310 311 161
f 310 161 162
f 309 310 162
f 309 162 146
f 191 119 143
f 191 143 192
f 302 303 152
f 302 152 153
f 145 130 133
f 145 133 144
f 45 26 130
f 45 130 145
f 319 154 155
f 319 155 318
f 147 146 196
f 147 196 197
f 148 147 197
f 148 197 198
f 149 148 198
f 149 198 199
f 150 149 199
f 150 199 200
f 151 150 200
f 151 200 201
f 152 151 201
f 152 201 202
f 153 152 202
f 153 202 203
f 204 154 153
f 204 153 203
f 155 154 204
f 155 204 205
f 156 155 205
f 156 205 206
f 112 57 156
f 112 156 206
f 157 58 240
f 157 240 261
f 158 157 261
f 158 261 264
f 273 159 158
f 273 158 264
f 160 159 273
f 160 273 267
f 161 160 267
f 161 267 270
f 162 161 270
f 162 270 276
f 146 162 276
f 146 276 196
f 164 175 174
f 164 174 163
f 175 164 165
f 175 165 176
f 176 165 166
f 176 166 177
f 177 166 167
f 177 167 178
f 178 167 168
f 178 168 179
f 179 168 169
f 179 169 180
f 180 169 170
f 180 170 181
f 171 182 181
f 171 181 170
f 182 171 172
f 182 172 183
f 183 172 173
f 183 173 184
f 184 173 76
f 184 76 88
f 175 197 196
f 175 196 174
f 197 175 176
f 197 176 198
f 198 176 177
f 198 177 199
f 199 177 178
f 199 178 200
f 200 178 179
f 200 179 201
f 201 179 180
f 201 180 202
f 202 180 181
f 202 181 203
f 182 204 203
f 182 203 181
f 204 182 183
f 204 183 205
f 205 183 184
f 205 184 206
f 206 184 88
f 206 88 112
f 186 164 163
f 186 163 185
f 164 186 187
f 164 187 165
f 165 187 188
f 165 188 166
f 166 188 189
f 166 189 167
f 167 189 190
f 167 190 168
f 168 190 191
f 168 191 169
f 169 191 192
f 169 192 170
f 193 171 170
f 193 170 192
f 171 193 194
f 171 194 172
f 172 194 195
f 172 195 173
f 173 195 100
f 173 100 76
f 257 256 259
f 257 259 258
f 256 255 260
f 256 260 259
f 60 231 228
f 60 228 59
f 63 237 234
f 63 234 62
f 59 228 240
f 59 240 58
f 231 60 61
f 231 61 243
f 62 234 243
f 62 243 61
f 64 246 237
f 64 237 63
f 46 101 246
f 46 246 64
f 246 101 77
f 246 77 249
f 255 89 3
f 255 3 260
f 249 77 65
f 249 65 252
f 252 65 89
f 252 89 255
f 276 279 174
f 276 174 196
f 285 282 115
f 285 115 185
f 279 288 163
f 279 163 174
f 288 285 185
f 288 185 163
f 230 233 207
f 230 207 208
f 236 239 209
f 236 209 210
f 242 230 208
f 242 208 211
f 212 207 233
f 212 233 245
f 245 236 210
f 245 210 212
f 239 248 213
f 239 213 209
f 248 251 214
f 248 214 213
f 251 254 215
f 251 215 214
f 254 257 216
f 254 216 215
f 257 258 217
f 257 217 216
f 266 263 219
f 266 219 218
f 272 269 221
f 272 221 220
f 263 242 211
f 263 211 219
f 218 222 275
f 218 275 266
f 269 275 222
f 269 222 221
f 278 272 220
f 278 220 223
f 281 278 223
f 281 223 224
f 284 287 225
f 284 225 226
f 290 281 224
f 290 224 227
f 287 290 227
f 287 227 225
f 228 229 241
f 228 241 240
f 229 230 242
f 229 242 241
f 230 229 232
f 230 232 233
f 229 228 231
f 229 231 232
f 234 235 244
f 234 244 243
f 235 236 245
f 235 245 244
f 236 235 238
f 236 238 239
f 235 234 237
f 235 237 238
f 240 241 262
f 240 262 261
f 241 242 263
f 241 263 262
f 233 232 244
f 233 244 245
f 232 231 243
f 232 243 244
f 239 238 247
f 239 247 248
f 238 237 246
f 238 246 247
f 248 247 250
f 248 250 251
f 247 246 249
f 247 249 250
f 251 250 253
f 251 253 254
f 250 249 252
f 250 252 253
f 254 253 256
f 254 256 257
f 253 252 255
f 253 255 256
f 261 262 265
f 261 265 264
f 262 263 266
f 262 266 265
f 274 273 264
f 274 264 265
f 275 274 265
f 275 265 266
f 267 268 271
f 267 271 270
f 268 269 272
f 268 272 271
f 270 271 277
f 270 277 276
f 271 272 278
f 271 278 277
f 269 268 274
f 269 274 275
f 268 267 273
f 268 273 274
f 276 277 280
f 276 280 279
f 277 278 281
f 277 281 280
f 279 280 289
f 279 289 288
f 280 281 290
f 280 290 289
f 284 283 286
f 284 286 287
f 283 282 285
f 283 285 286
f 287 286 289
f 287 289 290
f 286 285 288
f 286 288 289
f 292 291 53
f 292 53 52
f 52 51 293
f 52 293 292
f 294 293 51
f 294 51 50
f 50 49 295
f 50 295 294
f 49 48 296
f 49 296 295
f 297 296 48
f 297 48 47
f 47 46 298
f 47 298 297
f 299 298 46
f 299 46 64
f 300 299 64
f 300 64 63
f 63 62 301
f 63 301 300
f 144 133 303
f 144 303 302
f 133 134 304
f 133 304 303
f 134 135 305
f 134 305 304
f 135 136 306
f 135 306 305
f 136 137 307
f 136 307 306
f 137 138 308
f 137 308 307
f 138 139 309
f 138 309 308
f 139 140 310
f 139 310 309
f 140 141 311
f 140 311 310
f 141 142 312
f 141 312 311
f 314 313 291
f 314 291 43
f 315 314 43
f 315 43 44
f 316 315 44
f 316 44 45
f 317 316 45
f 317 45 145
f 145 144 318
f 145 318 317
f 302 319 318
f 302 318 144
f 313 314 55
f 313 55 54
f 154 319 302
f 154 302 153
f 60 59 321
f 60 321 320
f 322 321 59
f 322 59 58
f 323 322 58
f 323 58 157
f 324 323 157
f 324 157 158
f 61 325 301
f 61 301 62
f 159 326 324
f 159 324 158
f 301 325 320
f 301 320 41
f 159 160 312
f 159 312 326
